{
"type": "FeatureCollection",
"name": "full_kmc_dense_drainage",
"crs": { "type": "name", "properties": { "name": "urn:ogc:def:crs:OGC:1.3:CRS84" } },
"features": [
{"type":"Feature","properties":{"pipe_id":"P_0001","road_name":"Hospital Road","diameter_mm":900,"depth_m":-3.5},"geometry":{"type":"LineString","coordinates":[[88.33926,22.5405465],[88.3392971,22.5406742],[88.3393707,22.5407757],[88.3394437,22.5408393]]}},
{"type":"Feature","properties":{"pipe_id":"P_0002","road_name":"Sambhunath Pandit Street","diameter_mm":600,"depth_m":-2.2},"geometry":{"type":"LineString","coordinates":[[88.3398816,22.5375384],[88.3400224,22.5375268],[88.3402437,22.5375086],[88.3405331,22.5374875],[88.3406124,22.5374752],[88.3408314,22.5374554],[88.3412559,22.5374999],[88.3415527,22.5375087],[88.3416631,22.5374999],[88.3416798,22.5374988],[88.3419752,22.5374794],[88.3426323,22.5375937],[88.3428749,22.5376458],[88.3434404,22.5377254],[88.3435038,22.537747],[88.343872,22.5378723],[88.3442888,22.5380192],[88.3443985,22.5380378],[88.3449096,22.5380825],[88.3453066,22.538113]]}},
{"type":"Feature","properties":{"pipe_id":"P_0003","road_name":"Debendra Lal Khan Road","diameter_mm":900,"depth_m":-3.5},"geometry":{"type":"LineString","coordinates":[[88.3379522,22.5337407],[88.3380268,22.5337925],[88.3382211,22.5339432],[88.3382945,22.534061],[88.3383824,22.534202],[88.3384036,22.5342455],[88.3385105,22.5345394],[88.3385757,22.5347173],[88.3386643,22.5349045],[88.3388843,22.5355587],[88.3389969,22.5359163],[88.3390775,22.5361388],[88.3392201,22.5365304],[88.3393939,22.5371006],[88.3394488,22.5372091],[88.3395136,22.5373993],[88.3395277,22.5374373],[88.3395967,22.5376227],[88.3396107,22.5377456],[88.3396221,22.5378748],[88.3396436,22.5379402],[88.3396375,22.5380644],[88.3395982,22.5382272],[88.3395378,22.5386591],[88.3395278,22.5387072],[88.3394903,22.5388882],[88.3393096,22.5398252],[88.3392818,22.5404157]]}},
{"type":"Feature","properties":{"pipe_id":"P_0004","road_name":"Reformatry Road","diameter_mm":900,"depth_m":-3.5},"geometry":{"type":"LineString","coordinates":[[88.3349989,22.5336336],[88.335154,22.5335004],[88.3354553,22.5332829],[88.335855,22.5330878],[88.3359256,22.5330533],[88.3363437,22.5328898]]}},
{"type":"Feature","properties":{"pipe_id":"P_0005","road_name":"Belvedere Road","diameter_mm":900,"depth_m":-3.5},"geometry":{"type":"LineString","coordinates":[[88.3318907,22.5330217],[88.3319173,22.5333688],[88.3319781,22.5338112],[88.3320518,22.5340053],[88.3321405,22.5341175],[88.3322479,22.5342231],[88.332381,22.5343159],[88.3326052,22.5344172],[88.3328457,22.5345337],[88.3329881,22.5346631],[88.3331056,22.5347928]]}},
{"type":"Feature","properties":{"pipe_id":"P_0006","road_name":"Vidyasagar Flyover","diameter_mm":900,"depth_m":-3.5},"geometry":{"type":"LineString","coordinates":[[88.331698,22.5422422],[88.3313503,22.5424266],[88.3310375,22.5425922],[88.3307193,22.5427895],[88.3303918,22.5430519],[88.3300652,22.5434052],[88.3298522,22.5437871],[88.3297712,22.5439947],[88.3296878,22.5443994],[88.3296548,22.5446993],[88.3296516,22.5449533],[88.329661,22.5451792],[88.3298817,22.5464353],[88.3299973,22.5473676],[88.3300681,22.5476487],[88.3301832,22.5479472],[88.3303256,22.5481833],[88.3305662,22.5485902],[88.3308067,22.548997],[88.3310517,22.5493511],[88.3315099,22.5500868],[88.3319469,22.5508633]]}},
{"type":"Feature","properties":{"pipe_id":"P_0007","road_name":"Alipore Road","diameter_mm":900,"depth_m":-3.5},"geometry":{"type":"LineString","coordinates":[[88.3319955,22.5330038],[88.3319508,22.5317496],[88.3318848,22.531101],[88.3318428,22.5306888],[88.3318189,22.5305232],[88.3318098,22.5304596],[88.3317517,22.5300652],[88.331699,22.5295617],[88.3316848,22.529465],[88.331658,22.5292821],[88.3315137,22.5282972],[88.3314086,22.5277101],[88.3313643,22.5275415]]}},
{"type":"Feature","properties":{"pipe_id":"P_0008","road_name":"Sterndale Road","diameter_mm":300,"depth_m":-2.2},"geometry":{"type":"LineString","coordinates":[[88.3297962,22.5331024],[88.3300524,22.5330897],[88.3304884,22.5330681],[88.3310631,22.5330436],[88.3311831,22.5330363],[88.3314097,22.5330225],[88.3318907,22.5330217]]}},
{"type":"Feature","properties":{"pipe_id":"P_0009","road_name":"Sterndale Road","diameter_mm":300,"depth_m":-2.2},"geometry":{"type":"LineString","coordinates":[[88.3291561,22.5331442],[88.3287478,22.5331854],[88.328613,22.5331972],[88.328123,22.5332484],[88.3279336,22.5332629],[88.3277905,22.5332739],[88.3275195,22.5333182],[88.3272105,22.5334092]]}},
{"type":"Feature","properties":{"pipe_id":"P_0010","road_name":"Majherhat Flyover","diameter_mm":900,"depth_m":-3.5},"geometry":{"type":"LineString","coordinates":[[88.323364,22.516967],[88.3232552,22.5164776]]}},
{"type":"Feature","properties":{"pipe_id":"P_0011","road_name":"Majherhat Flyover","diameter_mm":900,"depth_m":-3.5},"geometry":{"type":"LineString","coordinates":[[88.3244089,22.5212262],[88.324304,22.5208004],[88.3240273,22.5196998]]}},
{"type":"Feature","properties":{"pipe_id":"P_0012","road_name":"Taratala Flyover","diameter_mm":900,"depth_m":-3.5},"geometry":{"type":"LineString","coordinates":[[88.3228531,22.5148366],[88.3223798,22.5131675],[88.3221319,22.512444],[88.3221013,22.5123601],[88.3218847,22.5117726],[88.3214453,22.5104404]]}},
{"type":"Feature","properties":{"pipe_id":"P_0013","road_name":"Taratala Flyover","diameter_mm":900,"depth_m":-3.5},"geometry":{"type":"LineString","coordinates":[[88.3213814,22.5105539],[88.3220232,22.5123822],[88.3220514,22.5124593],[88.3223306,22.513216],[88.3227851,22.5148977]]}},
{"type":"Feature","properties":{"pipe_id":"P_0014","road_name":"Diamond Harbour Road","diameter_mm":900,"depth_m":-3.5},"geometry":{"type":"LineString","coordinates":[[88.3245221,22.5219608],[88.324556,22.5220796]]}},
{"type":"Feature","properties":{"pipe_id":"P_0015","road_name":"Alipore Park Road","diameter_mm":300,"depth_m":-2.2},"geometry":{"type":"LineString","coordinates":[[88.3303431,22.5221466],[88.3302486,22.5213717],[88.3302218,22.5210781],[88.3300659,22.5202963],[88.3300607,22.5202702],[88.3300612,22.5201444],[88.3300853,22.5199745],[88.3301065,22.5197644],[88.3301485,22.5194088],[88.3301565,22.5193279],[88.3301509,22.5191541],[88.330127,22.5189697],[88.3300642,22.5186816],[88.3300519,22.5186253],[88.3299869,22.518293],[88.3299591,22.5181],[88.3298983,22.5178024],[88.3298045,22.5175472],[88.3297931,22.517518],[88.3296791,22.5172254],[88.3295875,22.5170847],[88.3295355,22.51697],[88.3294567,22.5168507],[88.3292519,22.5165568],[88.3290466,22.5163175],[88.3289381,22.5161948],[88.3288597,22.5160985],[88.3287781,22.5159951]]}},
{"type":"Feature","properties":{"pipe_id":"P_0016","road_name":"Alipore Road","diameter_mm":900,"depth_m":-3.5},"geometry":{"type":"LineString","coordinates":[[88.3304713,22.5222085],[88.3312824,22.522073],[88.3313021,22.5220682],[88.3313419,22.5220615],[88.3318106,22.5219824],[88.3324655,22.5215554],[88.3327226,22.5213878],[88.3331147,22.5209416],[88.3331783,22.5208692],[88.3333234,22.520704],[88.3333727,22.520613],[88.3335487,22.5202877],[88.3335471,22.5198551]]}},
{"type":"Feature","properties":{"pipe_id":"P_0017","road_name":"Burdwan Road","diameter_mm":900,"depth_m":-3.5},"geometry":{"type":"LineString","coordinates":[[88.3302999,22.522171],[88.3294422,22.5222285],[88.3291974,22.5222449],[88.3291714,22.5222466],[88.3291432,22.5222484],[88.3291177,22.52225],[88.3287958,22.522141],[88.3285388,22.5220434],[88.3284129,22.5220276],[88.32838,22.5220235],[88.3282594,22.5220221],[88.3280258,22.5220748],[88.3278977,22.5221037],[88.3278454,22.5221155],[88.3273511,22.5222271],[88.3271702,22.5222692],[88.32641,22.5224461],[88.3262133,22.5224698],[88.3259842,22.5224674],[88.3258298,22.5223863],[88.3257086,22.5222668],[88.3255793,22.5221169],[88.3254439,22.521972],[88.3254034,22.5219446],[88.3253635,22.5219177],[88.3252496,22.5218985],[88.3248405,22.5219295],[88.324572,22.5219499]]}},
{"type":"Feature","properties":{"pipe_id":"P_0018","road_name":"Diamond Harbour Road","diameter_mm":900,"depth_m":-3.5},"geometry":{"type":"LineString","coordinates":[[88.3259859,22.5413719],[88.3259966,22.5413604],[88.326078,22.5412551],[88.3260811,22.5412511],[88.3268246,22.5402876],[88.3273171,22.5396663],[88.3274259,22.5391158],[88.3274619,22.5381159],[88.3274691,22.5379143],[88.3274586,22.5352093],[88.3272105,22.5334092]]}},
{"type":"Feature","properties":{"pipe_id":"P_0019","road_name":"Raja Santosh Road","diameter_mm":900,"depth_m":-3.5},"geometry":{"type":"LineString","coordinates":[[88.324159,22.5195737],[88.3242432,22.5195236],[88.3242451,22.5195225],[88.3253465,22.5188667],[88.3258776,22.5185335],[88.3260878,22.5184829],[88.3263736,22.5184176],[88.3265058,22.5183799],[88.3270006,22.5182596],[88.3274823,22.5181296],[88.3278404,22.5180505],[88.3280261,22.518036],[88.3282152,22.5180342],[88.3286173,22.5180468],[88.3291957,22.5180604],[88.3292843,22.5180628],[88.3295993,22.518087],[88.3299591,22.5181]]}},
{"type":"Feature","properties":{"pipe_id":"P_0020","road_name":"Shapur Sarani","diameter_mm":600,"depth_m":-2.2},"geometry":{"type":"LineString","coordinates":[[88.3224614,22.5132063],[88.3229309,22.5131509],[88.3236413,22.5130743],[88.3237233,22.5130655],[88.3240356,22.5130248],[88.3258784,22.5127704],[88.3261339,22.5127485],[88.3280877,22.512468],[88.3284713,22.5123835],[88.3288932,22.5122905]]}},
{"type":"Feature","properties":{"pipe_id":"P_0021","road_name":"Acharya Jagadish Chandra Bose Road","diameter_mm":900,"depth_m":-3.5},"geometry":{"type":"LineString","coordinates":[[88.3406801,22.5407978],[88.3394435,22.5404599],[88.339375,22.5404412]]}},
{"type":"Feature","properties":{"pipe_id":"P_0022","road_name":"Judges Court Road","diameter_mm":900,"depth_m":-3.5},"geometry":{"type":"LineString","coordinates":[[88.3258837,22.5271246],[88.3263409,22.5270607]]}},
{"type":"Feature","properties":{"pipe_id":"P_0023","road_name":"Unnamed Street","diameter_mm":300,"depth_m":-2.2},"geometry":{"type":"LineString","coordinates":[[88.3221221,22.5188789],[88.3223865,22.5194231]]}},
{"type":"Feature","properties":{"pipe_id":"P_0024","road_name":"Unnamed Street","diameter_mm":300,"depth_m":-2.2},"geometry":{"type":"LineString","coordinates":[[88.34281,22.5454427],[88.3425042,22.5454921],[88.3418332,22.5456004],[88.3417322,22.5450592],[88.3416131,22.5444211],[88.3421753,22.5443301],[88.342257,22.5442052],[88.3423131,22.5441728],[88.3423858,22.5441308],[88.342511,22.5441318],[88.3426701,22.5442052],[88.3427079,22.5442439],[88.3432302,22.5441594],[88.3433476,22.5447864],[88.343439,22.5453412],[88.34281,22.5454427]]}},
{"type":"Feature","properties":{"pipe_id":"P_0025","road_name":"Hospital Road","diameter_mm":900,"depth_m":-3.5},"geometry":{"type":"LineString","coordinates":[[88.3407892,22.5470642],[88.3407826,22.5470045],[88.3407802,22.5469831],[88.3407525,22.5465078],[88.340736,22.5459729],[88.3407314,22.5449874],[88.3406126,22.5424169]]}},
{"type":"Feature","properties":{"pipe_id":"P_0026","road_name":"Unnamed Street","diameter_mm":300,"depth_m":-2.2},"geometry":{"type":"LineString","coordinates":[[88.3419345,22.5420683],[88.3420769,22.54286],[88.3423131,22.5441728]]}},
{"type":"Feature","properties":{"pipe_id":"P_0027","road_name":"Unnamed Street","diameter_mm":300,"depth_m":-2.2},"geometry":{"type":"LineString","coordinates":[[88.3420343,22.542052],[88.3420274,22.5420056],[88.3419921,22.541769],[88.3419229,22.5414205],[88.3418785,22.5412264]]}},
{"type":"Feature","properties":{"pipe_id":"P_0028","road_name":"Hospital Lane","diameter_mm":300,"depth_m":-2.2},"geometry":{"type":"LineString","coordinates":[[88.3276587,22.543505],[88.3277839,22.5437418],[88.3280515,22.5443602],[88.3278815,22.5444457]]}},
{"type":"Feature","properties":{"pipe_id":"P_0029","road_name":"Vidyasagar Flyover Ramp","diameter_mm":300,"depth_m":-2.2},"geometry":{"type":"LineString","coordinates":[[88.3311002,22.5470948],[88.3312895,22.5468184],[88.3313387,22.5467465],[88.3314943,22.5465781],[88.3317062,22.5463849],[88.3318484,22.5462412],[88.3319342,22.5460975],[88.3320308,22.5458894],[88.3320522,22.5457606],[88.3320549,22.5456714],[88.3320468,22.5455352],[88.3320254,22.5454138],[88.3319369,22.5452132],[88.3318591,22.5450893],[88.3317277,22.5449407],[88.3315828,22.5448267],[88.3314997,22.5447821],[88.3311109,22.5445606]]}},
{"type":"Feature","properties":{"pipe_id":"P_0030","road_name":"Unnamed Street","diameter_mm":900,"depth_m":-3.5},"geometry":{"type":"LineString","coordinates":[[88.3295752,22.5437201],[88.3293924,22.5440299],[88.3293739,22.5440612],[88.3293005,22.5441859]]}},
{"type":"Feature","properties":{"pipe_id":"P_0031","road_name":"Vidyasagar Flyover Ramp","diameter_mm":900,"depth_m":-3.5},"geometry":{"type":"LineString","coordinates":[[88.3311109,22.5445606],[88.3306772,22.5442712],[88.3303963,22.5440723]]}},
{"type":"Feature","properties":{"pipe_id":"P_0032","road_name":"Strand Road","diameter_mm":900,"depth_m":-3.5},"geometry":{"type":"LineString","coordinates":[[88.3323038,22.5419199],[88.3312525,22.5423546],[88.3307008,22.5426644],[88.3302842,22.542942],[88.3302313,22.5429878],[88.3300741,22.5431241],[88.3298276,22.5433615],[88.3296732,22.5435394],[88.3296337,22.5436121]]}},
{"type":"Feature","properties":{"pipe_id":"P_0033","road_name":"Khalasitola Rd","diameter_mm":300,"depth_m":-2.2},"geometry":{"type":"LineString","coordinates":[[88.3275314,22.5436867],[88.327675,22.5439722],[88.3277356,22.5441239],[88.3278815,22.5444457],[88.3279003,22.5444775],[88.3279286,22.5445546],[88.3280398,22.5450087],[88.3281256,22.5453396],[88.328283,22.5459986],[88.3283174,22.5462069]]}},
{"type":"Feature","properties":{"pipe_id":"P_0034","road_name":"Personage Rd","diameter_mm":300,"depth_m":-2.2},"geometry":{"type":"LineString","coordinates":[[88.3268056,22.5448412],[88.3268668,22.5448256],[88.3270849,22.5447699],[88.3271266,22.544759],[88.3277105,22.5446066],[88.3278252,22.5445766],[88.3279286,22.5445546],[88.329129,22.5443067],[88.3292884,22.5442963]]}},
{"type":"Feature","properties":{"pipe_id":"P_0035","road_name":"St. George's Terace","diameter_mm":300,"depth_m":-2.2},"geometry":{"type":"LineString","coordinates":[[88.3280398,22.5450087],[88.3284849,22.5449382],[88.3290669,22.5448341],[88.3293386,22.5447905]]}},
{"type":"Feature","properties":{"pipe_id":"P_0036","road_name":"Shashtitala Road / Bisu Babu Lane","diameter_mm":300,"depth_m":-2.2},"geometry":{"type":"LineString","coordinates":[[88.3191269,22.5429179],[88.3188155,22.5429563],[88.3187058,22.5429962],[88.3186198,22.5431744],[88.3186037,22.5433701],[88.3186015,22.5434485],[88.318593,22.5437541],[88.3185957,22.5440712],[88.3186118,22.5442],[88.3186922,22.5444303],[88.3188183,22.5446185],[88.318998,22.5448043],[88.3191428,22.5449183],[88.3193038,22.5450174],[88.3194413,22.5450756],[88.3195961,22.5451412],[88.3196113,22.5451465]]}},
{"type":"Feature","properties":{"pipe_id":"P_0037","road_name":"Hospital Lane","diameter_mm":300,"depth_m":-2.2},"geometry":{"type":"LineString","coordinates":[[88.3278215,22.543274],[88.328045,22.543375],[88.3283132,22.5434419],[88.328409,22.5434671],[88.3286071,22.5435093]]}},
{"type":"Feature","properties":{"pipe_id":"P_0038","road_name":"Unnamed Street","diameter_mm":300,"depth_m":-2.2},"geometry":{"type":"LineString","coordinates":[[88.3271266,22.544759],[88.3270902,22.5446781],[88.3273342,22.5444328],[88.3274988,22.5442832],[88.3277356,22.5441239]]}},
{"type":"Feature","properties":{"pipe_id":"P_0039","road_name":"Canal Road","diameter_mm":300,"depth_m":-2.2},"geometry":{"type":"LineString","coordinates":[[88.3293005,22.5441859],[88.3291819,22.5440794],[88.3290579,22.5438924],[88.3290106,22.54365],[88.3289194,22.5434717],[88.3288095,22.5433305],[88.3286807,22.5432264],[88.3285654,22.5431694],[88.3283776,22.5431248],[88.3281657,22.5430926],[88.3280191,22.5431009],[88.3279164,22.5431398],[88.3278215,22.543274],[88.327734,22.5433975],[88.3276587,22.543505],[88.3275314,22.5436867],[88.3272788,22.5440472],[88.3269079,22.5445766],[88.3268056,22.5448412],[88.3267738,22.5449235],[88.3261361,22.5459709],[88.3260125,22.5461739],[88.3258779,22.5463949],[88.3258165,22.5464905],[88.3256855,22.5466876],[88.3252506,22.5473712],[88.3250518,22.5477227],[88.324966,22.5479704],[88.3249874,22.5482033],[88.3250894,22.5485005],[88.3252127,22.5486591],[88.32532,22.5490009],[88.3253888,22.5491043],[88.3255078,22.5492833],[88.3256795,22.5494815],[88.3261247,22.5499472],[88.3264841,22.5503287],[88.3265741,22.5504858]]}},
{"type":"Feature","properties":{"pipe_id":"P_0040","road_name":"Unnamed Street","diameter_mm":300,"depth_m":-2.2},"geometry":{"type":"LineString","coordinates":[[88.3272788,22.5440472],[88.3274469,22.5442223],[88.3274988,22.5442832],[88.3275944,22.5443833],[88.3277105,22.5446066]]}},
{"type":"Feature","properties":{"pipe_id":"P_0041","road_name":"Vidyasagar Flyover Ramp","diameter_mm":300,"depth_m":-2.2},"geometry":{"type":"LineString","coordinates":[[88.3307459,22.5446209],[88.3309658,22.5447861],[88.3311002,22.5449066],[88.3312003,22.5450268],[88.3312698,22.5451641],[88.331295,22.5453303],[88.331242,22.5454982],[88.3311391,22.5456526],[88.330968,22.5457328],[88.3307824,22.545742],[88.3306252,22.5457053],[88.3304935,22.5456261],[88.3303592,22.5454408],[88.3301389,22.5450518]]}},
{"type":"Feature","properties":{"pipe_id":"P_0042","road_name":"Unnamed Street","diameter_mm":300,"depth_m":-2.2},"geometry":{"type":"LineString","coordinates":[[88.3462206,22.545826],[88.3461468,22.5456945],[88.3461011,22.5455977],[88.3460768,22.5454312],[88.3460144,22.545251],[88.3459376,22.5451742],[88.345814,22.5450428],[88.3456773,22.5449489],[88.3454991,22.5448225],[88.3453978,22.5446913],[88.3453501,22.5445854],[88.3453415,22.5444701],[88.3452935,22.5443619],[88.3452128,22.5442474],[88.3451834,22.544141],[88.3451405,22.5440394],[88.3450519,22.5439334],[88.3449334,22.5438399],[88.3447834,22.5437236],[88.3446626,22.5436247],[88.3445742,22.5434878],[88.3445079,22.5432852],[88.3444274,22.5431257],[88.3443197,22.5429871],[88.3441747,22.5428458],[88.3440496,22.5427245],[88.3439123,22.5425584],[88.3438217,22.5423373],[88.3437943,22.54225],[88.3436803,22.5420293],[88.3435834,22.5419218],[88.3434691,22.5418165],[88.3433267,22.541749],[88.3431029,22.5417085],[88.3428875,22.541708],[88.3427011,22.5417666],[88.3425585,22.5417815],[88.3424467,22.541758],[88.3423358,22.5416932],[88.3421834,22.5417235],[88.3419921,22.541769],[88.3417193,22.5418021],[88.3415978,22.5417398],[88.3414028,22.5417747]]}},
{"type":"Feature","properties":{"pipe_id":"P_0043","road_name":"Suhasini Ganguly Sarani","diameter_mm":600,"depth_m":-2.2},"geometry":{"type":"LineString","coordinates":[[88.3409571,22.5319545],[88.3410295,22.5319297],[88.3412678,22.5319097],[88.3415288,22.5318909],[88.3418553,22.5318598],[88.3420971,22.5318331],[88.3434457,22.5316762],[88.3440651,22.5316062],[88.3443542,22.5315773],[88.3445325,22.5315184],[88.3447105,22.5314608],[88.3451887,22.5313427],[88.3457138,22.5312518]]}},
{"type":"Feature","properties":{"pipe_id":"P_0044","road_name":"Debendra Ghosh Road","diameter_mm":300,"depth_m":-2.2},"geometry":{"type":"LineString","coordinates":[[88.3404162,22.5337737],[88.3405145,22.5337977],[88.3406815,22.5338232],[88.3407897,22.5338253],[88.3408949,22.5338141],[88.3411957,22.5338128],[88.3414796,22.5338107],[88.3415525,22.5338101],[88.3416826,22.5338005],[88.3420503,22.5337734],[88.342258,22.5337581],[88.3422734,22.5337577],[88.3425315,22.5337506],[88.342622,22.5337929],[88.3427399,22.533829],[88.3427868,22.5339252],[88.3432272,22.5338665],[88.3436027,22.5337971],[88.3437498,22.5337947]]}},
{"type":"Feature","properties":{"pipe_id":"P_0045","road_name":"Telipara Road","diameter_mm":300,"depth_m":-2.2},"geometry":{"type":"LineString","coordinates":[[88.339828,22.5350808],[88.3402231,22.5351077],[88.3402348,22.535106],[88.3404243,22.535078],[88.3406281,22.5350741],[88.3406649,22.5350734],[88.3409944,22.5350718],[88.3412504,22.5350854],[88.3414588,22.5350858]]}},
{"type":"Feature","properties":{"pipe_id":"P_0046","road_name":"Kedar Bose Lane","diameter_mm":300,"depth_m":-2.2},"geometry":{"type":"LineString","coordinates":[[88.3434541,22.5300299],[88.3432191,22.5300699],[88.3427833,22.530134],[88.342747,22.5301393],[88.3423689,22.5302088],[88.3422634,22.5302326],[88.3421203,22.5302355],[88.3420883,22.5302362],[88.3417557,22.5302451]]}},
{"type":"Feature","properties":{"pipe_id":"P_0047","road_name":"Balaram Bose Road","diameter_mm":300,"depth_m":-2.2},"geometry":{"type":"LineString","coordinates":[[88.3416929,22.5290222],[88.3420201,22.5290098],[88.3422793,22.5289995],[88.3425368,22.5289847],[88.3426719,22.5289798],[88.342826,22.5289756],[88.3430367,22.5289699],[88.3434185,22.5290489]]}},
{"type":"Feature","properties":{"pipe_id":"P_0048","road_name":"Unnamed Street","diameter_mm":300,"depth_m":-2.2},"geometry":{"type":"LineString","coordinates":[[88.3416321,22.5380672],[88.3419413,22.5380541],[88.3420278,22.5380058],[88.3420855,22.5379852],[88.3422356,22.5379802],[88.3426751,22.5379706]]}},
{"type":"Feature","properties":{"pipe_id":"P_0049","road_name":"Unnamed Street","diameter_mm":300,"depth_m":-2.2},"geometry":{"type":"LineString","coordinates":[[88.3416438,22.5384154],[88.3420514,22.5384178],[88.3422797,22.5384133],[88.3426934,22.5384051]]}},
{"type":"Feature","properties":{"pipe_id":"P_0050","road_name":"Unnamed Street","diameter_mm":300,"depth_m":-2.2},"geometry":{"type":"LineString","coordinates":[[88.3400157,22.5380834],[88.3398059,22.5380729],[88.3397706,22.5380711],[88.3396806,22.5380666]]}},
{"type":"Feature","properties":{"pipe_id":"P_0051","road_name":"Unnamed Street","diameter_mm":300,"depth_m":-2.2},"geometry":{"type":"LineString","coordinates":[[88.3411315,22.5381726],[88.3414883,22.5381552],[88.3415589,22.5381547],[88.3416016,22.5381573],[88.3416438,22.5384154]]}},
{"type":"Feature","properties":{"pipe_id":"P_0052","road_name":"Unnamed Street","diameter_mm":600,"depth_m":-2.2},"geometry":{"type":"LineString","coordinates":[[88.3396107,22.5377456],[88.3396765,22.5377039],[88.3397341,22.5376399],[88.3398816,22.5375384]]}},
{"type":"Feature","properties":{"pipe_id":"P_0053","road_name":"Unnamed Street","diameter_mm":300,"depth_m":-2.2},"geometry":{"type":"LineString","coordinates":[[88.3415527,22.5375087],[88.3415639,22.5377683],[88.3416321,22.5380672],[88.3416543,22.5381349],[88.3416016,22.5381573]]}},
{"type":"Feature","properties":{"pipe_id":"P_0054","road_name":"Unnamed Street","diameter_mm":300,"depth_m":-2.2},"geometry":{"type":"LineString","coordinates":[[88.3394453,22.5402475],[88.3399598,22.5402718],[88.3404296,22.5401579],[88.3406656,22.5401579],[88.3412162,22.5404254],[88.341642,22.5405939],[88.3422986,22.54073],[88.3425258,22.5407872]]}},
{"type":"Feature","properties":{"pipe_id":"P_0055","road_name":"Unnamed Street","diameter_mm":300,"depth_m":-2.2},"geometry":{"type":"LineString","coordinates":[[88.3410426,22.5396686],[88.3409446,22.5397615],[88.3407837,22.539821],[88.3405154,22.5398408],[88.3403974,22.5399994],[88.3404296,22.5401579]]}},
{"type":"Feature","properties":{"pipe_id":"P_0056","road_name":"Unnamed Street","diameter_mm":300,"depth_m":-2.2},"geometry":{"type":"LineString","coordinates":[[88.3416876,22.5398829],[88.3412933,22.5397516],[88.3410426,22.5396686],[88.3407327,22.5395658],[88.3404274,22.5394743],[88.3403354,22.5394467],[88.3402123,22.5394098],[88.340219,22.538944],[88.3398472,22.5389162]]}},
{"type":"Feature","properties":{"pipe_id":"P_0057","road_name":"Unnamed Street","diameter_mm":300,"depth_m":-2.2},"geometry":{"type":"LineString","coordinates":[[88.341642,22.5405939],[88.3416849,22.5404552],[88.3416978,22.5403563],[88.3417144,22.5402298],[88.3416607,22.5401282]]}},
{"type":"Feature","properties":{"pipe_id":"P_0058","road_name":"Unnamed Street","diameter_mm":600,"depth_m":-2.2},"geometry":{"type":"LineString","coordinates":[[88.3412162,22.5404254],[88.3416607,22.5401282],[88.3416876,22.5398829],[88.3421248,22.5396327],[88.342393,22.5393553],[88.3424895,22.5392463],[88.3427363,22.5392165],[88.3429451,22.5392334],[88.3430419,22.5392265],[88.3433771,22.5391868]]}},
{"type":"Feature","properties":{"pipe_id":"P_0059","road_name":"Unnamed Street","diameter_mm":300,"depth_m":-2.2},"geometry":{"type":"LineString","coordinates":[[88.3420421,22.5402038],[88.3419853,22.5404156],[88.3416978,22.5403563]]}},
{"type":"Feature","properties":{"pipe_id":"P_0060","road_name":"Unnamed Street","diameter_mm":300,"depth_m":-2.2},"geometry":{"type":"LineString","coordinates":[[88.3422986,22.54073],[88.3423174,22.5406137],[88.3422981,22.5405125],[88.3423232,22.5402509],[88.3420421,22.5402038],[88.3416607,22.5401282]]}},
{"type":"Feature","properties":{"pipe_id":"P_0061","road_name":"Rupnarayan Nandan Lane","diameter_mm":300,"depth_m":-2.2},"geometry":{"type":"LineString","coordinates":[[88.3411957,22.5338128],[88.3412226,22.5340256],[88.341266,22.5343009],[88.3412682,22.5343149],[88.3414077,22.5344591],[88.3414266,22.5345903],[88.3414615,22.5349545],[88.3414588,22.5350858]]}},
{"type":"Feature","properties":{"pipe_id":"P_0062","road_name":"Unnamed Street","diameter_mm":300,"depth_m":-2.2},"geometry":{"type":"LineString","coordinates":[[88.3418878,22.5354871],[88.3417654,22.535489],[88.34151,22.535493]]}},
{"type":"Feature","properties":{"pipe_id":"P_0063","road_name":"Unnamed Street","diameter_mm":300,"depth_m":-2.2},"geometry":{"type":"LineString","coordinates":[[88.3417037,22.5369646],[88.3420192,22.5369711],[88.3423035,22.5369562],[88.3425659,22.5369427]]}},
{"type":"Feature","properties":{"pipe_id":"P_0064","road_name":"Unnamed Street","diameter_mm":300,"depth_m":-2.2},"geometry":{"type":"LineString","coordinates":[[88.3422393,22.5359851],[88.3420962,22.5359891],[88.3420764,22.5359877],[88.3419646,22.5359717],[88.3418038,22.5359708],[88.3416017,22.5359786]]}},
{"type":"Feature","properties":{"pipe_id":"P_0065","road_name":"Turf Road","diameter_mm":600,"depth_m":-2.2},"geometry":{"type":"LineString","coordinates":[[88.3404162,22.5337737],[88.3403921,22.5338332],[88.3402732,22.534013],[88.340234,22.5340934],[88.3401781,22.534208],[88.3401605,22.5342441],[88.340089,22.5343906],[88.3400607,22.5344485],[88.3400188,22.5345345],[88.3399542,22.5346817],[88.3398543,22.5349272],[88.339828,22.5350808],[88.3398001,22.5352663],[88.3397931,22.5353063],[88.3397906,22.5353799],[88.3397781,22.5357443],[88.3397698,22.5359861],[88.3397897,22.5361704],[88.3398236,22.5364849],[88.3398253,22.5365004],[88.3398146,22.5367927],[88.3398897,22.537085],[88.3399009,22.5371222],[88.3400224,22.5375268]]}},
{"type":"Feature","properties":{"pipe_id":"P_0066","road_name":"Rupnarayan Nandan Lane","diameter_mm":300,"depth_m":-2.2},"geometry":{"type":"LineString","coordinates":[[88.3416631,22.5374999],[88.3416626,22.5373526],[88.3416671,22.5373095],[88.3416743,22.5372405],[88.3417002,22.5369934],[88.3417037,22.5369646],[88.3417377,22.5366911],[88.3417093,22.5365899],[88.3416983,22.5365509],[88.3416224,22.5363715],[88.3416063,22.5361932],[88.3416017,22.5359786],[88.341566,22.5358358],[88.3415419,22.5357423],[88.3415196,22.5356344],[88.3415097,22.5355862],[88.34151,22.535493],[88.3415106,22.5352563]]}},
{"type":"Feature","properties":{"pipe_id":"P_0067","road_name":"Unnamed Street","diameter_mm":300,"depth_m":-2.2},"geometry":{"type":"LineString","coordinates":[[88.3418717,22.5365375],[88.3417885,22.5363245],[88.3416224,22.5363715]]}},
{"type":"Feature","properties":{"pipe_id":"P_0068","road_name":"Unnamed Street","diameter_mm":300,"depth_m":-2.2},"geometry":{"type":"LineString","coordinates":[[88.3420055,22.5357028],[88.3419854,22.5354972],[88.3419151,22.5352344]]}},
{"type":"Feature","properties":{"pipe_id":"P_0069","road_name":"Kundu Lane","diameter_mm":300,"depth_m":-2.2},"geometry":{"type":"LineString","coordinates":[[88.341566,22.5358358],[88.3411797,22.5359233],[88.3408261,22.5359766]]}},
{"type":"Feature","properties":{"pipe_id":"P_0070","road_name":"Unnamed Street","diameter_mm":300,"depth_m":-2.2},"geometry":{"type":"LineString","coordinates":[[88.3399009,22.5371222],[88.3400344,22.5371067],[88.340269,22.5370793]]}},
{"type":"Feature","properties":{"pipe_id":"P_0071","road_name":"Unnamed Street","diameter_mm":300,"depth_m":-2.2},"geometry":{"type":"LineString","coordinates":[[88.3392962,22.536491],[88.3394442,22.5364893],[88.3398236,22.5364849],[88.3402463,22.5364757],[88.3402769,22.5364846],[88.3402987,22.5364909],[88.340603,22.5365792],[88.3408015,22.5366368]]}},
{"type":"Feature","properties":{"pipe_id":"P_0072","road_name":"Unnamed Street","diameter_mm":300,"depth_m":-2.2},"geometry":{"type":"LineString","coordinates":[[88.341029,22.5372874],[88.3410194,22.5371165],[88.3410611,22.536991]]}},
{"type":"Feature","properties":{"pipe_id":"P_0073","road_name":"Rupnarayan Nandan Lane","diameter_mm":300,"depth_m":-2.2},"geometry":{"type":"LineString","coordinates":[[88.3414588,22.5350858],[88.3415106,22.5352563]]}},
{"type":"Feature","properties":{"pipe_id":"P_0074","road_name":"Unnamed Street","diameter_mm":300,"depth_m":-2.2},"geometry":{"type":"LineString","coordinates":[[88.3413525,22.5365961],[88.3413246,22.5365055],[88.3411188,22.5365141],[88.3408167,22.5365269]]}},
{"type":"Feature","properties":{"pipe_id":"P_0075","road_name":"Unnamed Street","diameter_mm":300,"depth_m":-2.2},"geometry":{"type":"LineString","coordinates":[[88.340269,22.5370793],[88.3402753,22.5370669],[88.3402791,22.5370468],[88.3402924,22.5367664],[88.3402769,22.5364846]]}},
{"type":"Feature","properties":{"pipe_id":"P_0076","road_name":"Kundu Lane","diameter_mm":300,"depth_m":-2.2},"geometry":{"type":"LineString","coordinates":[[88.3415106,22.5352563],[88.3417753,22.5352171],[88.3418089,22.5352197],[88.3419014,22.535227],[88.3419151,22.5352344],[88.3419897,22.5352251],[88.3421106,22.5352096],[88.3422918,22.5351945],[88.3423734,22.5351873],[88.3425298,22.535182],[88.3425708,22.5351771],[88.3428624,22.5351424],[88.3429906,22.5351302],[88.3431154,22.5351826],[88.3434925,22.535124],[88.3439826,22.5350065]]}},
{"type":"Feature","properties":{"pipe_id":"P_0077","road_name":"Unnamed Street","diameter_mm":300,"depth_m":-2.2},"geometry":{"type":"LineString","coordinates":[[88.3417093,22.5365899],[88.3413525,22.5365961],[88.3413833,22.5368724]]}},
{"type":"Feature","properties":{"pipe_id":"P_0078","road_name":"Kundu Lane","diameter_mm":300,"depth_m":-2.2},"geometry":{"type":"LineString","coordinates":[[88.3406281,22.5350741],[88.3406804,22.5353047],[88.3407291,22.5355195],[88.3407935,22.535678],[88.340823,22.5359381],[88.3408261,22.5359766],[88.3408476,22.5362392],[88.3408509,22.536279],[88.3408167,22.5365269],[88.3408015,22.5366368]]}},
{"type":"Feature","properties":{"pipe_id":"P_0079","road_name":"Unnamed Street","diameter_mm":300,"depth_m":-2.2},"geometry":{"type":"LineString","coordinates":[[88.3411188,22.5365141],[88.3411395,22.5366838],[88.3411846,22.5370526]]}},
{"type":"Feature","properties":{"pipe_id":"P_0080","road_name":"Unnamed Street","diameter_mm":300,"depth_m":-2.2},"geometry":{"type":"LineString","coordinates":[[88.3411576,22.536214],[88.3408476,22.5362392]]}},
{"type":"Feature","properties":{"pipe_id":"P_0081","road_name":"Kansaripara Lane","diameter_mm":300,"depth_m":-2.2},"geometry":{"type":"LineString","coordinates":[[88.3408015,22.5366368],[88.3408525,22.536887],[88.3410611,22.536991],[88.3411846,22.5370526],[88.3413176,22.5371189],[88.3416671,22.5373095]]}},
{"type":"Feature","properties":{"pipe_id":"P_0082","road_name":"Unnamed Street","diameter_mm":300,"depth_m":-2.2},"geometry":{"type":"LineString","coordinates":[[88.3402479,22.5358955],[88.3402463,22.5359555],[88.3402436,22.5361364],[88.3402382,22.5362627]]}},
{"type":"Feature","properties":{"pipe_id":"P_0083","road_name":"Unnamed Street","diameter_mm":300,"depth_m":-2.2},"geometry":{"type":"LineString","coordinates":[[88.3404534,22.5353274],[88.3406804,22.5353047]]}},
{"type":"Feature","properties":{"pipe_id":"P_0084","road_name":"Unnamed Street","diameter_mm":300,"depth_m":-2.2},"geometry":{"type":"LineString","coordinates":[[88.3409965,22.5354318],[88.3409944,22.5350718]]}},
{"type":"Feature","properties":{"pipe_id":"P_0085","road_name":"Unnamed Street","diameter_mm":300,"depth_m":-2.2},"geometry":{"type":"LineString","coordinates":[[88.3402436,22.5361364],[88.3397897,22.5361704]]}},
{"type":"Feature","properties":{"pipe_id":"P_0086","road_name":"Unnamed Street","diameter_mm":300,"depth_m":-2.2},"geometry":{"type":"LineString","coordinates":[[88.3402436,22.5355542],[88.3402436,22.5353089],[88.3402348,22.535106]]}},
{"type":"Feature","properties":{"pipe_id":"P_0087","road_name":"Unnamed Street","diameter_mm":300,"depth_m":-2.2},"geometry":{"type":"LineString","coordinates":[[88.341222,22.5354969],[88.34151,22.535493]]}},
{"type":"Feature","properties":{"pipe_id":"P_0088","road_name":"Unnamed Street","diameter_mm":300,"depth_m":-2.2},"geometry":{"type":"LineString","coordinates":[[88.339988,22.5357503],[88.3397781,22.5357443]]}},
{"type":"Feature","properties":{"pipe_id":"P_0089","road_name":"Unnamed Street","diameter_mm":300,"depth_m":-2.2},"geometry":{"type":"LineString","coordinates":[[88.3412119,22.5356409],[88.3415196,22.5356344]]}},
{"type":"Feature","properties":{"pipe_id":"P_0090","road_name":"Unnamed Street","diameter_mm":300,"depth_m":-2.2},"geometry":{"type":"LineString","coordinates":[[88.3405194,22.5359653],[88.3404961,22.5362156]]}},
{"type":"Feature","properties":{"pipe_id":"P_0091","road_name":"Unnamed Street","diameter_mm":300,"depth_m":-2.2},"geometry":{"type":"LineString","coordinates":[[88.3405753,22.5362377],[88.3404961,22.5362156],[88.3404823,22.5362132],[88.3402382,22.5362627],[88.3402194,22.5363016],[88.3402463,22.5364757]]}},
{"type":"Feature","properties":{"pipe_id":"P_0092","road_name":"Unnamed Street","diameter_mm":300,"depth_m":-2.2},"geometry":{"type":"LineString","coordinates":[[88.340093,22.535389],[88.3397906,22.5353799]]}},
{"type":"Feature","properties":{"pipe_id":"P_0093","road_name":"Unnamed Street","diameter_mm":300,"depth_m":-2.2},"geometry":{"type":"LineString","coordinates":[[88.3370331,22.5379051],[88.3376366,22.5378977],[88.3377625,22.5378963],[88.3392914,22.5378797],[88.3396221,22.5378748]]}},
{"type":"Feature","properties":{"pipe_id":"P_0094","road_name":"Unnamed Street","diameter_mm":300,"depth_m":-2.2},"geometry":{"type":"LineString","coordinates":[[88.3361587,22.539389],[88.336207,22.5394757],[88.3362606,22.5395451],[88.3363195,22.539599],[88.336384,22.5396442],[88.3364645,22.5396714],[88.3365503,22.5396863],[88.3366603,22.5396764],[88.3367622,22.5396467],[88.3368238,22.5396089],[88.3368883,22.5395649],[88.3369178,22.5395178],[88.3369525,22.5394578],[88.3369713,22.539376],[88.3369741,22.5390273],[88.3370224,22.5389778],[88.3370036,22.538465],[88.3370385,22.5384229],[88.3370331,22.5379051]]}},
{"type":"Feature","properties":{"pipe_id":"P_0095","road_name":"Unnamed Street","diameter_mm":300,"depth_m":-2.2},"geometry":{"type":"LineString","coordinates":[[88.3365503,22.5396863],[88.3365399,22.5398181],[88.3365295,22.5398614]]}},
{"type":"Feature","properties":{"pipe_id":"P_0096","road_name":"Unnamed Street","diameter_mm":300,"depth_m":-2.2},"geometry":{"type":"LineString","coordinates":[[88.3379531,22.5370282],[88.3393939,22.5371006]]}},
{"type":"Feature","properties":{"pipe_id":"P_0097","road_name":"Unnamed Street","diameter_mm":300,"depth_m":-2.2},"geometry":{"type":"LineString","coordinates":[[88.3393182,22.538247],[88.3391948,22.5381528],[88.3389429,22.5384253],[88.3389777,22.5384402],[88.3391852,22.5385877],[88.3392592,22.5386403],[88.3393531,22.5386855],[88.3394474,22.5386972],[88.3395278,22.5387072]]}},
{"type":"Feature","properties":{"pipe_id":"P_0098","road_name":"Unnamed Street","diameter_mm":300,"depth_m":-2.2},"geometry":{"type":"LineString","coordinates":[[88.3377431,22.5384767],[88.3377359,22.5386111],[88.3377385,22.5389332],[88.3378083,22.5390125],[88.3378995,22.5390843],[88.3379236,22.539171],[88.3379156,22.5392453],[88.3378551,22.5394996],[88.3377152,22.5399568],[88.3376944,22.5400248]]}},
{"type":"Feature","properties":{"pipe_id":"P_0099","road_name":"Unnamed Street","diameter_mm":300,"depth_m":-2.2},"geometry":{"type":"LineString","coordinates":[[88.3388247,22.5391555],[88.3379236,22.539171]]}},
{"type":"Feature","properties":{"pipe_id":"P_0100","road_name":"Unnamed Street","diameter_mm":300,"depth_m":-2.2},"geometry":{"type":"LineString","coordinates":[[88.3380631,22.5384724],[88.3377431,22.5384767]]}},
{"type":"Feature","properties":{"pipe_id":"P_0101","road_name":"Unnamed Street","diameter_mm":300,"depth_m":-2.2},"geometry":{"type":"LineString","coordinates":[[88.3371941,22.539498],[88.3378551,22.5394996]]}},
{"type":"Feature","properties":{"pipe_id":"P_0102","road_name":"Unnamed Street","diameter_mm":300,"depth_m":-2.2},"geometry":{"type":"LineString","coordinates":[[88.3354265,22.5377193],[88.3354639,22.5384173],[88.3355309,22.5384123],[88.3355391,22.5385814]]}},
{"type":"Feature","properties":{"pipe_id":"P_0103","road_name":"Unnamed Street","diameter_mm":300,"depth_m":-2.2},"geometry":{"type":"LineString","coordinates":[[88.3366647,22.5350146],[88.3365099,22.5348435],[88.3367649,22.5346598],[88.3370081,22.5344724],[88.337128,22.53438],[88.337186,22.5343353],[88.3374998,22.5340975],[88.3376608,22.533981]]}},
{"type":"Feature","properties":{"pipe_id":"P_0104","road_name":"Unnamed Street","diameter_mm":300,"depth_m":-2.2},"geometry":{"type":"LineString","coordinates":[[88.3369253,22.5348642],[88.3367649,22.5346598]]}},
{"type":"Feature","properties":{"pipe_id":"P_0105","road_name":"Unnamed Street","diameter_mm":300,"depth_m":-2.2},"geometry":{"type":"LineString","coordinates":[[88.3381085,22.5356079],[88.3378165,22.5351665],[88.3376204,22.5348598]]}},
{"type":"Feature","properties":{"pipe_id":"P_0106","road_name":"Unnamed Street","diameter_mm":300,"depth_m":-2.2},"geometry":{"type":"LineString","coordinates":[[88.337017,22.5342659],[88.337128,22.53438]]}},
{"type":"Feature","properties":{"pipe_id":"P_0107","road_name":"Unnamed Street","diameter_mm":300,"depth_m":-2.2},"geometry":{"type":"LineString","coordinates":[[88.3367755,22.5359721],[88.3367326,22.5360142],[88.3367272,22.5360415],[88.3367674,22.536096],[88.3369632,22.5363413],[88.3372717,22.5363636],[88.3373468,22.5363363],[88.3373951,22.5362645],[88.3374595,22.5362273],[88.3375641,22.5361555],[88.3376338,22.5360886],[88.3377143,22.5359994],[88.3378779,22.5358582],[88.3380281,22.5357145],[88.3381085,22.5356079],[88.3381085,22.5354618],[88.3381676,22.5353255],[88.338189,22.5352289],[88.3380899,22.5349838]]}},
{"type":"Feature","properties":{"pipe_id":"P_0108","road_name":"Unnamed Street","diameter_mm":300,"depth_m":-2.2},"geometry":{"type":"LineString","coordinates":[[88.3352844,22.5392904],[88.3352629,22.5385814],[88.3355391,22.5385814],[88.3355874,22.5392404],[88.3353701,22.5392652],[88.3353721,22.5393041],[88.3353861,22.5395847]]}},
{"type":"Feature","properties":{"pipe_id":"P_0109","road_name":"Unnamed Street","diameter_mm":300,"depth_m":-2.2},"geometry":{"type":"LineString","coordinates":[[88.3344904,22.5399365],[88.3352682,22.5395847],[88.3353861,22.5395847],[88.3354292,22.5395847],[88.3358568,22.5395721]]}},
{"type":"Feature","properties":{"pipe_id":"P_0110","road_name":"Unnamed Street","diameter_mm":300,"depth_m":-2.2},"geometry":{"type":"LineString","coordinates":[[88.3370081,22.5344724],[88.3370734,22.5345583],[88.3371914,22.534697],[88.3372234,22.5347375]]}},
{"type":"Feature","properties":{"pipe_id":"P_0111","road_name":"Unnamed Street","diameter_mm":300,"depth_m":-2.2},"geometry":{"type":"LineString","coordinates":[[88.3379196,22.5342552],[88.3378062,22.5343451],[88.3377291,22.5344075],[88.3373504,22.5346329],[88.3372485,22.5344788],[88.337658,22.5342015],[88.3378062,22.5343451]]}},
{"type":"Feature","properties":{"pipe_id":"P_0112","road_name":"Unnamed Street","diameter_mm":300,"depth_m":-2.2},"geometry":{"type":"LineString","coordinates":[[88.3385757,22.5347173],[88.3385214,22.5347407],[88.3383984,22.5347936],[88.3381114,22.5349695],[88.3380899,22.5349838],[88.3378165,22.5351665],[88.3377009,22.5352438],[88.3373039,22.5355138],[88.3370115,22.5357591],[88.3367755,22.5359721]]}},
{"type":"Feature","properties":{"pipe_id":"P_0113","road_name":"Unnamed Street","diameter_mm":300,"depth_m":-2.2},"geometry":{"type":"LineString","coordinates":[[88.3376608,22.533981],[88.337665,22.5339853],[88.3379196,22.5342552]]}},
{"type":"Feature","properties":{"pipe_id":"P_0114","road_name":"Unnamed Street","diameter_mm":300,"depth_m":-2.2},"geometry":{"type":"LineString","coordinates":[[88.3359225,22.5355634],[88.3362686,22.5354221],[88.3365958,22.5351992],[88.3370115,22.5357591]]}},
{"type":"Feature","properties":{"pipe_id":"P_0115","road_name":"Unnamed Street","diameter_mm":300,"depth_m":-2.2},"geometry":{"type":"LineString","coordinates":[[88.3378081,22.5363041],[88.337792,22.5361877],[88.3377706,22.5360985],[88.3377143,22.5359994],[88.3375855,22.5358433],[88.3374943,22.535769],[88.3373039,22.5355138],[88.337041,22.5352091]]}},
{"type":"Feature","properties":{"pipe_id":"P_0116","road_name":"Unnamed Street","diameter_mm":300,"depth_m":-2.2},"geometry":{"type":"LineString","coordinates":[[88.3347075,22.5391159],[88.3348686,22.5390571],[88.3350107,22.5392429],[88.3351234,22.5392652],[88.3352844,22.5392904],[88.3353721,22.5393041]]}},
{"type":"Feature","properties":{"pipe_id":"P_0117","road_name":"Unnamed Street","diameter_mm":300,"depth_m":-2.2},"geometry":{"type":"LineString","coordinates":[[88.3357349,22.535958],[88.3357805,22.5365749],[88.3357805,22.5368796],[88.3358315,22.537474],[88.3357376,22.5374815],[88.3357911,22.5384049],[88.3357269,22.538413],[88.335743,22.5385517],[88.335743,22.5386087],[88.3357965,22.5392918],[88.335826,22.5393067],[88.3358568,22.5395721],[88.3358582,22.5395841],[88.3360955,22.5398899],[88.336134,22.5399395]]}},
{"type":"Feature","properties":{"pipe_id":"P_0118","road_name":"Belvedere Road","diameter_mm":900,"depth_m":-3.5},"geometry":{"type":"LineString","coordinates":[[88.3349401,22.533593],[88.3335001,22.5350717]]}},
{"type":"Feature","properties":{"pipe_id":"P_0119","road_name":"Unnamed Street","diameter_mm":300,"depth_m":-2.2},"geometry":{"type":"LineString","coordinates":[[88.3338879,22.5376235],[88.3338593,22.5376214],[88.3338131,22.5376264],[88.3337895,22.5376432],[88.3337842,22.537671],[88.3338003,22.5379812],[88.3338067,22.5380594],[88.3338164,22.5380882],[88.3338453,22.538105],[88.3339129,22.5380991],[88.3339365,22.5380832],[88.3339496,22.5380573],[88.3339249,22.537655],[88.333912,22.5376307],[88.3338879,22.5376235]]}},
{"type":"Feature","properties":{"pipe_id":"P_0120","road_name":"Unnamed Street","diameter_mm":300,"depth_m":-2.2},"geometry":{"type":"LineString","coordinates":[[88.3341671,22.5373044],[88.334194,22.5372957],[88.3342314,22.5372909],[88.3342845,22.537279],[88.3343186,22.5372537],[88.3343503,22.5372202],[88.3343556,22.5371917],[88.3343535,22.537162],[88.3343509,22.5371334],[88.3343368,22.5371112],[88.3342811,22.5370927],[88.3341872,22.5370902],[88.3337312,22.5370902],[88.3336159,22.537092]]}},
{"type":"Feature","properties":{"pipe_id":"P_0121","road_name":"Unnamed Street","diameter_mm":300,"depth_m":-2.2},"geometry":{"type":"LineString","coordinates":[[88.3343704,22.5360784],[88.3343427,22.5366864],[88.333978,22.5367186],[88.3337231,22.5366722],[88.3335953,22.5366489]]}},
{"type":"Feature","properties":{"pipe_id":"P_0122","road_name":"Unnamed Street","diameter_mm":300,"depth_m":-2.2},"geometry":{"type":"LineString","coordinates":[[88.3340928,22.5360063],[88.3340069,22.5359246],[88.3339703,22.5359143],[88.3339184,22.5358998],[88.3337602,22.5358973],[88.333541,22.5358907]]}},
{"type":"Feature","properties":{"pipe_id":"P_0123","road_name":"Unnamed Street","diameter_mm":300,"depth_m":-2.2},"geometry":{"type":"LineString","coordinates":[[88.3340284,22.5356991],[88.3340043,22.5358379],[88.3339703,22.5359143]]}},
{"type":"Feature","properties":{"pipe_id":"P_0124","road_name":"Debendra Lal Khan Road","diameter_mm":900,"depth_m":-3.5},"geometry":{"type":"LineString","coordinates":[[88.3363437,22.5328898],[88.3360991,22.5328303],[88.3355471,22.5326829],[88.3351447,22.5325788],[88.3350333,22.5325502]]}},
{"type":"Feature","properties":{"pipe_id":"P_0125","road_name":"Unnamed Street","diameter_mm":300,"depth_m":-2.2},"geometry":{"type":"LineString","coordinates":[[88.33098,22.5379169],[88.3309106,22.5378905],[88.3308663,22.5378469],[88.3308442,22.5377945],[88.3308456,22.5377315],[88.3308687,22.5376818],[88.3309181,22.5376369],[88.3309764,22.5376157],[88.3310618,22.5376217],[88.3311229,22.5376569],[88.3311508,22.5376904],[88.3311698,22.5377386],[88.3311685,22.5377993],[88.3311404,22.5378548],[88.3310925,22.537897],[88.3310608,22.5379106],[88.33098,22.5379169]]}},
{"type":"Feature","properties":{"pipe_id":"P_0126","road_name":"Unnamed Street","diameter_mm":300,"depth_m":-2.2},"geometry":{"type":"LineString","coordinates":[[88.3316566,22.5373981],[88.3316201,22.5373909],[88.3315873,22.5373716],[88.3315592,22.5373322],[88.3315541,22.5372848],[88.3315657,22.5372521],[88.331588,22.5372256],[88.3316361,22.5372022],[88.3316734,22.5372003],[88.3316922,22.5372041],[88.3317254,22.5372198],[88.3317472,22.5372403],[88.3317637,22.5372712],[88.3317675,22.5372896],[88.3317644,22.537324],[88.3317568,22.5373429],[88.3317262,22.5373774],[88.3316931,22.5373935],[88.3316566,22.5373981]]}},
{"type":"Feature","properties":{"pipe_id":"P_0127","road_name":"Unnamed Street","diameter_mm":300,"depth_m":-2.2},"geometry":{"type":"LineString","coordinates":[[88.3332214,22.5359467],[88.3332666,22.535932],[88.3333218,22.535923],[88.3334456,22.5359209]]}},
{"type":"Feature","properties":{"pipe_id":"P_0128","road_name":"Unnamed Street","diameter_mm":300,"depth_m":-2.2},"geometry":{"type":"LineString","coordinates":[[88.3311229,22.5376569],[88.3311869,22.5376108],[88.3312443,22.5375695],[88.3315511,22.5373925],[88.3315873,22.5373716]]}},
{"type":"Feature","properties":{"pipe_id":"P_0129","road_name":"Unnamed Street","diameter_mm":300,"depth_m":-2.2},"geometry":{"type":"LineString","coordinates":[[88.3314025,22.537302],[88.3313247,22.5372723],[88.3312818,22.5372673],[88.3312496,22.5372946],[88.3312416,22.5373268],[88.3312738,22.5373515],[88.331322,22.5373491],[88.3313466,22.5373368],[88.3314025,22.537302],[88.3314669,22.5372995],[88.3315541,22.5372848]]}},
{"type":"Feature","properties":{"pipe_id":"P_0130","road_name":"Orphanage Road","diameter_mm":300,"depth_m":-2.2},"geometry":{"type":"LineString","coordinates":[[88.3263993,22.5416748],[88.3264075,22.5416651],[88.3265288,22.5415376],[88.3267146,22.5413213],[88.3268058,22.5412048],[88.3269051,22.5411479],[88.3271438,22.5411033],[88.3272984,22.5410824],[88.3274737,22.5410587],[88.3275912,22.5410402],[88.3278036,22.5410067],[88.327876,22.5409979],[88.3282318,22.5409544],[88.3282703,22.5409497],[88.3289461,22.540858],[88.329217,22.5408209],[88.3297025,22.540754],[88.3300935,22.5407009],[88.3301399,22.5406946],[88.3303022,22.5406606],[88.3305422,22.5406104],[88.3310438,22.5404518],[88.3311642,22.5404061],[88.3313333,22.540342],[88.3314944,22.5402809],[88.3316643,22.5401998],[88.3317385,22.5401644],[88.3319412,22.5400492],[88.332122,22.5399464],[88.3322326,22.5398779],[88.3325136,22.5397037],[88.3326766,22.5396109],[88.3327979,22.5395302],[88.3332055,22.5392528],[88.3335408,22.5390496],[88.3336952,22.5389315]]}},
{"type":"Feature","properties":{"pipe_id":"P_0131","road_name":"Unnamed Street","diameter_mm":300,"depth_m":-2.2},"geometry":{"type":"LineString","coordinates":[[88.3301685,22.5386392],[88.3303455,22.5386367],[88.3303303,22.5388291],[88.3304449,22.5388347],[88.3306197,22.5388432],[88.3306542,22.538999],[88.330622,22.5392616],[88.3304959,22.5395688],[88.330477,22.5397069],[88.3304743,22.5398605],[88.3304662,22.5400783]]}},
{"type":"Feature","properties":{"pipe_id":"P_0132","road_name":"Unnamed Street","diameter_mm":300,"depth_m":-2.2},"geometry":{"type":"LineString","coordinates":[[88.3323386,22.5381567],[88.33247,22.5381889],[88.3325424,22.5382285],[88.3326068,22.5383004],[88.3326524,22.5383896],[88.3327329,22.5385679],[88.3327973,22.5386522],[88.3328373,22.5386811],[88.3328589,22.5386967],[88.3329367,22.5387339],[88.3330252,22.5387612],[88.3331191,22.5387587],[88.3332237,22.5387463],[88.3333096,22.5387265],[88.3333686,22.5387042],[88.3333981,22.5386026],[88.3333954,22.5384738],[88.3333981,22.53834],[88.3333847,22.5381938],[88.3333659,22.5380898],[88.3333444,22.5380105],[88.3333479,22.5379427],[88.3333308,22.5378065],[88.3333201,22.5376158],[88.333312,22.5375142],[88.3332772,22.5373953],[88.3332557,22.5372789],[88.333186,22.53716],[88.3331672,22.5370757],[88.3331393,22.5370102],[88.3331323,22.536994],[88.3331297,22.5369271],[88.3331377,22.5368379],[88.3331967,22.5367314],[88.3332316,22.5366397],[88.3332613,22.536539],[88.3332532,22.53642],[88.3332103,22.5362764],[88.3331342,22.5361432]]}},
{"type":"Feature","properties":{"pipe_id":"P_0133","road_name":"Unnamed Street","diameter_mm":300,"depth_m":-2.2},"geometry":{"type":"LineString","coordinates":[[88.3317472,22.5372403],[88.331792,22.5372028],[88.3320294,22.5370042],[88.3321562,22.5368982],[88.3321778,22.5368729],[88.3322662,22.5367694],[88.332411,22.5366455],[88.332529,22.5365712],[88.3326222,22.5364927],[88.332985,22.5361872],[88.3330252,22.5361538]]}},
{"type":"Feature","properties":{"pipe_id":"P_0134","road_name":"Unnamed Street","diameter_mm":300,"depth_m":-2.2},"geometry":{"type":"LineString","coordinates":[[88.3317364,22.5356123],[88.3317727,22.5356694],[88.3318638,22.5357437],[88.3320252,22.5359256],[88.3321321,22.536046],[88.3322662,22.5362119],[88.3323252,22.5363185],[88.3323842,22.5364448],[88.3324057,22.5365414],[88.332411,22.5366455],[88.3324323,22.5367264],[88.3325476,22.5369568]]}},
{"type":"Feature","properties":{"pipe_id":"P_0135","road_name":"Unnamed Street","diameter_mm":300,"depth_m":-2.2},"geometry":{"type":"LineString","coordinates":[[88.3313487,22.5336993],[88.3313916,22.5336993],[88.3314003,22.533694],[88.3314318,22.5336745],[88.3314572,22.5336357],[88.331456,22.5335729],[88.3314231,22.5335313],[88.3313541,22.533511],[88.3313244,22.5335205],[88.3312843,22.5335333],[88.3312598,22.533603],[88.3312816,22.5336646],[88.3313487,22.5336993],[88.3313594,22.533734],[88.3313997,22.5338108],[88.3314694,22.5338603],[88.3314882,22.5339074],[88.3315069,22.5339743],[88.3315794,22.5340337],[88.3315877,22.534043],[88.3315965,22.5340527],[88.3316342,22.5340947],[88.3318183,22.5342994],[88.3318853,22.5344084],[88.3319139,22.5344488],[88.3319711,22.5345298],[88.3319819,22.5345595],[88.3320269,22.5346496],[88.3320462,22.5346883],[88.3321099,22.5347833],[88.3321187,22.5348048],[88.3322447,22.5349782],[88.3323332,22.5351194],[88.3323976,22.5351739],[88.3324602,22.5352195]]}},
{"type":"Feature","properties":{"pipe_id":"P_0136","road_name":"Unnamed Street","diameter_mm":300,"depth_m":-2.2},"geometry":{"type":"LineString","coordinates":[[88.3317271,22.5346413],[88.3318208,22.5346729],[88.3318825,22.5346382],[88.3319093,22.5345614],[88.3319139,22.5344488],[88.3320431,22.5343883],[88.3321644,22.5343298]]}},
{"type":"Feature","properties":{"pipe_id":"P_0137","road_name":"Unnamed Street","diameter_mm":300,"depth_m":-2.2},"geometry":{"type":"LineString","coordinates":[[88.3303501,22.5397377],[88.3302974,22.5396579],[88.3301714,22.5396555],[88.3301392,22.5397248],[88.3301687,22.5397892],[88.3301687,22.5399354],[88.3301258,22.5400073],[88.3301822,22.540084],[88.3302921,22.5400791],[88.3303447,22.5400076]]}},
{"type":"Feature","properties":{"pipe_id":"P_0138","road_name":"Unnamed Street","diameter_mm":300,"depth_m":-2.2},"geometry":{"type":"LineString","coordinates":[[88.3332303,22.5359658],[88.3332342,22.5360197],[88.3332174,22.5360728],[88.3331657,22.536129],[88.3331342,22.5361432],[88.3331132,22.5361527],[88.3330835,22.5361579],[88.3330252,22.5361538],[88.3329871,22.5361401],[88.3329361,22.5361012],[88.3329037,22.5360417],[88.3329028,22.535968],[88.3329306,22.5359117],[88.3329525,22.5358941],[88.3329878,22.5358658],[88.3330434,22.5358491],[88.3330863,22.5358487],[88.3331603,22.5358738],[88.3331774,22.5358899],[88.3332086,22.5359192],[88.3332214,22.5359467],[88.3332303,22.5359658]]}},
{"type":"Feature","properties":{"pipe_id":"P_0139","road_name":"Unnamed Street","diameter_mm":300,"depth_m":-2.2},"geometry":{"type":"LineString","coordinates":[[88.3306197,22.5388432],[88.3306433,22.5385474],[88.3306488,22.5384787],[88.3306139,22.5383673],[88.3306215,22.5383217],[88.3306354,22.5382384],[88.3307025,22.5381195],[88.3307776,22.538013],[88.3308312,22.5379511],[88.3309106,22.5378905]]}},
{"type":"Feature","properties":{"pipe_id":"P_0140","road_name":"Unnamed Street","diameter_mm":300,"depth_m":-2.2},"geometry":{"type":"LineString","coordinates":[[88.3328691,22.53688],[88.3329339,22.5369097],[88.3330572,22.5369692],[88.3331323,22.536994]]}},
{"type":"Feature","properties":{"pipe_id":"P_0141","road_name":"Unnamed Street","diameter_mm":300,"depth_m":-2.2},"geometry":{"type":"LineString","coordinates":[[88.3318585,22.5385407],[88.3318342,22.5385943],[88.3318932,22.5387133],[88.3319066,22.5388148]]}},
{"type":"Feature","properties":{"pipe_id":"P_0142","road_name":"Unnamed Street","diameter_mm":300,"depth_m":-2.2},"geometry":{"type":"LineString","coordinates":[[88.3328373,22.5386811],[88.3329124,22.5387554],[88.3330197,22.5388198],[88.3330975,22.5388817],[88.3331431,22.5389511],[88.333193,22.5390317]]}},
{"type":"Feature","properties":{"pipe_id":"P_0143","road_name":"Unnamed Street","diameter_mm":300,"depth_m":-2.2},"geometry":{"type":"LineString","coordinates":[[88.3326222,22.5364927],[88.3327702,22.5366496],[88.3328307,22.5367244]]}},
{"type":"Feature","properties":{"pipe_id":"P_0144","road_name":"Unnamed Street","diameter_mm":300,"depth_m":-2.2},"geometry":{"type":"LineString","coordinates":[[88.3304179,22.5401724],[88.3304897,22.540175]]}},
{"type":"Feature","properties":{"pipe_id":"P_0145","road_name":"Unnamed Street","diameter_mm":300,"depth_m":-2.2},"geometry":{"type":"LineString","coordinates":[[88.3329588,22.5391836],[88.3329231,22.5391295],[88.3328775,22.5390576],[88.332848,22.5389932],[88.3328105,22.5389214],[88.3327595,22.5388842],[88.3327059,22.538847],[88.3326388,22.5388272],[88.3325476,22.5388173],[88.3324969,22.5388376],[88.3324296,22.5388644],[88.3323706,22.5389114],[88.3323411,22.5389709],[88.3323357,22.5390601],[88.3323325,22.5391571],[88.332353,22.5392837],[88.3323679,22.5393871],[88.3323675,22.5395178]]}},
{"type":"Feature","properties":{"pipe_id":"P_0146","road_name":"Bengal Tiger","diameter_mm":300,"depth_m":-2.2},"geometry":{"type":"LineString","coordinates":[[88.3324001,22.5374597],[88.3323062,22.5374201],[88.3322499,22.5373681],[88.332207,22.5373036],[88.3321748,22.5372392],[88.3321614,22.5371897],[88.3322123,22.5371278],[88.3323116,22.5370633],[88.3323323,22.5370523],[88.3324189,22.5370064],[88.3325476,22.5369568],[88.3326576,22.5369172],[88.33273,22.5369172],[88.3327729,22.5370014],[88.3327917,22.5371104],[88.3328105,22.537207],[88.332789,22.5372789],[88.3327193,22.5373532],[88.3326249,22.5373968],[88.3325905,22.5374126],[88.3324913,22.5374374],[88.3324001,22.5374597]]}},
{"type":"Feature","properties":{"pipe_id":"P_0147","road_name":"Unnamed Street","diameter_mm":300,"depth_m":-2.2},"geometry":{"type":"LineString","coordinates":[[88.3328691,22.53688],[88.3328388,22.5368743],[88.3328108,22.536858],[88.3327921,22.5368351],[88.3327854,22.536819],[88.3327827,22.5367905],[88.3327868,22.5367719],[88.3328061,22.5367417],[88.3328307,22.5367244],[88.3328471,22.5367185],[88.3328927,22.5367177],[88.3329211,22.5367292],[88.3329352,22.53674],[88.3329578,22.5367767],[88.3329604,22.5368052],[88.332955,22.5368267],[88.3329299,22.53686],[88.3329056,22.5368738],[88.3328691,22.53688]]}},
{"type":"Feature","properties":{"pipe_id":"P_0148","road_name":"Unnamed Street","diameter_mm":300,"depth_m":-2.2},"geometry":{"type":"LineString","coordinates":[[88.3326249,22.5373968],[88.332663,22.5374647],[88.3327083,22.5375516]]}},
{"type":"Feature","properties":{"pipe_id":"P_0149","road_name":"Unnamed Street","diameter_mm":300,"depth_m":-2.2},"geometry":{"type":"LineString","coordinates":[[88.3303294,22.5401452],[88.3302921,22.5400791]]}},
{"type":"Feature","properties":{"pipe_id":"P_0150","road_name":"Unnamed Street","diameter_mm":300,"depth_m":-2.2},"geometry":{"type":"LineString","coordinates":[[88.3321778,22.5368729],[88.332266,22.5369642],[88.3323323,22.5370523]]}},
{"type":"Feature","properties":{"pipe_id":"P_0151","road_name":"Unnamed Street","diameter_mm":300,"depth_m":-2.2},"geometry":{"type":"LineString","coordinates":[[88.3324969,22.5388376],[88.3324779,22.5387306],[88.3324537,22.5385919],[88.3324277,22.5384877],[88.3324216,22.538463],[88.3323786,22.5383986],[88.3323223,22.5383664],[88.3322097,22.5383243],[88.3321585,22.5383119]]}},
{"type":"Feature","properties":{"pipe_id":"P_0152","road_name":"Unnamed Street","diameter_mm":300,"depth_m":-2.2},"geometry":{"type":"LineString","coordinates":[[88.3322576,22.5388604],[88.3321909,22.538904],[88.3321346,22.5388495],[88.3320144,22.538835],[88.3319066,22.5388148],[88.3318583,22.5388074],[88.3317939,22.5388099],[88.3317403,22.538795],[88.3315552,22.5385324],[88.3314989,22.5384606],[88.331464,22.5383714],[88.3314588,22.5383103]]}},
{"type":"Feature","properties":{"pipe_id":"P_0153","road_name":"Unnamed Street","diameter_mm":300,"depth_m":-2.2},"geometry":{"type":"LineString","coordinates":[[88.3324001,22.5374597],[88.3324645,22.5375018],[88.3325744,22.5375638],[88.3326684,22.5375854]]}},
{"type":"Feature","properties":{"pipe_id":"P_0154","road_name":"Unnamed Street","diameter_mm":300,"depth_m":-2.2},"geometry":{"type":"LineString","coordinates":[[88.3327921,22.5368351],[88.3327649,22.536885],[88.33273,22.5369172]]}},
{"type":"Feature","properties":{"pipe_id":"P_0155","road_name":"Unnamed Street","diameter_mm":300,"depth_m":-2.2},"geometry":{"type":"LineString","coordinates":[[88.3322795,22.5395631],[88.3323089,22.5396175],[88.3321473,22.5397166],[88.3321042,22.5396483]]}},
{"type":"Feature","properties":{"pipe_id":"P_0156","road_name":"Unnamed Street","diameter_mm":300,"depth_m":-2.2},"geometry":{"type":"LineString","coordinates":[[88.3329604,22.5368052],[88.3330509,22.5367865],[88.3331323,22.536771],[88.3331967,22.5367314]]}},
{"type":"Feature","properties":{"pipe_id":"P_0157","road_name":"Unnamed Street","diameter_mm":300,"depth_m":-2.2},"geometry":{"type":"LineString","coordinates":[[88.3328105,22.537207],[88.3328748,22.5371575],[88.3329526,22.5370856],[88.3330706,22.5370336],[88.3331393,22.5370102]]}},
{"type":"Feature","properties":{"pipe_id":"P_0158","road_name":"Unnamed Street","diameter_mm":300,"depth_m":-2.2},"geometry":{"type":"LineString","coordinates":[[88.3327712,22.5377068],[88.3327756,22.5377397],[88.3327515,22.5377892],[88.3327086,22.5378462],[88.332663,22.5379255],[88.3325848,22.5379926],[88.3323386,22.5381567],[88.3321585,22.5383119],[88.3321374,22.5383301],[88.3318585,22.5385407],[88.3318048,22.5385134],[88.3317297,22.5384589],[88.3316305,22.5383747],[88.3315715,22.5383326],[88.3314991,22.5383251],[88.3314588,22.5383103],[88.3312907,22.5380605],[88.3312738,22.5380353],[88.3312602,22.53801],[88.3312454,22.5379486],[88.331257,22.5379064],[88.3312977,22.5378613],[88.3313326,22.5378365]]}},
{"type":"Feature","properties":{"pipe_id":"P_0159","road_name":"Unnamed Street","diameter_mm":300,"depth_m":-2.2},"geometry":{"type":"LineString","coordinates":[[88.3324277,22.5384877],[88.3324752,22.5384655],[88.3326524,22.5383896],[88.3327756,22.538354]]}},
{"type":"Feature","properties":{"pipe_id":"P_0160","road_name":"Unnamed Street","diameter_mm":300,"depth_m":-2.2},"geometry":{"type":"LineString","coordinates":[[88.3327181,22.5377059],[88.3326906,22.5376922],[88.3326774,22.5376803],[88.3326618,22.5376553],[88.3326565,22.5376309],[88.3326604,22.5376023],[88.3326684,22.5375854],[88.3326885,22.5375633],[88.3327083,22.5375516],[88.3327385,22.5375442],[88.3327615,22.537545],[88.3328035,22.5375628],[88.3328238,22.5375847],[88.3328318,22.5376009],[88.3328363,22.5376295],[88.3328295,22.5376586],[88.3328128,22.537683],[88.3327983,22.5376948],[88.3327712,22.5377068],[88.3327401,22.5377098],[88.3327181,22.5377059]]}},
{"type":"Feature","properties":{"pipe_id":"P_0161","road_name":"Unnamed Street","diameter_mm":300,"depth_m":-2.2},"geometry":{"type":"LineString","coordinates":[[88.3321346,22.5388495],[88.3320997,22.5387925],[88.3321265,22.5387554],[88.3321802,22.5387579],[88.3322576,22.5388604],[88.3323411,22.5389709]]}},
{"type":"Feature","properties":{"pipe_id":"P_0162","road_name":"Unnamed Street","diameter_mm":300,"depth_m":-2.2},"geometry":{"type":"LineString","coordinates":[[88.3316931,22.5373935],[88.3317162,22.5374922],[88.3317242,22.5375467]]}},
{"type":"Feature","properties":{"pipe_id":"P_0163","road_name":"Unnamed Street","diameter_mm":300,"depth_m":-2.2},"geometry":{"type":"LineString","coordinates":[[88.331792,22.5372028],[88.3318342,22.5372048],[88.3319093,22.53719],[88.3319576,22.53719],[88.3320005,22.5372122],[88.3320434,22.5372544],[88.3320729,22.5373113],[88.3320756,22.5373782],[88.3320273,22.5374451],[88.3319629,22.5374798],[88.3318932,22.5374897],[88.3318091,22.5374606],[88.3317262,22.5373774]]}},
{"type":"Feature","properties":{"pipe_id":"P_0164","road_name":"Unnamed Street","diameter_mm":300,"depth_m":-2.2},"geometry":{"type":"LineString","coordinates":[[88.3311404,22.5378548],[88.331198,22.537837],[88.3312409,22.5378665],[88.331257,22.5379064]]}},
{"type":"Feature","properties":{"pipe_id":"P_0165","road_name":"Unnamed Street","diameter_mm":300,"depth_m":-2.2},"geometry":{"type":"LineString","coordinates":[[88.3319667,22.5368958],[88.332006,22.5369552],[88.3320294,22.5370042],[88.3320219,22.5371231],[88.3320005,22.5372122]]}},
{"type":"Feature","properties":{"pipe_id":"P_0166","road_name":"Unnamed Street","diameter_mm":300,"depth_m":-2.2},"geometry":{"type":"LineString","coordinates":[[88.3315511,22.5373925],[88.33158,22.5374384],[88.3315874,22.5374501],[88.3316518,22.5375021]]}},
{"type":"Feature","properties":{"pipe_id":"P_0167","road_name":"Unnamed Street","diameter_mm":300,"depth_m":-2.2},"geometry":{"type":"LineString","coordinates":[[88.3311869,22.5376108],[88.3312468,22.5376607],[88.331295,22.5377176]]}},
{"type":"Feature","properties":{"pipe_id":"P_0168","road_name":"Unnamed Street","diameter_mm":300,"depth_m":-2.2},"geometry":{"type":"LineString","coordinates":[[88.3304287,22.5392686],[88.3304869,22.5392659],[88.330622,22.5392616]]}},
{"type":"Feature","properties":{"pipe_id":"P_0169","road_name":"Unnamed Street","diameter_mm":300,"depth_m":-2.2},"geometry":{"type":"LineString","coordinates":[[88.3320219,22.5371231],[88.3320943,22.5371528],[88.3321614,22.5371897]]}},
{"type":"Feature","properties":{"pipe_id":"P_0170","road_name":"Unnamed Street","diameter_mm":300,"depth_m":-2.2},"geometry":{"type":"LineString","coordinates":[[88.3317242,22.5375467],[88.3317683,22.537513],[88.3318091,22.5374606]]}},
{"type":"Feature","properties":{"pipe_id":"P_0171","road_name":"Unnamed Street","diameter_mm":300,"depth_m":-2.2},"geometry":{"type":"LineString","coordinates":[[88.3304449,22.5388347],[88.3304341,22.5391619],[88.3304287,22.5392686],[88.3304168,22.5395063],[88.3304153,22.539536],[88.3303885,22.5396425],[88.3303833,22.5396877],[88.3303501,22.5397377],[88.3303028,22.5398091],[88.3303243,22.5399577],[88.3303447,22.5400076],[88.3304662,22.5400783],[88.3304897,22.540175],[88.3304957,22.5401997],[88.3305413,22.5402839],[88.330603,22.5403409],[88.3306915,22.5403879],[88.3307666,22.5403879],[88.3309276,22.5403855],[88.3311958,22.5402616],[88.3312897,22.5402517],[88.3314211,22.5401823],[88.3315311,22.5401229],[88.3315874,22.5400411],[88.3316303,22.5399618],[88.3316625,22.5399049],[88.3317832,22.5398256],[88.33203,22.5396844],[88.3321042,22.5396483],[88.3322795,22.5395631],[88.3323357,22.5395357],[88.3323675,22.5395178],[88.3324126,22.5394923],[88.3329588,22.5391836],[88.3330063,22.5391567],[88.3331699,22.5390551],[88.333193,22.5390317],[88.3332504,22.5389734],[88.3333201,22.5388991],[88.3333442,22.5388421],[88.3333523,22.5387801],[88.3333686,22.5387042]]}},
{"type":"Feature","properties":{"pipe_id":"P_0172","road_name":"Unnamed Street","diameter_mm":300,"depth_m":-2.2},"geometry":{"type":"LineString","coordinates":[[88.3312907,22.5380605],[88.331236,22.538062],[88.3311448,22.5380793],[88.3310563,22.5381115],[88.3310081,22.5381536],[88.3309195,22.5382131],[88.3308042,22.5384286],[88.3307371,22.5384955],[88.3306433,22.5385474]]}},
{"type":"Feature","properties":{"pipe_id":"P_0173","road_name":"Unnamed Street","diameter_mm":300,"depth_m":-2.2},"geometry":{"type":"LineString","coordinates":[[88.3301122,22.5395013],[88.3304168,22.5395063]]}},
{"type":"Feature","properties":{"pipe_id":"P_0174","road_name":"Unnamed Street","diameter_mm":300,"depth_m":-2.2},"geometry":{"type":"LineString","coordinates":[[88.3313782,22.5378688],[88.3313326,22.5378365],[88.3312924,22.5377697],[88.331295,22.5377176],[88.3313353,22.5376953],[88.3314077,22.537673],[88.3315713,22.5375739],[88.3315955,22.5375294],[88.3316518,22.5375021],[88.3317242,22.5375467],[88.331743,22.5376161],[88.3317403,22.5376755],[88.3314453,22.5378638],[88.3313782,22.5378688]]}},
{"type":"Feature","properties":{"pipe_id":"P_0175","road_name":"Unnamed Street","diameter_mm":300,"depth_m":-2.2},"geometry":{"type":"LineString","coordinates":[[88.33158,22.5374384],[88.331566,22.5374897],[88.3315955,22.5375294]]}},
{"type":"Feature","properties":{"pipe_id":"P_0176","road_name":"Unnamed Street","diameter_mm":300,"depth_m":-2.2},"geometry":{"type":"LineString","coordinates":[[88.3307023,22.5370091],[88.3307345,22.5370116]]}},
{"type":"Feature","properties":{"pipe_id":"P_0177","road_name":"Unnamed Street","diameter_mm":300,"depth_m":-2.2},"geometry":{"type":"LineString","coordinates":[[88.3317029,22.5362392],[88.3316464,22.5362485],[88.3315686,22.5362188],[88.3315391,22.5361668],[88.3315579,22.5361098],[88.3316223,22.5360999],[88.3317324,22.5360906]]}},
{"type":"Feature","properties":{"pipe_id":"P_0178","road_name":"Unnamed Street","diameter_mm":300,"depth_m":-2.2},"geometry":{"type":"LineString","coordinates":[[88.3309812,22.5370661],[88.3309839,22.5371751],[88.3308498,22.5371949],[88.3308203,22.5372568],[88.3307479,22.5372568],[88.3307023,22.5370091],[88.3306165,22.5370017],[88.3306138,22.5370661],[88.3306218,22.5371305],[88.3306057,22.53718],[88.3306218,22.5372742],[88.330595,22.5373609],[88.3306084,22.5374377],[88.3305702,22.5375051],[88.3304475,22.5376086],[88.3303482,22.5377548]]}},
{"type":"Feature","properties":{"pipe_id":"P_0179","road_name":"Unnamed Street","diameter_mm":300,"depth_m":-2.2},"geometry":{"type":"LineString","coordinates":[[88.3317569,22.536667],[88.3318074,22.5366623],[88.331979,22.5366598],[88.3320116,22.5366805],[88.3320648,22.5367143],[88.332156,22.5367515],[88.3322662,22.5367694]]}},
{"type":"Feature","properties":{"pipe_id":"P_0180","road_name":"Unnamed Street","diameter_mm":300,"depth_m":-2.2},"geometry":{"type":"LineString","coordinates":[[88.3302463,22.5377548],[88.3302624,22.5376037],[88.3304475,22.5376086]]}},
{"type":"Feature","properties":{"pipe_id":"P_0181","road_name":"Unnamed Street","diameter_mm":300,"depth_m":-2.2},"geometry":{"type":"LineString","coordinates":[[88.331674,22.5365416],[88.3314667,22.5366672],[88.3313836,22.5367391],[88.3314077,22.5367589],[88.3314426,22.5368357],[88.3314613,22.5369249],[88.3314345,22.5369843]]}},
{"type":"Feature","properties":{"pipe_id":"P_0182","road_name":"Unnamed Street","diameter_mm":300,"depth_m":-2.2},"geometry":{"type":"LineString","coordinates":[[88.3317255,22.5359982],[88.3317564,22.5359488],[88.3317859,22.5359141],[88.3318664,22.5358943],[88.3319522,22.5359042],[88.3320252,22.5359256]]}},
{"type":"Feature","properties":{"pipe_id":"P_0183","road_name":"Unnamed Street","diameter_mm":300,"depth_m":-2.2},"geometry":{"type":"LineString","coordinates":[[88.3307345,22.5370116],[88.3309812,22.5370661],[88.3311288,22.537076],[88.3312736,22.5370587],[88.3314345,22.5369843],[88.3315794,22.5368927],[88.3316598,22.536801],[88.3317727,22.5367465]]}},
{"type":"Feature","properties":{"pipe_id":"P_0184","road_name":"Unnamed Street","diameter_mm":300,"depth_m":-2.2},"geometry":{"type":"LineString","coordinates":[[88.3302463,22.5377548],[88.3303482,22.5377548],[88.3304394,22.5377796],[88.3305199,22.5378316],[88.3306111,22.5379034],[88.330662,22.5379728],[88.3306647,22.5380694],[88.3306218,22.538166],[88.3305762,22.5382453],[88.3305725,22.5383087],[88.3306215,22.5383217]]}},
{"type":"Feature","properties":{"pipe_id":"P_0185","road_name":"Unnamed Street","diameter_mm":300,"depth_m":-2.2},"geometry":{"type":"LineString","coordinates":[[88.3319441,22.5346869],[88.3319817,22.5346704],[88.3320269,22.5346496]]}},
{"type":"Feature","properties":{"pipe_id":"P_0186","road_name":"Unnamed Street","diameter_mm":300,"depth_m":-2.2},"geometry":{"type":"LineString","coordinates":[[88.3320349,22.5348381],[88.3320622,22.5348117],[88.3321099,22.5347833],[88.3322273,22.5347143]]}},
{"type":"Feature","properties":{"pipe_id":"P_0187","road_name":"Unnamed Street","diameter_mm":300,"depth_m":-2.2},"geometry":{"type":"LineString","coordinates":[[88.3320353,22.5368208],[88.3320116,22.5366805]]}},
{"type":"Feature","properties":{"pipe_id":"P_0188","road_name":"Unnamed Street","diameter_mm":300,"depth_m":-2.2},"geometry":{"type":"LineString","coordinates":[[88.3321634,22.5345977],[88.3322875,22.5345292],[88.3321644,22.5343298],[88.3319922,22.534237],[88.3318771,22.534175],[88.3317832,22.534113],[88.3317081,22.5340982],[88.3316342,22.5340947],[88.3316385,22.5341854],[88.3316868,22.5343663],[88.3317002,22.5345199],[88.3317271,22.5346413],[88.3317727,22.5347701],[88.3318183,22.535003],[88.3318504,22.5351442],[88.3318531,22.5352359],[88.3318129,22.5353176],[88.3317673,22.5353919],[88.3317297,22.5355133],[88.3317364,22.5356123],[88.3317378,22.5356322],[88.3317351,22.5358081],[88.3317217,22.5359469],[88.3317255,22.5359982],[88.3317324,22.5360906],[88.3317029,22.5362392],[88.3316788,22.5363011],[88.3316385,22.5364126],[88.3316412,22.5364721],[88.331674,22.5365416],[88.3316868,22.5365687],[88.3317432,22.5366405],[88.3317569,22.536667],[88.3317727,22.5366975],[88.3317727,22.5367465],[88.3317727,22.5367669],[88.3318048,22.5368412],[88.3318799,22.5368784],[88.3319667,22.5368958],[88.3320112,22.536858],[88.3320353,22.5368208],[88.332156,22.5367515]]}},
{"type":"Feature","properties":{"pipe_id":"P_0189","road_name":"Unnamed Street","diameter_mm":300,"depth_m":-2.2},"geometry":{"type":"LineString","coordinates":[[88.3323332,22.5351194],[88.3323036,22.5352229],[88.3323197,22.5353022],[88.3323733,22.5354038],[88.3324243,22.5354781],[88.3325237,22.5355356]]}},
{"type":"Feature","properties":{"pipe_id":"P_0190","road_name":"Unnamed Street","diameter_mm":300,"depth_m":-2.2},"geometry":{"type":"LineString","coordinates":[[88.3319059,22.5348784],[88.331874,22.5348608],[88.3318592,22.5348465],[88.3318419,22.5348161],[88.3318376,22.5347983],[88.3318394,22.534764],[88.3318505,22.5347374],[88.3318741,22.5347109],[88.3318929,22.5346989],[88.3319441,22.5346869],[88.3319807,22.534693],[88.3320012,22.5347023],[88.3320287,22.5347255],[88.332042,22.5347461],[88.3320508,22.5347795],[88.3320487,22.5348062],[88.3320349,22.5348381],[88.3320233,22.5348522],[88.331994,22.5348733],[88.3319728,22.5348811],[88.3319358,22.5348845],[88.3319059,22.5348784]]}},
{"type":"Feature","properties":{"pipe_id":"P_0191","road_name":"Swamp Deer","diameter_mm":300,"depth_m":-2.2},"geometry":{"type":"LineString","coordinates":[[88.3315847,22.5332979],[88.3313567,22.5333004],[88.3312762,22.533328]]}},
{"type":"Feature","properties":{"pipe_id":"P_0192","road_name":"Unnamed Street","diameter_mm":300,"depth_m":-2.2},"geometry":{"type":"LineString","coordinates":[[88.3320431,22.5343883],[88.3320852,22.5344609],[88.332116,22.5345149],[88.3321508,22.5345744],[88.3321634,22.5345977],[88.3321884,22.5346437],[88.3322273,22.5347143],[88.3322635,22.53478],[88.3323466,22.534894],[88.3323659,22.5349315],[88.3324271,22.53505],[88.3324442,22.5351434],[88.3324539,22.5351962],[88.3324602,22.5352195],[88.3324781,22.5352854],[88.3324888,22.5353944],[88.3325237,22.5355356],[88.3325585,22.5356273],[88.3325791,22.5356593],[88.3326095,22.5357066],[88.3326739,22.5357685],[88.332749,22.5357933],[88.3328321,22.5358106],[88.3328938,22.5358478],[88.3329525,22.5358941]]}},
{"type":"Feature","properties":{"pipe_id":"P_0193","road_name":"Unnamed Street","diameter_mm":300,"depth_m":-2.2},"geometry":{"type":"LineString","coordinates":[[88.3322875,22.5345292],[88.3324001,22.5345813],[88.3326465,22.534648]]}},
{"type":"Feature","properties":{"pipe_id":"P_0194","road_name":"Unnamed Street","diameter_mm":300,"depth_m":-2.2},"geometry":{"type":"LineString","coordinates":[[88.3308552,22.5332732],[88.3309535,22.5333245]]}},
{"type":"Feature","properties":{"pipe_id":"P_0195","road_name":"Unnamed Street","diameter_mm":300,"depth_m":-2.2},"geometry":{"type":"LineString","coordinates":[[88.3326262,22.534807],[88.3325906,22.534824],[88.3323659,22.5349315]]}},
{"type":"Feature","properties":{"pipe_id":"P_0196","road_name":"Unnamed Street","diameter_mm":300,"depth_m":-2.2},"geometry":{"type":"LineString","coordinates":[[88.3312573,22.5334398],[88.3312365,22.5334353],[88.3312135,22.5334194],[88.3312028,22.5334022],[88.3311994,22.5333793],[88.3312044,22.5333601],[88.3312139,22.5333462],[88.3312303,22.5333336],[88.3312549,22.5333264],[88.3312762,22.533328],[88.3313002,22.5333393],[88.331314,22.5333544],[88.3313206,22.5333695],[88.331322,22.5333892],[88.3313138,22.5334119],[88.3312999,22.5334269],[88.3312813,22.5334366],[88.3312573,22.5334398]]}},
{"type":"Feature","properties":{"pipe_id":"P_0197","road_name":"Zebra","diameter_mm":300,"depth_m":-2.2},"geometry":{"type":"LineString","coordinates":[[88.3330787,22.5354682],[88.3328293,22.5355871],[88.3327086,22.5356069],[88.3325791,22.5356593]]}},
{"type":"Feature","properties":{"pipe_id":"P_0198","road_name":"Unnamed Street","diameter_mm":300,"depth_m":-2.2},"geometry":{"type":"LineString","coordinates":[[88.3330438,22.535327],[88.3330787,22.5354682],[88.3331404,22.5355623],[88.3331672,22.5356242],[88.3332021,22.5356961],[88.3332075,22.5358125],[88.3331774,22.5358899]]}},
{"type":"Feature","properties":{"pipe_id":"P_0199","road_name":"Unnamed Street","diameter_mm":300,"depth_m":-2.2},"geometry":{"type":"LineString","coordinates":[[88.3328346,22.5350718],[88.3327676,22.5350569],[88.3327225,22.5350167],[88.3326898,22.5349876],[88.3326388,22.5348835],[88.3326262,22.534807],[88.3326201,22.5347695],[88.3326335,22.5346729],[88.3326465,22.534648],[88.3326683,22.534606],[88.3327247,22.5345912],[88.332832,22.534611],[88.332899,22.5346581],[88.332958,22.5347423],[88.3329983,22.534829],[88.3330224,22.5348885],[88.3329607,22.5349553],[88.3328346,22.5350718]]}},
{"type":"Feature","properties":{"pipe_id":"P_0200","road_name":"Unnamed Street","diameter_mm":300,"depth_m":-2.2},"geometry":{"type":"LineString","coordinates":[[88.3324442,22.5351434],[88.3325101,22.535104],[88.3327225,22.5350167]]}},
{"type":"Feature","properties":{"pipe_id":"P_0201","road_name":"Unnamed Street","diameter_mm":300,"depth_m":-2.2},"geometry":{"type":"LineString","coordinates":[[88.3312813,22.5334366],[88.3313085,22.5334689],[88.3313244,22.5335205]]}},
{"type":"Feature","properties":{"pipe_id":"P_0202","road_name":"Unnamed Street","diameter_mm":300,"depth_m":-2.2},"geometry":{"type":"LineString","coordinates":[[88.3309008,22.5333847],[88.3309535,22.5333245],[88.3309812,22.533293],[88.3310939,22.5332534],[88.3311717,22.5332608],[88.3312226,22.5332831],[88.3312549,22.5333264]]}},
{"type":"Feature","properties":{"pipe_id":"P_0203","road_name":"Unnamed Street","diameter_mm":300,"depth_m":-2.2},"geometry":{"type":"LineString","coordinates":[[88.3282318,22.5409544],[88.3283214,22.5412847],[88.3283427,22.5413634],[88.3283776,22.5415195],[88.3283561,22.5416186],[88.3283132,22.5416706],[88.3281791,22.5417647],[88.3280262,22.5418886],[88.3279485,22.5420001],[88.3278653,22.5420298],[88.3274871,22.5420521],[88.3273208,22.5420521],[88.3273155,22.5418236],[88.3272984,22.5410824]]}},
{"type":"Feature","properties":{"pipe_id":"P_0204","road_name":"Unnamed Street","diameter_mm":300,"depth_m":-2.2},"geometry":{"type":"LineString","coordinates":[[88.3283776,22.5415195],[88.3284554,22.5414848],[88.3285224,22.5414253],[88.328611,22.5413312],[88.3287771,22.5412668],[88.3290534,22.5411429],[88.3292465,22.5410785],[88.329563,22.5410116],[88.3298232,22.5409447],[88.3300914,22.5408233],[88.3300935,22.5407009]]}},
{"type":"Feature","properties":{"pipe_id":"P_0205","road_name":"Unnamed Street","diameter_mm":300,"depth_m":-2.2},"geometry":{"type":"LineString","coordinates":[[88.3288581,22.5427492],[88.3289911,22.5424834],[88.329279,22.5424659],[88.3295179,22.5424588],[88.329527,22.542173],[88.3300804,22.5419268],[88.3301201,22.5421679],[88.3301559,22.5424906]]}},
{"type":"Feature","properties":{"pipe_id":"P_0206","road_name":"Unnamed Street","diameter_mm":300,"depth_m":-2.2},"geometry":{"type":"LineString","coordinates":[[88.3322935,22.541584],[88.3326576,22.5415989]]}},
{"type":"Feature","properties":{"pipe_id":"P_0207","road_name":"Unnamed Street","diameter_mm":300,"depth_m":-2.2},"geometry":{"type":"LineString","coordinates":[[88.3320387,22.5415716],[88.3321953,22.5418321]]}},
{"type":"Feature","properties":{"pipe_id":"P_0208","road_name":"Unnamed Street","diameter_mm":300,"depth_m":-2.2},"geometry":{"type":"LineString","coordinates":[[88.3306311,22.5419459],[88.3306575,22.5420273],[88.3308154,22.5424167]]}},
{"type":"Feature","properties":{"pipe_id":"P_0209","road_name":"Unnamed Street","diameter_mm":300,"depth_m":-2.2},"geometry":{"type":"LineString","coordinates":[[88.3338975,22.5406823],[88.3343202,22.5406954],[88.3341811,22.5408185],[88.3339022,22.5409573],[88.3335996,22.5410639],[88.333331,22.541127]]}},
{"type":"Feature","properties":{"pipe_id":"P_0210","road_name":"Unnamed Street","diameter_mm":300,"depth_m":-2.2},"geometry":{"type":"LineString","coordinates":[[88.3301201,22.5421679],[88.3303195,22.5420694],[88.3306311,22.5419459],[88.3309257,22.5418291],[88.3312047,22.5417623]]}},
{"type":"Feature","properties":{"pipe_id":"P_0211","road_name":"Unnamed Street","diameter_mm":300,"depth_m":-2.2},"geometry":{"type":"LineString","coordinates":[[88.3319073,22.541636],[88.3320387,22.5415716],[88.3321996,22.5414948],[88.3325295,22.5412892]]}},
{"type":"Feature","properties":{"pipe_id":"P_0212","road_name":"Unnamed Street","diameter_mm":300,"depth_m":-2.2},"geometry":{"type":"LineString","coordinates":[[88.3339833,22.5398945],[88.3336051,22.5401051],[88.3336212,22.540328],[88.3332698,22.5405485],[88.3333304,22.5407261],[88.3331363,22.5408328],[88.3328782,22.5409746],[88.3329151,22.5410687],[88.3325295,22.5412892]]}},
{"type":"Feature","properties":{"pipe_id":"P_0213","road_name":"Unnamed Street","diameter_mm":300,"depth_m":-2.2},"geometry":{"type":"LineString","coordinates":[[88.3334194,22.54131],[88.3333835,22.5412357],[88.333331,22.541127]]}},
{"type":"Feature","properties":{"pipe_id":"P_0214","road_name":"Unnamed Street","diameter_mm":300,"depth_m":-2.2},"geometry":{"type":"LineString","coordinates":[[88.3314246,22.5417153],[88.3314701,22.5419654],[88.3315049,22.5421537]]}},
{"type":"Feature","properties":{"pipe_id":"P_0215","road_name":"Unnamed Street","diameter_mm":300,"depth_m":-2.2},"geometry":{"type":"LineString","coordinates":[[88.3328299,22.5413115],[88.3331304,22.5413121]]}},
{"type":"Feature","properties":{"pipe_id":"P_0216","road_name":"Unnamed Street","diameter_mm":300,"depth_m":-2.2},"geometry":{"type":"LineString","coordinates":[[88.3319073,22.541636],[88.3316015,22.5416757],[88.3314246,22.5417153],[88.3312047,22.5417623]]}},
{"type":"Feature","properties":{"pipe_id":"P_0217","road_name":"Unnamed Street","diameter_mm":300,"depth_m":-2.2},"geometry":{"type":"LineString","coordinates":[[88.3301559,22.5424906],[88.3303604,22.5424939],[88.330569,22.5424732],[88.3307675,22.5424361],[88.3308154,22.5424167],[88.330915,22.5423766],[88.3312824,22.5422503],[88.3315049,22.5421537],[88.3318798,22.5419878],[88.3319529,22.5419555],[88.3321953,22.5418321],[88.3322157,22.5418217],[88.3325295,22.5416682],[88.3326576,22.5415989],[88.3327629,22.5415419],[88.3330606,22.5413858],[88.3331304,22.5413121]]}},
{"type":"Feature","properties":{"pipe_id":"P_0218","road_name":"Unnamed Street","diameter_mm":300,"depth_m":-2.2},"geometry":{"type":"LineString","coordinates":[[88.3323069,22.5405658],[88.3321594,22.5403875],[88.3319412,22.5400492]]}},
{"type":"Feature","properties":{"pipe_id":"P_0219","road_name":"Unnamed Street","diameter_mm":300,"depth_m":-2.2},"geometry":{"type":"LineString","coordinates":[[88.33158,22.5408805],[88.3314996,22.5406848],[88.3313333,22.540342]]}},
{"type":"Feature","properties":{"pipe_id":"P_0220","road_name":"Unnamed Street","diameter_mm":300,"depth_m":-2.2},"geometry":{"type":"LineString","coordinates":[[88.3319234,22.5406748],[88.3316643,22.5401998]]}},
{"type":"Feature","properties":{"pipe_id":"P_0221","road_name":"Unnamed Street","diameter_mm":300,"depth_m":-2.2},"geometry":{"type":"LineString","coordinates":[[88.3303581,22.5409817],[88.3303568,22.5408656],[88.3303022,22.5406606]]}},
{"type":"Feature","properties":{"pipe_id":"P_0222","road_name":"Unnamed Street","diameter_mm":300,"depth_m":-2.2},"geometry":{"type":"LineString","coordinates":[[88.3325215,22.5402958],[88.3322326,22.5398779]]}},
{"type":"Feature","properties":{"pipe_id":"P_0223","road_name":"Unnamed Street","diameter_mm":300,"depth_m":-2.2},"geometry":{"type":"LineString","coordinates":[[88.3328634,22.5397983],[88.3326766,22.5396109]]}},
{"type":"Feature","properties":{"pipe_id":"P_0224","road_name":"Unnamed Street","diameter_mm":300,"depth_m":-2.2},"geometry":{"type":"LineString","coordinates":[[88.3313978,22.5409251],[88.3311642,22.5404061]]}},
{"type":"Feature","properties":{"pipe_id":"P_0225","road_name":"Unnamed Street","diameter_mm":300,"depth_m":-2.2},"geometry":{"type":"LineString","coordinates":[[88.3274871,22.5420521],[88.3274844,22.5418489],[88.3274563,22.5418291],[88.3274565,22.5415463],[88.327497,22.5415455],[88.3275695,22.5415419],[88.3275865,22.5415422],[88.3278305,22.5415461],[88.3278787,22.541532],[88.327876,22.5409979]]}},
{"type":"Feature","properties":{"pipe_id":"P_0226","road_name":"Unnamed Street","diameter_mm":300,"depth_m":-2.2},"geometry":{"type":"LineString","coordinates":[[88.3281818,22.5412892],[88.3283214,22.5412847]]}},
{"type":"Feature","properties":{"pipe_id":"P_0227","road_name":"Unnamed Street","diameter_mm":300,"depth_m":-2.2},"geometry":{"type":"LineString","coordinates":[[88.3274963,22.5412826],[88.327497,22.5415455]]}},
{"type":"Feature","properties":{"pipe_id":"P_0228","road_name":"Unnamed Street","diameter_mm":300,"depth_m":-2.2},"geometry":{"type":"LineString","coordinates":[[88.3273171,22.5396663],[88.3273132,22.539755],[88.3273074,22.5398871],[88.3273074,22.5400077],[88.3273074,22.5404735],[88.3273074,22.5405832],[88.3273043,22.5407534],[88.3273039,22.5407781],[88.3272984,22.5410824]]}},
{"type":"Feature","properties":{"pipe_id":"P_0229","road_name":"Unnamed Street","diameter_mm":300,"depth_m":-2.2},"geometry":{"type":"LineString","coordinates":[[88.3265288,22.5415376],[88.3266556,22.5416237],[88.3267463,22.5416821],[88.3273208,22.5420521]]}},
{"type":"Feature","properties":{"pipe_id":"P_0230","road_name":"Unnamed Street","diameter_mm":300,"depth_m":-2.2},"geometry":{"type":"LineString","coordinates":[[88.3266743,22.5412124],[88.3267362,22.5411275],[88.3268219,22.5410737],[88.326932,22.5410259],[88.327133,22.5410044],[88.3271437,22.5407616]]}},
{"type":"Feature","properties":{"pipe_id":"P_0231","road_name":"Unnamed Street","diameter_mm":300,"depth_m":-2.2},"geometry":{"type":"LineString","coordinates":[[88.3282703,22.5406253],[88.3273039,22.5407781]]}},
{"type":"Feature","properties":{"pipe_id":"P_0232","road_name":"Unnamed Street","diameter_mm":300,"depth_m":-2.2},"geometry":{"type":"LineString","coordinates":[[88.3291903,22.5391365],[88.3279941,22.5391225],[88.3274783,22.5391164],[88.3274259,22.5391158]]}},
{"type":"Feature","properties":{"pipe_id":"P_0233","road_name":"Unnamed Street","diameter_mm":300,"depth_m":-2.2},"geometry":{"type":"LineString","coordinates":[[88.3273074,22.5404735],[88.3271082,22.5404697],[88.3269717,22.5403739]]}},
{"type":"Feature","properties":{"pipe_id":"P_0234","road_name":"Unnamed Street","diameter_mm":300,"depth_m":-2.2},"geometry":{"type":"LineString","coordinates":[[88.3294799,22.5392232],[88.3294801,22.5393421]]}},
{"type":"Feature","properties":{"pipe_id":"P_0235","road_name":"Unnamed Street","diameter_mm":300,"depth_m":-2.2},"geometry":{"type":"LineString","coordinates":[[88.3289676,22.5387971],[88.3291473,22.5387946],[88.3292011,22.5388161],[88.3292244,22.5388483]]}},
{"type":"Feature","properties":{"pipe_id":"P_0236","road_name":"Unnamed Street","diameter_mm":300,"depth_m":-2.2},"geometry":{"type":"LineString","coordinates":[[88.327074,22.5414205],[88.3269801,22.5414404],[88.3268997,22.5414949],[88.3267463,22.5416821]]}},
{"type":"Feature","properties":{"pipe_id":"P_0237","road_name":"Unnamed Street","diameter_mm":300,"depth_m":-2.2},"geometry":{"type":"LineString","coordinates":[[88.3297884,22.5393421],[88.3294801,22.5393421],[88.3293673,22.5393421],[88.3292975,22.5393123],[88.3291903,22.5391365]]}},
{"type":"Feature","properties":{"pipe_id":"P_0238","road_name":"Unnamed Street","diameter_mm":300,"depth_m":-2.2},"geometry":{"type":"LineString","coordinates":[[88.3291447,22.5371025],[88.3289088,22.5371025],[88.3281066,22.5371025],[88.328104,22.5372413],[88.3280771,22.5377962],[88.3280752,22.5379144],[88.3280664,22.5384552],[88.3287531,22.5384304],[88.3290347,22.538418],[88.3290905,22.5384278],[88.3292241,22.5384512],[88.3292244,22.5388483],[88.3292224,22.5390597],[88.3291903,22.5391365]]}},
{"type":"Feature","properties":{"pipe_id":"P_0239","road_name":"Unnamed Street","diameter_mm":300,"depth_m":-2.2},"geometry":{"type":"LineString","coordinates":[[88.3275865,22.5415422],[88.327589,22.541423],[88.3275912,22.5410402]]}},
{"type":"Feature","properties":{"pipe_id":"P_0240","road_name":"Unnamed Street","diameter_mm":300,"depth_m":-2.2},"geometry":{"type":"LineString","coordinates":[[88.327817,22.5418293],[88.3274563,22.5418291],[88.3273155,22.5418236]]}},
{"type":"Feature","properties":{"pipe_id":"P_0241","road_name":"Unnamed Street","diameter_mm":300,"depth_m":-2.2},"geometry":{"type":"LineString","coordinates":[[88.326838,22.540769],[88.3271437,22.5407616],[88.3273043,22.5407534]]}},
{"type":"Feature","properties":{"pipe_id":"P_0242","road_name":"Unnamed Street","diameter_mm":300,"depth_m":-2.2},"geometry":{"type":"LineString","coordinates":[[88.3274691,22.5379143],[88.3275006,22.5379138],[88.3277204,22.5379102],[88.3280752,22.5379144]]}},
{"type":"Feature","properties":{"pipe_id":"P_0243","road_name":"Unnamed Street","diameter_mm":300,"depth_m":-2.2},"geometry":{"type":"LineString","coordinates":[[88.3280664,22.5384552],[88.3280181,22.5386261],[88.3279913,22.5388813],[88.3279941,22.5391225],[88.3279994,22.5395403],[88.3280049,22.5400082],[88.3280584,22.5401695],[88.3280692,22.5402505],[88.3280315,22.5403429]]}},
{"type":"Feature","properties":{"pipe_id":"P_0244","road_name":"Unnamed Street","diameter_mm":300,"depth_m":-2.2},"geometry":{"type":"LineString","coordinates":[[88.3289088,22.5371025],[88.3289676,22.5373329],[88.329032,22.5375584],[88.3290588,22.5377318],[88.3290402,22.5381695],[88.3290642,22.5383363],[88.3290905,22.5384278]]}},
{"type":"Feature","properties":{"pipe_id":"P_0245","road_name":"Duel Avenue","diameter_mm":300,"depth_m":-2.2},"geometry":{"type":"LineString","coordinates":[[88.3313148,22.5345605],[88.330918,22.5349447],[88.3308693,22.5349918],[88.3305313,22.5352643],[88.3302846,22.5352618],[88.3295015,22.5352347],[88.3290752,22.535188]]}},
{"type":"Feature","properties":{"pipe_id":"P_0246","road_name":"Unnamed Street","diameter_mm":300,"depth_m":-2.2},"geometry":{"type":"LineString","coordinates":[[88.3290561,22.5366614],[88.3291234,22.5365696],[88.3291105,22.5364406],[88.3291044,22.5363792],[88.3290883,22.5360472],[88.3294559,22.5358532]]}},
{"type":"Feature","properties":{"pipe_id":"P_0247","road_name":"Unnamed Street","diameter_mm":300,"depth_m":-2.2},"geometry":{"type":"LineString","coordinates":[[88.3298554,22.5344889],[88.3295685,22.5343848],[88.3294638,22.5343353],[88.3294236,22.5342412],[88.3294424,22.5341123],[88.3295094,22.5340355],[88.3295926,22.5339785],[88.3297079,22.5338918],[88.3297616,22.5337977],[88.3297723,22.5336342],[88.3297881,22.5332827],[88.3297962,22.5331024]]}},
{"type":"Feature","properties":{"pipe_id":"P_0248","road_name":"Unnamed Street","diameter_mm":300,"depth_m":-2.2},"geometry":{"type":"LineString","coordinates":[[88.3297374,22.5349695],[88.3297374,22.5347119],[88.3296543,22.5346846],[88.3291102,22.5346761]]}},
{"type":"Feature","properties":{"pipe_id":"P_0249","road_name":"Unnamed Street","diameter_mm":300,"depth_m":-2.2},"geometry":{"type":"LineString","coordinates":[[88.3301344,22.5354873],[88.3300856,22.5360919]]}},
{"type":"Feature","properties":{"pipe_id":"P_0250","road_name":"Unnamed Street","diameter_mm":300,"depth_m":-2.2},"geometry":{"type":"LineString","coordinates":[[88.3290752,22.535188],[88.3290783,22.5351425],[88.3290983,22.53485],[88.3291102,22.5346761],[88.3291125,22.5346425],[88.3291473,22.5334261],[88.3291447,22.5333617],[88.3291492,22.5332764],[88.3291561,22.5331442]]}},
{"type":"Feature","properties":{"pipe_id":"P_0251","road_name":"Unnamed Street","diameter_mm":300,"depth_m":-2.2},"geometry":{"type":"LineString","coordinates":[[88.328009,22.5348473],[88.3284312,22.5348432],[88.3290983,22.53485]]}},
{"type":"Feature","properties":{"pipe_id":"P_0252","road_name":"Duel Avenue","diameter_mm":300,"depth_m":-2.2},"geometry":{"type":"LineString","coordinates":[[88.3290752,22.535188],[88.3285366,22.5351875],[88.3280237,22.5351789],[88.3279244,22.5351751],[88.3275388,22.5352034],[88.3274586,22.5352093]]}},
{"type":"Feature","properties":{"pipe_id":"P_0253","road_name":"Unnamed Street","diameter_mm":300,"depth_m":-2.2},"geometry":{"type":"LineString","coordinates":[[88.3294531,22.5362132],[88.3294543,22.5360564],[88.3294559,22.5358532],[88.3294719,22.5357326],[88.3294983,22.5352884],[88.3295015,22.5352347]]}},
{"type":"Feature","properties":{"pipe_id":"P_0254","road_name":"Unnamed Street","diameter_mm":300,"depth_m":-2.2},"geometry":{"type":"LineString","coordinates":[[88.3300856,22.5360919],[88.3300218,22.5360849],[88.329818,22.5360867],[88.3298018,22.5360868],[88.3294543,22.5360564]]}},
{"type":"Feature","properties":{"pipe_id":"P_0255","road_name":"Unnamed Street","diameter_mm":300,"depth_m":-2.2},"geometry":{"type":"LineString","coordinates":[[88.3304296,22.5354965],[88.3301344,22.5354873],[88.3298715,22.5354724],[88.3298474,22.535517],[88.329818,22.5360867]]}},
{"type":"Feature","properties":{"pipe_id":"P_0256","road_name":"Unnamed Street","diameter_mm":300,"depth_m":-2.2},"geometry":{"type":"LineString","coordinates":[[88.3304241,22.5362429],[88.3300244,22.5362478],[88.3300218,22.5360849]]}},
{"type":"Feature","properties":{"pipe_id":"P_0257","road_name":"Unnamed Street","diameter_mm":300,"depth_m":-2.2},"geometry":{"type":"LineString","coordinates":[[88.3304884,22.5330681],[88.3304833,22.5331825],[88.3304562,22.5337877],[88.330416,22.5343179],[88.3304241,22.534417],[88.3304536,22.534531],[88.3305045,22.5346375],[88.3305957,22.534744],[88.330918,22.5349447]]}},
{"type":"Feature","properties":{"pipe_id":"P_0258","road_name":"Unnamed Street","diameter_mm":300,"depth_m":-2.2},"geometry":{"type":"LineString","coordinates":[[88.3277312,22.5344889],[88.3279992,22.5344861]]}},
{"type":"Feature","properties":{"pipe_id":"P_0259","road_name":"Unnamed Street","diameter_mm":300,"depth_m":-2.2},"geometry":{"type":"LineString","coordinates":[[88.3284607,22.5366688],[88.3284678,22.5365747],[88.3285036,22.5360991],[88.3285126,22.535928],[88.3285314,22.5355737],[88.3285358,22.5352478],[88.3285366,22.5351875]]}},
{"type":"Feature","properties":{"pipe_id":"P_0260","road_name":"Unnamed Street","diameter_mm":300,"depth_m":-2.2},"geometry":{"type":"LineString","coordinates":[[88.3277259,22.535554],[88.3285314,22.5355737]]}},
{"type":"Feature","properties":{"pipe_id":"P_0261","road_name":"Unnamed Street","diameter_mm":300,"depth_m":-2.2},"geometry":{"type":"LineString","coordinates":[[88.3280237,22.5351789],[88.3280101,22.5348878],[88.328009,22.5348473],[88.3279992,22.5344861],[88.3279921,22.534221],[88.3279806,22.5337977],[88.3279994,22.5337184],[88.3280825,22.5336144],[88.3280959,22.5335648],[88.3281128,22.5333672],[88.328123,22.5332484]]}},
{"type":"Feature","properties":{"pipe_id":"P_0262","road_name":"Unnamed Street","diameter_mm":300,"depth_m":-2.2},"geometry":{"type":"LineString","coordinates":[[88.3280557,22.5365227],[88.3280476,22.5366267],[88.3280345,22.5367282]]}},
{"type":"Feature","properties":{"pipe_id":"P_0263","road_name":"Unnamed Street","diameter_mm":300,"depth_m":-2.2},"geometry":{"type":"LineString","coordinates":[[88.3275703,22.5341247],[88.3276804,22.5341789],[88.3278332,22.5342089],[88.3279921,22.534221]]}},
{"type":"Feature","properties":{"pipe_id":"P_0264","road_name":"Unnamed Street","diameter_mm":300,"depth_m":-2.2},"geometry":{"type":"LineString","coordinates":[[88.3280476,22.5366267],[88.3282786,22.5366291],[88.3283241,22.5365696],[88.3284678,22.5365747]]}},
{"type":"Feature","properties":{"pipe_id":"P_0265","road_name":"Unnamed Street","diameter_mm":300,"depth_m":-2.2},"geometry":{"type":"LineString","coordinates":[[88.3277125,22.5359108],[88.3285126,22.535928]]}},
{"type":"Feature","properties":{"pipe_id":"P_0266","road_name":"Unnamed Street","diameter_mm":300,"depth_m":-2.2},"geometry":{"type":"LineString","coordinates":[[88.3306976,22.5360445],[88.3309286,22.5360469],[88.3309551,22.53599],[88.3309581,22.535814],[88.3308049,22.5358018],[88.330695,22.5357621],[88.3306708,22.53572],[88.3306708,22.5355094],[88.3307352,22.5354475],[88.3309578,22.5353163],[88.3310144,22.5352492],[88.3310115,22.5351578],[88.3309417,22.5350958],[88.3308693,22.5349918]]}},
{"type":"Feature","properties":{"pipe_id":"P_0267","road_name":"Unnamed Street","diameter_mm":300,"depth_m":-2.2},"geometry":{"type":"LineString","coordinates":[[88.3298426,22.5340923],[88.3295717,22.5340774],[88.3295094,22.5340355]]}},
{"type":"Feature","properties":{"pipe_id":"P_0268","road_name":"Unnamed Street","diameter_mm":300,"depth_m":-2.2},"geometry":{"type":"LineString","coordinates":[[88.3285605,22.5363864],[88.328649,22.5364483],[88.3287563,22.5364557],[88.3291105,22.5364406]]}},
{"type":"Feature","properties":{"pipe_id":"P_0269","road_name":"Unnamed Street","diameter_mm":300,"depth_m":-2.2},"geometry":{"type":"LineString","coordinates":[[88.3274817,22.5427781],[88.3272912,22.5426616],[88.3269535,22.5425066]]}},
{"type":"Feature","properties":{"pipe_id":"P_0270","road_name":"Unnamed Street","diameter_mm":300,"depth_m":-2.2},"geometry":{"type":"LineString","coordinates":[[88.3270659,22.5432809],[88.327192,22.5430679],[88.3270954,22.5430035],[88.3268022,22.542841]]}},
{"type":"Feature","properties":{"pipe_id":"P_0271","road_name":"Unnamed Street","diameter_mm":300,"depth_m":-2.2},"geometry":{"type":"LineString","coordinates":[[88.3268299,22.5437392],[88.3264764,22.5435498],[88.3264623,22.5435422]]}},
{"type":"Feature","properties":{"pipe_id":"P_0272","road_name":"Munshiganj Road","diameter_mm":300,"depth_m":-2.2},"geometry":{"type":"LineString","coordinates":[[88.3233727,22.5483542],[88.3234853,22.5482427],[88.3236677,22.5479207],[88.3236768,22.5479054],[88.3238474,22.5476184],[88.3240298,22.547346],[88.3242202,22.5470611],[88.3244831,22.5466474],[88.324805,22.5461544],[88.3249954,22.5458497],[88.3251215,22.5456664],[88.3252609,22.5454435],[88.3256953,22.5447548],[88.3258053,22.5445962],[88.3259287,22.5444773],[88.3260923,22.5442816],[88.3262103,22.544096],[88.326428,22.5436134],[88.3264383,22.5435906],[88.3264623,22.5435422],[88.3267173,22.5430283],[88.3267383,22.5429819],[88.3268022,22.542841],[88.3269074,22.5426089],[88.3269535,22.5425066],[88.3270514,22.5422893]]}},
{"type":"Feature","properties":{"pipe_id":"P_0273","road_name":"Kabitirtha Sarani","diameter_mm":300,"depth_m":-2.2},"geometry":{"type":"LineString","coordinates":[[88.3215863,22.5459612],[88.3218759,22.5456875],[88.321927,22.5456392],[88.3221643,22.5454336],[88.322351,22.5452718],[88.3224017,22.5452279],[88.3225511,22.5451019],[88.3226512,22.5450174],[88.3229426,22.5447651],[88.3229617,22.5447486],[88.3231205,22.5446111],[88.3231751,22.5445638],[88.3234313,22.544342],[88.3235953,22.5442],[88.3236238,22.5441761],[88.3236734,22.5441346],[88.3239127,22.5439344],[88.3240808,22.5437937],[88.3241163,22.5437638],[88.324153,22.5437329],[88.3243143,22.543597],[88.3245512,22.5433975],[88.3245984,22.5433577],[88.3248821,22.5431085],[88.3251456,22.5428772],[88.3252086,22.5428174],[88.3253154,22.5427161],[88.3255398,22.5425031],[88.3256169,22.5424414],[88.3259979,22.5421361],[88.3260655,22.5420819],[88.3262505,22.5419606],[88.3264544,22.5418862],[88.3265675,22.5418038],[88.3265812,22.5417973]]}},
{"type":"Feature","properties":{"pipe_id":"P_0274","road_name":"Garden Reach Road","diameter_mm":300,"depth_m":-2.2},"geometry":{"type":"LineString","coordinates":[[88.3167965,22.545157],[88.3172398,22.5450519],[88.3177503,22.5449338]]}},
{"type":"Feature","properties":{"pipe_id":"P_0275","road_name":"Garden Reach Road","diameter_mm":300,"depth_m":-2.2},"geometry":{"type":"LineString","coordinates":[[88.3177503,22.5449338],[88.317849,22.5449523],[88.3180746,22.5449323],[88.3183408,22.5449134],[88.3185179,22.5449333],[88.3187834,22.5450051],[88.3189587,22.5450667],[88.3191428,22.5451661],[88.3192698,22.545245],[88.3193681,22.5453148],[88.3194486,22.5453346],[88.319513,22.5453148],[88.3196113,22.5451465]]}},
{"type":"Feature","properties":{"pipe_id":"P_0276","road_name":"Unnamed Street","diameter_mm":300,"depth_m":-2.2},"geometry":{"type":"LineString","coordinates":[[88.3258053,22.5445962],[88.3255617,22.5444274],[88.3255612,22.544366],[88.3254035,22.5442639],[88.3252815,22.5441757],[88.3254666,22.5439194],[88.325529,22.5438408],[88.3257619,22.5434979],[88.325926,22.5432562]]}},
{"type":"Feature","properties":{"pipe_id":"P_0277","road_name":"Unnamed Street","diameter_mm":300,"depth_m":-2.2},"geometry":{"type":"LineString","coordinates":[[88.3247807,22.5440638],[88.3243143,22.543597]]}},
{"type":"Feature","properties":{"pipe_id":"P_0278","road_name":"Unnamed Street","diameter_mm":300,"depth_m":-2.2},"geometry":{"type":"LineString","coordinates":[[88.3257034,22.5440613],[88.3254666,22.5439194]]}},
{"type":"Feature","properties":{"pipe_id":"P_0279","road_name":"Unnamed Street","diameter_mm":300,"depth_m":-2.2},"geometry":{"type":"LineString","coordinates":[[88.3234289,22.5461818],[88.3235308,22.5460926],[88.3236139,22.546048],[88.3238607,22.5458226],[88.3242657,22.5452751],[88.3244996,22.5450096],[88.3245359,22.5449593],[88.32466,22.5447871],[88.3249207,22.5443828],[88.324977,22.5443036]]}},
{"type":"Feature","properties":{"pipe_id":"P_0280","road_name":"Unnamed Street","diameter_mm":300,"depth_m":-2.2},"geometry":{"type":"LineString","coordinates":[[88.3231751,22.5445638],[88.3232554,22.5446235],[88.3237663,22.5450033],[88.3239766,22.5451458],[88.3231861,22.5461121],[88.3227431,22.5456756],[88.3226346,22.5455625]]}},
{"type":"Feature","properties":{"pipe_id":"P_0281","road_name":"Unnamed Street","diameter_mm":300,"depth_m":-2.2},"geometry":{"type":"LineString","coordinates":[[88.3250248,22.5438532],[88.3246627,22.5435163],[88.3245512,22.5433975]]}},
{"type":"Feature","properties":{"pipe_id":"P_0282","road_name":"Unnamed Street","diameter_mm":300,"depth_m":-2.2},"geometry":{"type":"LineString","coordinates":[[88.3231583,22.5449555],[88.3229617,22.5447486]]}},
{"type":"Feature","properties":{"pipe_id":"P_0283","road_name":"Unnamed Street","diameter_mm":300,"depth_m":-2.2},"geometry":{"type":"LineString","coordinates":[[88.3236238,22.5441761],[88.3237656,22.5443176],[88.3238017,22.5443536],[88.3242906,22.5448025],[88.3245359,22.5449593]]}},
{"type":"Feature","properties":{"pipe_id":"P_0284","road_name":"Unnamed Street","diameter_mm":300,"depth_m":-2.2},"geometry":{"type":"LineString","coordinates":[[88.3254956,22.5433598],[88.3254069,22.5434466],[88.3253171,22.5435361]]}},
{"type":"Feature","properties":{"pipe_id":"P_0285","road_name":"Unnamed Street","diameter_mm":300,"depth_m":-2.2},"geometry":{"type":"LineString","coordinates":[[88.3260065,22.5436724],[88.325889,22.5435827],[88.3257619,22.5434979]]}},
{"type":"Feature","properties":{"pipe_id":"P_0286","road_name":"Unnamed Street","diameter_mm":300,"depth_m":-2.2},"geometry":{"type":"LineString","coordinates":[[88.3252554,22.5436402],[88.3253171,22.5435361],[88.3252211,22.5434417],[88.3248821,22.5431085]]}},
{"type":"Feature","properties":{"pipe_id":"P_0287","road_name":"Unnamed Street","diameter_mm":300,"depth_m":-2.2},"geometry":{"type":"LineString","coordinates":[[88.3252211,22.5434417],[88.3254303,22.5432854],[88.3253332,22.543172],[88.3255869,22.5429451]]}},
{"type":"Feature","properties":{"pipe_id":"P_0288","road_name":"Unnamed Street","diameter_mm":300,"depth_m":-2.2},"geometry":{"type":"LineString","coordinates":[[88.3255395,22.5432621],[88.3257295,22.543076]]}},
{"type":"Feature","properties":{"pipe_id":"P_0289","road_name":"Unnamed Street","diameter_mm":300,"depth_m":-2.2},"geometry":{"type":"LineString","coordinates":[[88.3243435,22.5442793],[88.3244937,22.5441133],[88.3241163,22.5437638]]}},
{"type":"Feature","properties":{"pipe_id":"P_0290","road_name":"Nritya Ghosh Lane","diameter_mm":300,"depth_m":-2.2},"geometry":{"type":"LineString","coordinates":[[88.3253154,22.5427161],[88.3255344,22.542897],[88.3255869,22.5429451],[88.3256676,22.5430191],[88.3257295,22.543076],[88.3259084,22.5432401],[88.325926,22.5432562],[88.3260717,22.5433599],[88.326428,22.5436134]]}},
{"type":"Feature","properties":{"pipe_id":"P_0291","road_name":"Unnamed Street","diameter_mm":300,"depth_m":-2.2},"geometry":{"type":"LineString","coordinates":[[88.3239036,22.5448515],[88.3237105,22.5446856],[88.3235603,22.5445122],[88.3237656,22.5443176]]}},
{"type":"Feature","properties":{"pipe_id":"P_0292","road_name":"Unnamed Street","diameter_mm":300,"depth_m":-2.2},"geometry":{"type":"LineString","coordinates":[[88.3267146,22.5421858],[88.3267522,22.5422354],[88.3267066,22.5424237],[88.3266341,22.5424634],[88.3266878,22.5425799]]}},
{"type":"Feature","properties":{"pipe_id":"P_0293","road_name":"Unnamed Street","diameter_mm":300,"depth_m":-2.2},"geometry":{"type":"LineString","coordinates":[[88.3264518,22.5423445],[88.3262747,22.542451],[88.3262351,22.5424059],[88.3259979,22.5421361]]}},
{"type":"Feature","properties":{"pipe_id":"P_0294","road_name":"Unnamed Street","diameter_mm":300,"depth_m":-2.2},"geometry":{"type":"LineString","coordinates":[[88.3261835,22.5429514],[88.3259084,22.5432401]]}},
{"type":"Feature","properties":{"pipe_id":"P_0295","road_name":"Unnamed Street","diameter_mm":300,"depth_m":-2.2},"geometry":{"type":"LineString","coordinates":[[88.3260199,22.5425848],[88.3262351,22.5424059]]}},
{"type":"Feature","properties":{"pipe_id":"P_0296","road_name":"Unnamed Street","diameter_mm":300,"depth_m":-2.2},"geometry":{"type":"LineString","coordinates":[[88.3256676,22.5430191],[88.3259851,22.5427581],[88.3260984,22.5428382],[88.3262774,22.5427186],[88.3265805,22.5425822],[88.3266019,22.5425817],[88.3266556,22.5425806],[88.3266878,22.5425799],[88.3269074,22.5426089]]}},
{"type":"Feature","properties":{"pipe_id":"P_0297","road_name":"Unnamed Street","diameter_mm":300,"depth_m":-2.2},"geometry":{"type":"LineString","coordinates":[[88.3265242,22.5424436],[88.3264518,22.5423445]]}},
{"type":"Feature","properties":{"pipe_id":"P_0298","road_name":"Unnamed Street","diameter_mm":300,"depth_m":-2.2},"geometry":{"type":"LineString","coordinates":[[88.326374,22.5430035],[88.3262157,22.5432116],[88.3260717,22.5433599]]}},
{"type":"Feature","properties":{"pipe_id":"P_0299","road_name":"Unnamed Street","diameter_mm":300,"depth_m":-2.2},"geometry":{"type":"LineString","coordinates":[[88.3264518,22.5423445],[88.3267146,22.5421858]]}},
{"type":"Feature","properties":{"pipe_id":"P_0300","road_name":"Unnamed Street","diameter_mm":300,"depth_m":-2.2},"geometry":{"type":"LineString","coordinates":[[88.3266556,22.5425806],[88.3264598,22.5428449],[88.326543,22.5429241],[88.3266073,22.5429117],[88.3267383,22.5429819]]}},
{"type":"Feature","properties":{"pipe_id":"P_0301","road_name":"Unnamed Street","diameter_mm":300,"depth_m":-2.2},"geometry":{"type":"LineString","coordinates":[[88.3186198,22.5431744],[88.3181181,22.5431941],[88.3176514,22.5423865],[88.3175681,22.5422438],[88.3170238,22.5413114],[88.317007,22.541282],[88.3166768,22.5407049],[88.3164441,22.5402982],[88.3164088,22.5402366],[88.3163294,22.5400977],[88.3158305,22.5392009],[88.3158168,22.5390966],[88.3158429,22.539035],[88.3158734,22.5389631],[88.3160075,22.5387897],[88.3160182,22.5386906],[88.3160123,22.5384581],[88.3160107,22.5383973]]}},
{"type":"Feature","properties":{"pipe_id":"P_0302","road_name":"Unnamed Street","diameter_mm":300,"depth_m":-2.2},"geometry":{"type":"LineString","coordinates":[[88.3162434,22.5394411],[88.3166136,22.5401447],[88.3164088,22.5402366]]}},
{"type":"Feature","properties":{"pipe_id":"P_0303","road_name":"Unnamed Street","diameter_mm":300,"depth_m":-2.2},"geometry":{"type":"LineString","coordinates":[[88.3158544,22.5405682],[88.3164441,22.5402982]]}},
{"type":"Feature","properties":{"pipe_id":"P_0304","road_name":"Unnamed Street","diameter_mm":300,"depth_m":-2.2},"geometry":{"type":"LineString","coordinates":[[88.3175817,22.543531],[88.3181232,22.543288]]}},
{"type":"Feature","properties":{"pipe_id":"P_0305","road_name":"Unnamed Street","diameter_mm":300,"depth_m":-2.2},"geometry":{"type":"LineString","coordinates":[[88.3170131,22.5425104],[88.3175681,22.5422438]]}},
{"type":"Feature","properties":{"pipe_id":"P_0306","road_name":"Unnamed Street","diameter_mm":300,"depth_m":-2.2},"geometry":{"type":"LineString","coordinates":[[88.3202731,22.5453187],[88.3202707,22.545307],[88.3202155,22.5450382],[88.3201888,22.5449084],[88.3201595,22.544776],[88.3201274,22.5446312],[88.3201114,22.5445807],[88.3200506,22.5443897],[88.3199903,22.5441999],[88.3199616,22.5441004],[88.3199133,22.5438952],[88.3199074,22.543888],[88.3198912,22.543741],[88.3198838,22.5436001],[88.3198825,22.543574],[88.3198797,22.5434322],[88.3198753,22.5433133],[88.3198624,22.5431366],[88.3198645,22.5430457],[88.3197952,22.5427935]]}},
{"type":"Feature","properties":{"pipe_id":"P_0307","road_name":"Unnamed Street","diameter_mm":300,"depth_m":-2.2},"geometry":{"type":"LineString","coordinates":[[88.3178743,22.5445816],[88.3182445,22.5445023],[88.3183142,22.5443834],[88.3181265,22.5433479],[88.3181232,22.543288],[88.3181181,22.5431941]]}},
{"type":"Feature","properties":{"pipe_id":"P_0308","road_name":"Unnamed Street","diameter_mm":300,"depth_m":-2.2},"geometry":{"type":"LineString","coordinates":[[88.3178124,22.542275],[88.3174799,22.5417029],[88.3168684,22.5406129],[88.3166768,22.5407049]]}},
{"type":"Feature","properties":{"pipe_id":"P_0309","road_name":"Unnamed Street","diameter_mm":300,"depth_m":-2.2},"geometry":{"type":"LineString","coordinates":[[88.3165303,22.5415244],[88.317007,22.541282]]}},
{"type":"Feature","properties":{"pipe_id":"P_0310","road_name":"Unnamed Street","diameter_mm":300,"depth_m":-2.2},"geometry":{"type":"LineString","coordinates":[[88.3178898,22.5387675],[88.3179957,22.5390639],[88.3181074,22.539493],[88.318244,22.5399765],[88.3182803,22.5401049],[88.3183357,22.5403009],[88.3184385,22.5406418],[88.3185409,22.5409811],[88.3186092,22.5412076],[88.318635,22.5412946],[88.3187136,22.5415599],[88.3187308,22.5416179],[88.3187487,22.5416783],[88.3189066,22.5421866],[88.3189387,22.5422811],[88.3189657,22.5423667],[88.319073,22.5426937],[88.3191269,22.5429179]]}},
{"type":"Feature","properties":{"pipe_id":"P_0311","road_name":"Unnamed Street","diameter_mm":300,"depth_m":-2.2},"geometry":{"type":"LineString","coordinates":[[88.3148273,22.5386311],[88.3151814,22.538542],[88.3153906,22.5385816],[88.3157095,22.538943],[88.3158429,22.539035]]}},
{"type":"Feature","properties":{"pipe_id":"P_0312","road_name":"Ramanath Pal Road","diameter_mm":300,"depth_m":-2.2},"geometry":{"type":"LineString","coordinates":[[88.3198891,22.5387376],[88.3198991,22.538815],[88.3199071,22.538853],[88.3199102,22.5388757],[88.319942,22.5390273],[88.3200737,22.5394487],[88.3202371,22.5398636],[88.3203175,22.5400678],[88.3203378,22.5401177],[88.3204946,22.5405038],[88.3205045,22.5405258],[88.3206662,22.5408308],[88.3207872,22.541049],[88.3208735,22.5411093],[88.3208862,22.5411181]]}},
{"type":"Feature","properties":{"pipe_id":"P_0313","road_name":"Bhukalash Road","diameter_mm":300,"depth_m":-2.2},"geometry":{"type":"LineString","coordinates":[[88.3194836,22.5368029],[88.3195397,22.5370381],[88.3195427,22.5370506],[88.3195772,22.5374422],[88.3195802,22.5374767],[88.3196416,22.5378431],[88.3196516,22.5378787],[88.319663,22.5379191],[88.319731,22.538161],[88.3197894,22.5383686],[88.3197954,22.538399],[88.3198891,22.5387376]]}},
{"type":"Feature","properties":{"pipe_id":"P_0314","road_name":"Dumayne Avenue","diameter_mm":300,"depth_m":-2.2},"geometry":{"type":"LineString","coordinates":[[88.3134912,22.5443401],[88.313376,22.5438927],[88.3133652,22.5438587],[88.3131024,22.5430306],[88.3128302,22.5421661],[88.3127889,22.542035],[88.3124938,22.5411877],[88.3121851,22.5401223],[88.3121217,22.5399394],[88.3119437,22.539426],[88.3118554,22.5391712],[88.3117857,22.5389482],[88.3117461,22.5388751],[88.3115789,22.5385665],[88.3113497,22.5381029]]}},
{"type":"Feature","properties":{"pipe_id":"P_0315","road_name":"Unnamed Street","diameter_mm":300,"depth_m":-2.2},"geometry":{"type":"LineString","coordinates":[[88.312214,22.5381427],[88.3122399,22.5382518],[88.3122953,22.538485],[88.3122712,22.5386064],[88.3122104,22.5387529],[88.3122065,22.5387597],[88.312352,22.53929],[88.3124104,22.5394435],[88.3124583,22.5395934],[88.3125767,22.5399637],[88.3126816,22.5403256],[88.3132615,22.5412238],[88.3133628,22.5413909],[88.3136305,22.541923],[88.3136603,22.5419753],[88.3138787,22.5423818],[88.3143577,22.5432734],[88.3143993,22.5433479],[88.3149561,22.5443438],[88.3148056,22.5445523],[88.3147308,22.5446559],[88.314705,22.544817]]}},
{"type":"Feature","properties":{"pipe_id":"P_0316","road_name":"Unnamed Street","diameter_mm":300,"depth_m":-2.2},"geometry":{"type":"LineString","coordinates":[[88.3225384,22.5435163],[88.3226029,22.5435255],[88.3226779,22.5435362],[88.3227414,22.5435566],[88.322783,22.54357],[88.3228796,22.5436517],[88.3229492,22.5437258],[88.323003,22.543783],[88.3231532,22.543954],[88.3231956,22.5440141],[88.323276,22.5441282],[88.3234313,22.544342]]}},
{"type":"Feature","properties":{"pipe_id":"P_0317","road_name":"Unnamed Street","diameter_mm":300,"depth_m":-2.2},"geometry":{"type":"LineString","coordinates":[[88.3224739,22.5448343],[88.3224318,22.5448755],[88.322425,22.5449325],[88.3225014,22.5450439],[88.3225511,22.5451019]]}},
{"type":"Feature","properties":{"pipe_id":"P_0318","road_name":"Unnamed Street","diameter_mm":300,"depth_m":-2.2},"geometry":{"type":"LineString","coordinates":[[88.3231956,22.5440141],[88.3233404,22.5439573],[88.3234971,22.5439231]]}},
{"type":"Feature","properties":{"pipe_id":"P_0319","road_name":"Unnamed Street","diameter_mm":300,"depth_m":-2.2},"geometry":{"type":"LineString","coordinates":[[88.3224719,22.5439976],[88.3225408,22.5441613],[88.32259,22.5442767],[88.3227208,22.5444874],[88.3229426,22.5447651]]}},
{"type":"Feature","properties":{"pipe_id":"P_0320","road_name":"Unnamed Street","diameter_mm":300,"depth_m":-2.2},"geometry":{"type":"LineString","coordinates":[[88.324153,22.5437329],[88.3240222,22.5436022],[88.3239819,22.5435264],[88.3239305,22.5434296],[88.3237053,22.543474],[88.3236033,22.543494],[88.3235316,22.5434312],[88.323496,22.5433999],[88.3234053,22.5433842],[88.3233248,22.5432603],[88.3232036,22.543281],[88.3230824,22.5433111],[88.3230673,22.5433148],[88.3228415,22.5432711],[88.3227787,22.5432533],[88.3227677,22.5433722],[88.3227414,22.5435566]]}},
{"type":"Feature","properties":{"pipe_id":"P_0321","road_name":"Unnamed Street","diameter_mm":300,"depth_m":-2.2},"geometry":{"type":"LineString","coordinates":[[88.3219863,22.5434408],[88.3220207,22.5435535],[88.3220719,22.5437118]]}},
{"type":"Feature","properties":{"pipe_id":"P_0322","road_name":"Unnamed Street","diameter_mm":300,"depth_m":-2.2},"geometry":{"type":"LineString","coordinates":[[88.3218303,22.5440985],[88.3217767,22.5439201],[88.3217418,22.5437665]]}},
{"type":"Feature","properties":{"pipe_id":"P_0323","road_name":"Unnamed Street","diameter_mm":300,"depth_m":-2.2},"geometry":{"type":"LineString","coordinates":[[88.3218688,22.5436921],[88.3218335,22.5435682],[88.321806,22.5434829]]}},
{"type":"Feature","properties":{"pipe_id":"P_0324","road_name":"Unnamed Street","diameter_mm":300,"depth_m":-2.2},"geometry":{"type":"LineString","coordinates":[[88.3237053,22.543474],[88.3237132,22.5435362],[88.3237781,22.5437087],[88.3238312,22.5438458],[88.3239127,22.5439344]]}},
{"type":"Feature","properties":{"pipe_id":"P_0325","road_name":"Unnamed Street","diameter_mm":300,"depth_m":-2.2},"geometry":{"type":"LineString","coordinates":[[88.3231205,22.5446111],[88.3229922,22.5444568],[88.3229011,22.5442809],[88.3228593,22.5441832],[88.3228081,22.5440389],[88.3227933,22.5439853],[88.3228705,22.543939]]}},
{"type":"Feature","properties":{"pipe_id":"P_0326","road_name":"Unnamed Street","diameter_mm":300,"depth_m":-2.2},"geometry":{"type":"LineString","coordinates":[[88.3222695,22.5444101],[88.3224495,22.5443143],[88.32259,22.5442767]]}},
{"type":"Feature","properties":{"pipe_id":"P_0327","road_name":"Unnamed Street","diameter_mm":300,"depth_m":-2.2},"geometry":{"type":"LineString","coordinates":[[88.3227825,22.5428202],[88.3228415,22.5432711]]}},
{"type":"Feature","properties":{"pipe_id":"P_0328","road_name":"Unnamed Street","diameter_mm":300,"depth_m":-2.2},"geometry":{"type":"LineString","coordinates":[[88.3233189,22.5435585],[88.3232399,22.5434205],[88.3232036,22.543281],[88.3231768,22.5429986],[88.3231186,22.5427489]]}},
{"type":"Feature","properties":{"pipe_id":"P_0329","road_name":"Unnamed Street","diameter_mm":300,"depth_m":-2.2},"geometry":{"type":"LineString","coordinates":[[88.3221098,22.5434114],[88.3219863,22.5434408],[88.321806,22.5434829],[88.3216694,22.5435163],[88.321635,22.5432975],[88.3215734,22.5430845]]}},
{"type":"Feature","properties":{"pipe_id":"P_0330","road_name":"Unnamed Street","diameter_mm":300,"depth_m":-2.2},"geometry":{"type":"LineString","coordinates":[[88.3218303,22.5440985],[88.3218705,22.5441183],[88.3219113,22.5442834],[88.3220959,22.5442719],[88.3223051,22.5442001],[88.322311,22.5440431],[88.3224719,22.5439976],[88.322675,22.5439343],[88.3226082,22.5436253],[88.3226029,22.5435255]]}},
{"type":"Feature","properties":{"pipe_id":"P_0331","road_name":"Unnamed Street","diameter_mm":300,"depth_m":-2.2},"geometry":{"type":"LineString","coordinates":[[88.3228081,22.5440389],[88.3225408,22.5441613]]}},
{"type":"Feature","properties":{"pipe_id":"P_0332","road_name":"Unnamed Street","diameter_mm":300,"depth_m":-2.2},"geometry":{"type":"LineString","coordinates":[[88.3229492,22.5437258],[88.3231365,22.5436452],[88.3231469,22.5436419],[88.3233061,22.5435923],[88.3233189,22.5435585],[88.3233806,22.5435238],[88.3235316,22.5434312],[88.323681,22.5433231],[88.3238259,22.5432785],[88.3239605,22.5432306],[88.324092,22.5431563],[88.3243138,22.5430717],[88.3243359,22.5430633]]}},
{"type":"Feature","properties":{"pipe_id":"P_0333","road_name":"Unnamed Street","diameter_mm":300,"depth_m":-2.2},"geometry":{"type":"LineString","coordinates":[[88.3238795,22.54366],[88.3237781,22.5437087],[88.3236286,22.5437714],[88.3234772,22.5438359],[88.3234971,22.5439231],[88.3235019,22.543944],[88.3236734,22.5441346]]}},
{"type":"Feature","properties":{"pipe_id":"P_0334","road_name":"Unnamed Street","diameter_mm":300,"depth_m":-2.2},"geometry":{"type":"LineString","coordinates":[[88.3216928,22.5450257],[88.3220771,22.5449332],[88.3220427,22.5448433],[88.3220073,22.5447351],[88.321951,22.5445667],[88.3215962,22.544628]]}},
{"type":"Feature","properties":{"pipe_id":"P_0335","road_name":"Unnamed Street","diameter_mm":300,"depth_m":-2.2},"geometry":{"type":"LineString","coordinates":[[88.3225384,22.5435163],[88.3224639,22.54329],[88.3224419,22.5432325],[88.3221206,22.5432653]]}},
{"type":"Feature","properties":{"pipe_id":"P_0336","road_name":"Mohan Chand Street","diameter_mm":300,"depth_m":-2.2},"geometry":{"type":"LineString","coordinates":[[88.3240861,22.5425329],[88.3236506,22.5426306],[88.3232143,22.5427286],[88.3231292,22.5427454],[88.3231186,22.5427489],[88.3228191,22.5428124],[88.3227825,22.5428202],[88.3224319,22.5428956],[88.3221527,22.5429622],[88.3221468,22.5429664],[88.3220582,22.5429888],[88.3217177,22.543063],[88.3215734,22.5430845],[88.3213371,22.5431498]]}},
{"type":"Feature","properties":{"pipe_id":"P_0337","road_name":"Michael Madhusudan Sarani","diameter_mm":300,"depth_m":-2.2},"geometry":{"type":"LineString","coordinates":[[88.3237191,22.5405056],[88.3237674,22.5407038],[88.3238162,22.540993],[88.3238506,22.5411967],[88.3238554,22.5412352],[88.32387,22.5413524],[88.3239124,22.5416919],[88.323931,22.5418408],[88.3239585,22.5419601],[88.3239922,22.5421068],[88.3240481,22.5423603],[88.3240861,22.5425329],[88.3241267,22.5426251],[88.3241558,22.5426914],[88.3243359,22.5430633],[88.3243489,22.5430903],[88.3244884,22.543333],[88.3245512,22.5433975]]}},
{"type":"Feature","properties":{"pipe_id":"P_0338","road_name":"Unnamed Street","diameter_mm":300,"depth_m":-2.2},"geometry":{"type":"LineString","coordinates":[[88.3217042,22.5440836],[88.3216298,22.5437958]]}},
{"type":"Feature","properties":{"pipe_id":"P_0339","road_name":"Unnamed Street","diameter_mm":300,"depth_m":-2.2},"geometry":{"type":"LineString","coordinates":[[88.3236506,22.5426306],[88.3236864,22.5427732],[88.3238259,22.5432785]]}},
{"type":"Feature","properties":{"pipe_id":"P_0340","road_name":"Unnamed Street","diameter_mm":300,"depth_m":-2.2},"geometry":{"type":"LineString","coordinates":[[88.3230824,22.5433111],[88.3231044,22.5434197],[88.323129,22.5435675],[88.3231469,22.5436419]]}},
{"type":"Feature","properties":{"pipe_id":"P_0341","road_name":"Unnamed Street","diameter_mm":300,"depth_m":-2.2},"geometry":{"type":"LineString","coordinates":[[88.3221356,22.5437036],[88.3220719,22.5437118],[88.3217418,22.5437665],[88.3216298,22.5437958],[88.321419,22.5438319]]}},
{"type":"Feature","properties":{"pipe_id":"P_0342","road_name":"Unnamed Street","diameter_mm":300,"depth_m":-2.2},"geometry":{"type":"LineString","coordinates":[[88.3239305,22.5434296],[88.3239793,22.5433767],[88.3239775,22.5433631],[88.3239605,22.5432306]]}},
{"type":"Feature","properties":{"pipe_id":"P_0343","road_name":"Unnamed Street","diameter_mm":300,"depth_m":-2.2},"geometry":{"type":"LineString","coordinates":[[88.3210337,22.5428425],[88.3208245,22.5428772],[88.3208543,22.5432218]]}},
{"type":"Feature","properties":{"pipe_id":"P_0344","road_name":"Unnamed Street","diameter_mm":300,"depth_m":-2.2},"geometry":{"type":"LineString","coordinates":[[88.3205107,22.5445295],[88.320387,22.5438706],[88.3202859,22.5433123],[88.32037,22.5432935],[88.3205116,22.5432726],[88.3205609,22.5432661],[88.3208543,22.5432218],[88.3213371,22.5431498]]}},
{"type":"Feature","properties":{"pipe_id":"P_0345","road_name":"Unnamed Street","diameter_mm":300,"depth_m":-2.2},"geometry":{"type":"LineString","coordinates":[[88.3215272,22.5443883],[88.3208274,22.5444903],[88.3205107,22.5445295],[88.3201114,22.5445807]]}},
{"type":"Feature","properties":{"pipe_id":"P_0346","road_name":"Unnamed Street","diameter_mm":300,"depth_m":-2.2},"geometry":{"type":"LineString","coordinates":[[88.3202155,22.5450382],[88.3204436,22.5450174],[88.3205461,22.5449996],[88.3207574,22.5449629],[88.321064,22.5448823],[88.3211456,22.5451079],[88.3211547,22.5451332],[88.3212353,22.5453561],[88.3212649,22.5454378],[88.3213234,22.5455642],[88.3217913,22.5454054]]}},
{"type":"Feature","properties":{"pipe_id":"P_0347","road_name":"Unnamed Street","diameter_mm":300,"depth_m":-2.2},"geometry":{"type":"LineString","coordinates":[[88.3216123,22.5446944],[88.3215084,22.5447178],[88.3214521,22.5447153],[88.3213717,22.5447104],[88.3212992,22.5447748],[88.3213207,22.5448293],[88.3213507,22.5449771],[88.3212783,22.5450068],[88.3212488,22.5450712],[88.3211456,22.5451079]]}},
{"type":"Feature","properties":{"pipe_id":"P_0348","road_name":"Unnamed Street","diameter_mm":300,"depth_m":-2.2},"geometry":{"type":"LineString","coordinates":[[88.3205116,22.5432726],[88.3203363,22.5428648],[88.3202749,22.5426828]]}},
{"type":"Feature","properties":{"pipe_id":"P_0349","road_name":"Unnamed Street","diameter_mm":300,"depth_m":-2.2},"geometry":{"type":"LineString","coordinates":[[88.3204969,22.5426328],[88.3205375,22.5428178],[88.3205022,22.5429535],[88.3205609,22.5432661]]}},
{"type":"Feature","properties":{"pipe_id":"P_0350","road_name":"Unnamed Street","diameter_mm":300,"depth_m":-2.2},"geometry":{"type":"LineString","coordinates":[[88.3210793,22.5446361],[88.3208567,22.5446633],[88.3208274,22.5444903]]}},
{"type":"Feature","properties":{"pipe_id":"P_0351","road_name":"Unnamed Street","diameter_mm":300,"depth_m":-2.2},"geometry":{"type":"LineString","coordinates":[[88.3199133,22.5438952],[88.320387,22.5438706]]}},
{"type":"Feature","properties":{"pipe_id":"P_0352","road_name":"Unnamed Street","diameter_mm":300,"depth_m":-2.2},"geometry":{"type":"LineString","coordinates":[[88.3211547,22.5451332],[88.3210337,22.5451661],[88.3209425,22.545119],[88.3207585,22.5451231],[88.3206802,22.5451207],[88.3205729,22.5450737],[88.3205461,22.5449996]]}},
{"type":"Feature","properties":{"pipe_id":"P_0353","road_name":"Unnamed Street","diameter_mm":300,"depth_m":-2.2},"geometry":{"type":"LineString","coordinates":[[88.3198624,22.5431366],[88.320284,22.5431271],[88.32037,22.5432935]]}},
{"type":"Feature","properties":{"pipe_id":"P_0354","road_name":"Unnamed Street","diameter_mm":300,"depth_m":-2.2},"geometry":{"type":"LineString","coordinates":[[88.3205107,22.5445295],[88.3205614,22.5448348],[88.3201888,22.5449084]]}},
{"type":"Feature","properties":{"pipe_id":"P_0355","road_name":"Unnamed Street","diameter_mm":300,"depth_m":-2.2},"geometry":{"type":"LineString","coordinates":[[88.3192673,22.5436523],[88.319301,22.5436303],[88.3195745,22.54358]]}},
{"type":"Feature","properties":{"pipe_id":"P_0356","road_name":"Unnamed Street","diameter_mm":300,"depth_m":-2.2},"geometry":{"type":"LineString","coordinates":[[88.3191138,22.5443454],[88.3191244,22.5443426],[88.3192372,22.5443132],[88.3193117,22.5442868],[88.3194163,22.5442546],[88.3195665,22.5443115],[88.3196899,22.5443883],[88.3197141,22.544428]]}},
{"type":"Feature","properties":{"pipe_id":"P_0357","road_name":"Unnamed Street","diameter_mm":300,"depth_m":-2.2},"geometry":{"type":"LineString","coordinates":[[88.3198433,22.5449201],[88.3197377,22.5446192],[88.3197655,22.5446129],[88.3197141,22.544428],[88.3200506,22.5443897]]}},
{"type":"Feature","properties":{"pipe_id":"P_0358","road_name":"Unnamed Street","diameter_mm":300,"depth_m":-2.2},"geometry":{"type":"LineString","coordinates":[[88.3194413,22.5450756],[88.3194861,22.5450397],[88.3195478,22.5450203],[88.3196041,22.5450026],[88.3198433,22.5449201],[88.3199662,22.5448466],[88.3201595,22.544776]]}},
{"type":"Feature","properties":{"pipe_id":"P_0359","road_name":"Unnamed Street","diameter_mm":300,"depth_m":-2.2},"geometry":{"type":"LineString","coordinates":[[88.3194473,22.5445106],[88.3194136,22.5444379],[88.3193117,22.5442868],[88.3192935,22.5442364],[88.3192103,22.5441397],[88.3191152,22.5440898]]}},
{"type":"Feature","properties":{"pipe_id":"P_0360","road_name":"Unnamed Street","diameter_mm":300,"depth_m":-2.2},"geometry":{"type":"LineString","coordinates":[[88.3195209,22.5433974],[88.3194991,22.5432658],[88.3194646,22.543058],[88.3194354,22.5428773]]}},
{"type":"Feature","properties":{"pipe_id":"P_0361","road_name":"Unnamed Street","diameter_mm":300,"depth_m":-2.2},"geometry":{"type":"LineString","coordinates":[[88.3194163,22.5442546],[88.3193841,22.5440985],[88.3194083,22.5440242]]}},
{"type":"Feature","properties":{"pipe_id":"P_0362","road_name":"Unnamed Street","diameter_mm":300,"depth_m":-2.2},"geometry":{"type":"LineString","coordinates":[[88.3191244,22.5443426],[88.3191934,22.5444947],[88.3192178,22.5446138]]}},
{"type":"Feature","properties":{"pipe_id":"P_0363","road_name":"Unnamed Street","diameter_mm":300,"depth_m":-2.2},"geometry":{"type":"LineString","coordinates":[[88.3196094,22.5446658],[88.3195531,22.5444973],[88.3194732,22.5444989],[88.3194473,22.5445106],[88.3192178,22.5446138],[88.3191165,22.544655],[88.3191749,22.5448219],[88.3191428,22.5449183]]}},
{"type":"Feature","properties":{"pipe_id":"P_0364","road_name":"Unnamed Street","diameter_mm":300,"depth_m":-2.2},"geometry":{"type":"LineString","coordinates":[[88.3186015,22.5434485],[88.3190435,22.5434197],[88.3192732,22.5433843]]}},
{"type":"Feature","properties":{"pipe_id":"P_0365","road_name":"Unnamed Street","diameter_mm":300,"depth_m":-2.2},"geometry":{"type":"LineString","coordinates":[[88.3193627,22.5439945],[88.3192673,22.5436523],[88.318593,22.5437541]]}},
{"type":"Feature","properties":{"pipe_id":"P_0366","road_name":"Unnamed Street","diameter_mm":300,"depth_m":-2.2},"geometry":{"type":"LineString","coordinates":[[88.3197377,22.5446192],[88.3196094,22.5446658],[88.3194271,22.5447203],[88.3195478,22.5450203]]}},
{"type":"Feature","properties":{"pipe_id":"P_0367","road_name":"Unnamed Street","diameter_mm":300,"depth_m":-2.2},"geometry":{"type":"LineString","coordinates":[[88.3186118,22.5442],[88.3187833,22.5441902],[88.3190762,22.5441348],[88.3191152,22.5440898],[88.3191299,22.5440729],[88.3193627,22.5439945],[88.3194083,22.5440242],[88.3196175,22.5440019],[88.3197977,22.5439267],[88.3199074,22.543888]]}},
{"type":"Feature","properties":{"pipe_id":"P_0368","road_name":"Unnamed Street","diameter_mm":300,"depth_m":-2.2},"geometry":{"type":"LineString","coordinates":[[88.3194163,22.5442546],[88.3196497,22.5441654],[88.3196556,22.5441889],[88.3197189,22.5441761],[88.3199616,22.5441004]]}},
{"type":"Feature","properties":{"pipe_id":"P_0369","road_name":"Unnamed Street","diameter_mm":300,"depth_m":-2.2},"geometry":{"type":"LineString","coordinates":[[88.3192101,22.542907],[88.3192564,22.5432575],[88.3192732,22.5433843],[88.3192795,22.5434321],[88.3195209,22.5433974],[88.3195745,22.54358],[88.3195934,22.5436813]]}},
{"type":"Feature","properties":{"pipe_id":"P_0370","road_name":"Unnamed Street","diameter_mm":300,"depth_m":-2.2},"geometry":{"type":"LineString","coordinates":[[88.3192564,22.5432575],[88.3193305,22.5432736],[88.3194077,22.5432715],[88.3194991,22.5432658]]}},
{"type":"Feature","properties":{"pipe_id":"P_0371","road_name":"Unnamed Street","diameter_mm":300,"depth_m":-2.2},"geometry":{"type":"LineString","coordinates":[[88.3122416,22.5398871],[88.31214,22.5395295],[88.312352,22.53929]]}},
{"type":"Feature","properties":{"pipe_id":"P_0372","road_name":"Unnamed Street","diameter_mm":300,"depth_m":-2.2},"geometry":{"type":"LineString","coordinates":[[88.3121289,22.5391563],[88.3119867,22.5387698],[88.3120618,22.5387203],[88.3122104,22.5387529]]}},
{"type":"Feature","properties":{"pipe_id":"P_0373","road_name":"Unnamed Street","diameter_mm":300,"depth_m":-2.2},"geometry":{"type":"LineString","coordinates":[[88.3136305,22.541923],[88.31358,22.5419656],[88.3133832,22.5421424],[88.313119,22.5425419],[88.31328,22.5431117],[88.313465,22.5437137],[88.3135612,22.5438978],[88.3137087,22.5440068],[88.3139183,22.5441323],[88.3143873,22.5443462],[88.3148056,22.5445523]]}},
{"type":"Feature","properties":{"pipe_id":"P_0374","road_name":"Unnamed Street","diameter_mm":300,"depth_m":-2.2},"geometry":{"type":"LineString","coordinates":[[88.3150457,22.5430479],[88.3147816,22.5431794],[88.3143993,22.5433479]]}},
{"type":"Feature","properties":{"pipe_id":"P_0375","road_name":"Unnamed Street","diameter_mm":300,"depth_m":-2.2},"geometry":{"type":"LineString","coordinates":[[88.3138787,22.5423818],[88.3140708,22.5422876],[88.3144678,22.542082]]}},
{"type":"Feature","properties":{"pipe_id":"P_0376","road_name":"Unnamed Street","diameter_mm":300,"depth_m":-2.2},"geometry":{"type":"LineString","coordinates":[[88.3133628,22.5413909],[88.3135108,22.5413244],[88.3139245,22.5411603]]}},
{"type":"Feature","properties":{"pipe_id":"P_0377","road_name":"Unnamed Street","diameter_mm":300,"depth_m":-2.2},"geometry":{"type":"LineString","coordinates":[[88.3156885,22.5450018],[88.3151705,22.5442397],[88.3156157,22.5440247]]}},
{"type":"Feature","properties":{"pipe_id":"P_0378","road_name":"Unnamed Street","diameter_mm":300,"depth_m":-2.2},"geometry":{"type":"LineString","coordinates":[[88.3132615,22.5412238],[88.3134325,22.541153],[88.3138106,22.5409672]]}},
{"type":"Feature","properties":{"pipe_id":"P_0379","road_name":"Unnamed Street","diameter_mm":300,"depth_m":-2.2},"geometry":{"type":"LineString","coordinates":[[88.3167611,22.5450496],[88.3166082,22.5450571],[88.3165116,22.5449951],[88.316107,22.5445733],[88.3156698,22.5441174],[88.3156157,22.5440247],[88.3152134,22.5433355],[88.3151387,22.5432033],[88.3150457,22.5430479],[88.3144678,22.542082],[88.3139245,22.5411603],[88.3138106,22.5409672],[88.3133202,22.5400844],[88.3131481,22.5399367],[88.3129014,22.5398252],[88.3126309,22.5397004],[88.3124583,22.5395934]]}},
{"type":"Feature","properties":{"pipe_id":"P_0380","road_name":"Brace Bridge Road","diameter_mm":300,"depth_m":-2.2},"geometry":{"type":"LineString","coordinates":[[88.3125312,22.5469274],[88.3128642,22.5469648],[88.3129067,22.5469695],[88.3132583,22.5470253],[88.3133868,22.547081],[88.3137706,22.5471293],[88.3139316,22.5466413],[88.3139905,22.5465188],[88.3139393,22.5462015],[88.3139368,22.5449879],[88.3139583,22.5447798],[88.3140227,22.544651],[88.3140784,22.5445657]]}},
{"type":"Feature","properties":{"pipe_id":"P_0381","road_name":"Unnamed Street","diameter_mm":300,"depth_m":-2.2},"geometry":{"type":"LineString","coordinates":[[88.3121986,22.5447896],[88.3120055,22.5447574],[88.311695,22.5446844]]}},
{"type":"Feature","properties":{"pipe_id":"P_0382","road_name":"Unnamed Street","diameter_mm":300,"depth_m":-2.2},"geometry":{"type":"LineString","coordinates":[[88.3124748,22.5443041],[88.3127484,22.5443412],[88.3127979,22.5441095]]}},
{"type":"Feature","properties":{"pipe_id":"P_0383","road_name":"Unnamed Street","diameter_mm":300,"depth_m":-2.2},"geometry":{"type":"LineString","coordinates":[[88.3136671,22.5444045],[88.3136792,22.5447227],[88.3136672,22.5450099],[88.3136553,22.5455563],[88.3136389,22.5458251],[88.3136228,22.5460802],[88.3136228,22.5463304]]}},
{"type":"Feature","properties":{"pipe_id":"P_0384","road_name":"Pitambar Sarkar Lane","diameter_mm":300,"depth_m":-2.2},"geometry":{"type":"LineString","coordinates":[[88.3218557,22.5407597],[88.3217525,22.5405114],[88.3216908,22.5403529],[88.3216456,22.5401553],[88.3215845,22.5399857],[88.3215415,22.5399244],[88.3214329,22.5398037],[88.3213198,22.5395943],[88.3212533,22.5394601],[88.3211989,22.5393181],[88.3211858,22.5392615],[88.321149,22.5390176],[88.321149,22.5389843]]}},
{"type":"Feature","properties":{"pipe_id":"P_0385","road_name":"Unnamed Street","diameter_mm":300,"depth_m":-2.2},"geometry":{"type":"LineString","coordinates":[[88.3239679,22.5316636],[88.3241341,22.5315913],[88.3241768,22.5317581],[88.3241799,22.5317761],[88.3242067,22.5320784]]}},
{"type":"Feature","properties":{"pipe_id":"P_0386","road_name":"Ram Kamal Street","diameter_mm":300,"depth_m":-2.2},"geometry":{"type":"LineString","coordinates":[[88.3208735,22.5411093],[88.3211506,22.5410039],[88.3214368,22.5408906],[88.3215728,22.5408434],[88.3218557,22.5407597],[88.3220319,22.5407076],[88.3221056,22.5406833],[88.3222016,22.5406516],[88.3224445,22.5405712],[88.3226189,22.5405139],[88.3227092,22.5404984],[88.3228944,22.5404665],[88.3231231,22.5404272],[88.323268,22.5404123],[88.323327,22.5404297],[88.3235201,22.5404743],[88.3237191,22.5405056],[88.3240479,22.5404863],[88.3241577,22.5404989],[88.3243543,22.5405461],[88.3245447,22.540561],[88.3245903,22.5405714],[88.3247619,22.5406105],[88.3249825,22.5406925]]}},
{"type":"Feature","properties":{"pipe_id":"P_0387","road_name":"Kabi Mohammad Iqbal Road","diameter_mm":300,"depth_m":-2.2},"geometry":{"type":"LineString","coordinates":[[88.3271482,22.5334321],[88.3271315,22.5334413],[88.3266931,22.5335128],[88.3264839,22.5335476],[88.3261862,22.5335971],[88.3260843,22.5336149],[88.3257463,22.5336739],[88.3253869,22.5337249],[88.3250838,22.533768],[88.3246225,22.5338498],[88.3243037,22.5339171],[88.3240357,22.5340319],[88.3240078,22.5340439],[88.3239519,22.5340678],[88.3235951,22.5342439],[88.3235313,22.5342619],[88.3234799,22.5343007],[88.3232143,22.5343973],[88.3228826,22.5344521],[88.3227342,22.5344765],[88.3224606,22.5345633],[88.3224317,22.534566],[88.3221862,22.5345888],[88.3221683,22.5345905],[88.3217395,22.5346708],[88.3215013,22.5347154],[88.3214468,22.5347257],[88.3213586,22.5347421],[88.321121,22.5347927],[88.3207789,22.5348655],[88.3206853,22.5348889],[88.3204601,22.5349453],[88.3201306,22.5350344],[88.3200117,22.5350641],[88.3198803,22.5351083],[88.3197047,22.5351686],[88.3195826,22.5352018],[88.3191076,22.5353511]]}},
{"type":"Feature","properties":{"pipe_id":"P_0388","road_name":"Hossain Shah Road","diameter_mm":300,"depth_m":-2.2},"geometry":{"type":"LineString","coordinates":[[88.3182285,22.5271709],[88.3185798,22.5271503],[88.318786,22.5271382],[88.3188078,22.5271369],[88.318982,22.5271267],[88.3191074,22.5271176],[88.3191804,22.5271152],[88.3195155,22.5270961],[88.3196077,22.5270823],[88.3198658,22.5270436],[88.3199286,22.5270342],[88.3202374,22.5270219],[88.3203528,22.5270173],[88.3207068,22.5270396],[88.3209586,22.5270803],[88.3210873,22.5271011],[88.3212165,22.5271049],[88.3215303,22.527114],[88.3219085,22.527104],[88.3219323,22.5271014]]}},
{"type":"Feature","properties":{"pipe_id":"P_0389","road_name":"Manastala Lane","diameter_mm":300,"depth_m":-2.2},"geometry":{"type":"LineString","coordinates":[[88.3273869,22.5381127],[88.3272993,22.5381084],[88.3270606,22.5381356],[88.3268759,22.5381832],[88.326787,22.5382298],[88.3264967,22.5383363],[88.3264088,22.5383685],[88.32635,22.5383518],[88.3262854,22.5383413],[88.326141,22.5383641],[88.3260042,22.5384062],[88.3258962,22.5384696],[88.3258026,22.5385246],[88.3257726,22.5385339],[88.3256524,22.5385712],[88.3255214,22.5386118],[88.3254158,22.538674],[88.3252881,22.5387456],[88.3248777,22.5390255],[88.3246761,22.5391662],[88.3242067,22.539461],[88.3241211,22.5395284],[88.3240677,22.5395705],[88.3239662,22.5396927],[88.3239385,22.5397261],[88.3238639,22.5398049]]}},
{"type":"Feature","properties":{"pipe_id":"P_0390","road_name":"Rangalal Street","diameter_mm":300,"depth_m":-2.2},"geometry":{"type":"LineString","coordinates":[[88.3221782,22.5389325],[88.3221797,22.538991],[88.3221788,22.5390218],[88.3221782,22.5390438],[88.3221767,22.5390949],[88.3222138,22.539191],[88.3223292,22.5392901],[88.3225549,22.5394442],[88.3226851,22.5395434],[88.3228468,22.5396666],[88.3230139,22.5398164],[88.3230407,22.5398555],[88.3231477,22.5400115],[88.3232438,22.5402216],[88.3232659,22.5402546],[88.323327,22.5404297]]}},
{"type":"Feature","properties":{"pipe_id":"P_0391","road_name":"Bhukaliash Road","diameter_mm":300,"depth_m":-2.2},"geometry":{"type":"LineString","coordinates":[[88.3185595,22.5254371],[88.3185312,22.5256567],[88.3184887,22.5259966],[88.3183917,22.5263578],[88.3183691,22.5264676],[88.3182603,22.526997],[88.3182285,22.5271709],[88.3181479,22.527502],[88.3181342,22.5275556],[88.3181266,22.5275896],[88.3181005,22.5279088],[88.3180997,22.5279192],[88.3180886,22.5283101],[88.3180913,22.5283347],[88.3181191,22.5285898],[88.3181234,22.5286293],[88.3181315,22.528704],[88.3181478,22.5287951],[88.3182147,22.5291698],[88.3182626,22.5294076],[88.3183275,22.5297303],[88.3184052,22.5300774],[88.3184132,22.5301559],[88.3184559,22.5303808],[88.3184748,22.5304804],[88.3184811,22.530552],[88.318506,22.5308343],[88.3185097,22.5308768],[88.3185392,22.5314541],[88.3185527,22.5316517],[88.3185602,22.5317607],[88.3185769,22.5320061],[88.3185795,22.5320437],[88.3185786,22.5321078],[88.3185741,22.5324153],[88.3185741,22.5326553],[88.3185741,22.5327891],[88.3185741,22.5331338],[88.3186129,22.5334073],[88.3186331,22.53355],[88.3186863,22.5337795],[88.318715,22.5339035],[88.3187565,22.5340826],[88.3188917,22.5345564],[88.3189255,22.5346747],[88.3189416,22.5347401],[88.3189957,22.5349599],[88.319014,22.535034],[88.3190233,22.5350655],[88.3191076,22.5353511],[88.3191749,22.535579],[88.3192313,22.5358037],[88.3192607,22.5359209],[88.3193018,22.5360748],[88.3193976,22.5364329],[88.3194163,22.5365031],[88.319471,22.5367466],[88.3194836,22.5368029]]}},
{"type":"Feature","properties":{"pipe_id":"P_0392","road_name":"Ekbalpur Lane","diameter_mm":300,"depth_m":-2.2},"geometry":{"type":"LineString","coordinates":[[88.3159035,22.5337355],[88.3160904,22.5336808],[88.3164019,22.533605],[88.3170159,22.53348],[88.3170855,22.5334658],[88.31726,22.5334273],[88.3176809,22.5333345],[88.3177377,22.5333217],[88.3180041,22.5332619],[88.3183882,22.5331756],[88.3185741,22.5331338],[88.3190327,22.5330314],[88.3192263,22.5329881],[88.319366,22.5329573],[88.319423,22.5329448],[88.3197223,22.5328788],[88.3198673,22.5328469],[88.3201477,22.5327774],[88.3201632,22.5327736],[88.3205767,22.5326706],[88.3210139,22.5325748],[88.3210609,22.5325645],[88.3211127,22.5325483],[88.3212766,22.5325123],[88.3215536,22.5324454],[88.3216349,22.5324257],[88.3217538,22.5324022],[88.3217851,22.532396],[88.3224311,22.5322444],[88.322466,22.5322361],[88.3226931,22.532182],[88.3228857,22.5321362],[88.3230538,22.5320962],[88.3231505,22.5320778],[88.32342,22.5320265],[88.3234986,22.5320115],[88.3236215,22.5320058],[88.3237132,22.5320016],[88.3237391,22.5320032],[88.3240677,22.5320467],[88.3242067,22.5320784],[88.3245071,22.5320858],[88.3246527,22.5320922],[88.3247599,22.5320969],[88.3248005,22.5320922],[88.3250417,22.5321093],[88.3250704,22.5321106],[88.325454,22.5320288],[88.3257357,22.5319754],[88.3258567,22.5319525],[88.3261889,22.531952],[88.3264384,22.5319268],[88.3267039,22.5319],[88.3268782,22.5318851],[88.3269593,22.5318706]]}},
{"type":"Feature","properties":{"pipe_id":"P_0393","road_name":"Mayurbhanj Road","diameter_mm":300,"depth_m":-2.2},"geometry":{"type":"LineString","coordinates":[[88.3181005,22.5279088],[88.3181665,22.5279327],[88.3182604,22.5279707],[88.3186123,22.5280896],[88.3186468,22.5281033],[88.3189604,22.5282284],[88.3189775,22.5282339],[88.3191561,22.5282915],[88.3193147,22.5283426],[88.3194137,22.5283745],[88.3196123,22.5284508],[88.3198778,22.5285529],[88.3199583,22.5285754],[88.3200586,22.5286021],[88.3201331,22.5286223],[88.3204505,22.528733],[88.3205381,22.5287635],[88.320892,22.5288929],[88.3209378,22.5289097],[88.3211919,22.528989],[88.3215069,22.5290937],[88.3219295,22.5292342],[88.3219953,22.5292443],[88.3220905,22.529259],[88.3222326,22.5293011],[88.3223158,22.5293482],[88.322586,22.5294444],[88.3229354,22.5295687],[88.3230212,22.5295969],[88.3234079,22.5297239],[88.3235966,22.5297859],[88.3236761,22.529812],[88.3238195,22.5298642],[88.3238577,22.5298792],[88.3240984,22.5299739],[88.3241853,22.5299973],[88.3246864,22.5301929],[88.3247378,22.5302181],[88.32492,22.5302755],[88.3251053,22.5303522],[88.3252273,22.5303924],[88.3255134,22.5304561],[88.3256951,22.5305058],[88.3260548,22.5306043],[88.3260897,22.5306137],[88.3264003,22.5307256],[88.3264571,22.5307455],[88.3266664,22.5308202],[88.3267563,22.5308209]]}},
{"type":"Feature","properties":{"pipe_id":"P_0394","road_name":"Dalu Sarkar Lane","diameter_mm":300,"depth_m":-2.2},"geometry":{"type":"LineString","coordinates":[[88.3228388,22.5261076],[88.3225665,22.5261444],[88.3218091,22.5262468]]}},
{"type":"Feature","properties":{"pipe_id":"P_0395","road_name":"Cold Dock Depot Road","diameter_mm":300,"depth_m":-2.2},"geometry":{"type":"LineString","coordinates":[[88.3121988,22.5380789],[88.3118283,22.537075],[88.3117764,22.5369254],[88.3113401,22.5356678],[88.3113257,22.5356247],[88.31097,22.5345579],[88.3107077,22.5337723],[88.3104282,22.533012],[88.3103853,22.5327345],[88.3104067,22.532462],[88.3104404,22.532312],[88.3105247,22.5319368],[88.3107018,22.5309755],[88.3107715,22.5304701],[88.3108642,22.5299753],[88.3108949,22.5298114],[88.3109485,22.5293852],[88.3110564,22.5290701],[88.3111583,22.5288868],[88.3112276,22.5287559]]}},
{"type":"Feature","properties":{"pipe_id":"P_0396","road_name":"Unnamed Street","diameter_mm":300,"depth_m":-2.2},"geometry":{"type":"LineString","coordinates":[[88.3221367,22.529053],[88.3220449,22.5291872],[88.3219953,22.5292443]]}},
{"type":"Feature","properties":{"pipe_id":"P_0397","road_name":"Mominpur Road","diameter_mm":300,"depth_m":-2.2},"geometry":{"type":"LineString","coordinates":[[88.3219295,22.5292342],[88.3219242,22.5293903],[88.3219328,22.5294792],[88.3219607,22.5297667],[88.3219617,22.5297768],[88.3219719,22.5298295],[88.3220073,22.5300122],[88.3220264,22.5301084],[88.3220603,22.5302784],[88.3221016,22.5304859],[88.3221147,22.5305546],[88.3221579,22.5307819],[88.3221769,22.5308816],[88.3221897,22.5309487],[88.3222231,22.5311238],[88.3222304,22.5311585],[88.3222642,22.5313394],[88.3223058,22.5315579],[88.3223296,22.5316825],[88.3223933,22.5319961],[88.3224311,22.5321824],[88.322466,22.5322361],[88.3225035,22.5324698],[88.3225188,22.5325771],[88.322557,22.5328101],[88.3225614,22.5328382],[88.3226001,22.5330842],[88.322617,22.5331625],[88.3226686,22.5334007],[88.3226781,22.5334164],[88.3227101,22.5335921],[88.3227095,22.5335971],[88.3227493,22.5337555],[88.3227696,22.5339422],[88.3228066,22.5341594],[88.3228826,22.5344521]]}},
{"type":"Feature","properties":{"pipe_id":"P_0398","road_name":"Debi Chowdhury Road","diameter_mm":300,"depth_m":-2.2},"geometry":{"type":"LineString","coordinates":[[88.3216939,22.5255387],[88.3217069,22.5256467],[88.3217364,22.5257683],[88.3217449,22.5258033],[88.3217771,22.5260256],[88.3218091,22.5262468],[88.321831,22.5263975],[88.3218464,22.526504],[88.3218502,22.5265303],[88.3219323,22.5271014],[88.3219997,22.5274757],[88.3220667,22.5280406],[88.3220687,22.5284043],[88.322069,22.5284489],[88.3221146,22.528932],[88.3221367,22.529053],[88.3221548,22.5291525],[88.3222326,22.5293011]]}},
{"type":"Feature","properties":{"pipe_id":"P_0399","road_name":"Unnamed Street","diameter_mm":300,"depth_m":-2.2},"geometry":{"type":"LineString","coordinates":[[88.3315877,22.534043],[88.3316062,22.5339817],[88.3315525,22.5339198],[88.3314882,22.5339074]]}},
{"type":"Feature","properties":{"pipe_id":"P_0400","road_name":"Unnamed Street","diameter_mm":300,"depth_m":-2.2},"geometry":{"type":"LineString","coordinates":[[88.3314694,22.5338603],[88.3314909,22.5338207],[88.3314694,22.5337687],[88.3314003,22.533694]]}},
{"type":"Feature","properties":{"pipe_id":"P_0401","road_name":"Unnamed Street","diameter_mm":300,"depth_m":-2.2},"geometry":{"type":"LineString","coordinates":[[88.3312454,22.5379486],[88.3312226,22.5379703],[88.3311843,22.5379854],[88.3311332,22.5379754],[88.331107,22.5379332],[88.3310925,22.537897]]}},
{"type":"Feature","properties":{"pipe_id":"P_0402","road_name":"Jagannath Sarkar Lane","diameter_mm":300,"depth_m":-2.2},"geometry":{"type":"LineString","coordinates":[[88.3240481,22.5423603],[88.3243676,22.5422999],[88.3246056,22.5422366],[88.3248424,22.5421736],[88.325014,22.5425188],[88.3252086,22.5428174]]}},
{"type":"Feature","properties":{"pipe_id":"P_0403","road_name":"Unnamed Street","diameter_mm":300,"depth_m":-2.2},"geometry":{"type":"LineString","coordinates":[[88.3252773,22.5418495],[88.325647,22.541693],[88.3258831,22.5415741]]}},
{"type":"Feature","properties":{"pipe_id":"P_0404","road_name":"Unnamed Street","diameter_mm":300,"depth_m":-2.2},"geometry":{"type":"LineString","coordinates":[[88.3247753,22.542674],[88.324573,22.5427633]]}},
{"type":"Feature","properties":{"pipe_id":"P_0405","road_name":"Ashu Babu Lane","diameter_mm":300,"depth_m":-2.2},"geometry":{"type":"LineString","coordinates":[[88.3253622,22.5409439],[88.3253064,22.5409845],[88.325242,22.5410324],[88.3251535,22.5410374],[88.3250784,22.5410167],[88.324888,22.5410092],[88.3247404,22.54102],[88.3246707,22.5410712],[88.3244017,22.541131],[88.3242362,22.5411678],[88.3238554,22.5412352]]}},
{"type":"Feature","properties":{"pipe_id":"P_0406","road_name":"Unnamed Street","diameter_mm":300,"depth_m":-2.2},"geometry":{"type":"LineString","coordinates":[[88.3244017,22.541131],[88.3244695,22.541418],[88.3244883,22.5414527],[88.3245011,22.5415876],[88.3245178,22.5417648],[88.3246056,22.5422366]]}},
{"type":"Feature","properties":{"pipe_id":"P_0407","road_name":"Unnamed Street","diameter_mm":300,"depth_m":-2.2},"geometry":{"type":"LineString","coordinates":[[88.3259126,22.5416459],[88.325639,22.5418045],[88.3256551,22.54184],[88.3255987,22.5418565],[88.3254271,22.5419754],[88.325341,22.5420078]]}},
{"type":"Feature","properties":{"pipe_id":"P_0408","road_name":"Unnamed Street","diameter_mm":300,"depth_m":-2.2},"geometry":{"type":"LineString","coordinates":[[88.3259126,22.5416459],[88.3258831,22.5415741],[88.3258455,22.5414981],[88.3259778,22.5413776],[88.3259859,22.5413719]]}},
{"type":"Feature","properties":{"pipe_id":"P_0409","road_name":"Unnamed Street","diameter_mm":300,"depth_m":-2.2},"geometry":{"type":"LineString","coordinates":[[88.3247914,22.5414734],[88.3247967,22.5415526],[88.3247994,22.5415939],[88.3248692,22.5420184],[88.3248692,22.5421438],[88.3248424,22.5421736]]}},
{"type":"Feature","properties":{"pipe_id":"P_0410","road_name":"Unnamed Street","diameter_mm":300,"depth_m":-2.2},"geometry":{"type":"LineString","coordinates":[[88.3247297,22.543048],[88.324573,22.5427633],[88.3244829,22.5425997],[88.3244508,22.542603],[88.3243968,22.5425547],[88.3241267,22.5426251]]}},
{"type":"Feature","properties":{"pipe_id":"P_0411","road_name":"Unnamed Street","diameter_mm":300,"depth_m":-2.2},"geometry":{"type":"LineString","coordinates":[[88.323968,22.5406698],[88.323984,22.5408061],[88.3240016,22.5408994],[88.3240267,22.5409715]]}},
{"type":"Feature","properties":{"pipe_id":"P_0412","road_name":"Unnamed Street","diameter_mm":300,"depth_m":-2.2},"geometry":{"type":"LineString","coordinates":[[88.3258274,22.5412751],[88.3255907,22.5414849],[88.3255309,22.5415204],[88.3254226,22.5415299],[88.3251853,22.5416335]]}},
{"type":"Feature","properties":{"pipe_id":"P_0413","road_name":"Unnamed Street","diameter_mm":300,"depth_m":-2.2},"geometry":{"type":"LineString","coordinates":[[88.325647,22.541693],[88.3255309,22.5415204]]}},
{"type":"Feature","properties":{"pipe_id":"P_0414","road_name":"Unnamed Street","diameter_mm":300,"depth_m":-2.2},"geometry":{"type":"LineString","coordinates":[[88.3245011,22.5415876],[88.3242415,22.5416162],[88.3240779,22.5416632],[88.3239124,22.5416919]]}},
{"type":"Feature","properties":{"pipe_id":"P_0415","road_name":"Unnamed Street","diameter_mm":300,"depth_m":-2.2},"geometry":{"type":"LineString","coordinates":[[88.3253117,22.5413115],[88.3251468,22.5413294]]}},
{"type":"Feature","properties":{"pipe_id":"P_0416","road_name":"Durga Das Lane","diameter_mm":300,"depth_m":-2.2},"geometry":{"type":"LineString","coordinates":[[88.3251535,22.5410374],[88.3251481,22.5411182],[88.3251401,22.5412991],[88.3251468,22.5413294],[88.325183,22.5414932],[88.3251853,22.5416335],[88.3252773,22.5418495],[88.3253064,22.5419298],[88.325341,22.5420078],[88.3253681,22.5420596],[88.3254619,22.5422231],[88.3256169,22.5424414]]}},
{"type":"Feature","properties":{"pipe_id":"P_0417","road_name":"Unnamed Street","diameter_mm":300,"depth_m":-2.2},"geometry":{"type":"LineString","coordinates":[[88.325065,22.542077],[88.3249604,22.5418391],[88.3249148,22.5415319],[88.3247967,22.5415526]]}},
{"type":"Feature","properties":{"pipe_id":"P_0418","road_name":"Unnamed Street","diameter_mm":300,"depth_m":-2.2},"geometry":{"type":"LineString","coordinates":[[88.3238162,22.540993],[88.3240109,22.5409746],[88.3240267,22.5409715],[88.3241632,22.540952],[88.3241577,22.5404989]]}},
{"type":"Feature","properties":{"pipe_id":"P_0419","road_name":"Unnamed Street","diameter_mm":300,"depth_m":-2.2},"geometry":{"type":"LineString","coordinates":[[88.32224,22.5411291],[88.3222557,22.5412528],[88.3222701,22.5413065],[88.3222742,22.5414036],[88.3222868,22.5414834],[88.3222889,22.5415155],[88.3222782,22.541688],[88.3220088,22.5417674]]}},
{"type":"Feature","properties":{"pipe_id":"P_0420","road_name":"Unnamed Street","diameter_mm":300,"depth_m":-2.2},"geometry":{"type":"LineString","coordinates":[[88.3222557,22.5412528],[88.3221333,22.5412694],[88.3219163,22.5412836]]}},
{"type":"Feature","properties":{"pipe_id":"P_0421","road_name":"Unnamed Street","diameter_mm":300,"depth_m":-2.2},"geometry":{"type":"LineString","coordinates":[[88.3222868,22.5414834],[88.3223533,22.5414774],[88.3225357,22.5414254],[88.3227422,22.541404],[88.323048,22.5414007]]}},
{"type":"Feature","properties":{"pipe_id":"P_0422","road_name":"Unnamed Street","diameter_mm":300,"depth_m":-2.2},"geometry":{"type":"LineString","coordinates":[[88.3228944,22.5404665],[88.3229597,22.5407986],[88.3229621,22.5408111],[88.3230017,22.5410486]]}},
{"type":"Feature","properties":{"pipe_id":"P_0423","road_name":"Unnamed Street","diameter_mm":300,"depth_m":-2.2},"geometry":{"type":"LineString","coordinates":[[88.323048,22.5414007],[88.3230748,22.5417326],[88.3230492,22.5418897]]}},
{"type":"Feature","properties":{"pipe_id":"P_0424","road_name":"Unnamed Street","diameter_mm":300,"depth_m":-2.2},"geometry":{"type":"LineString","coordinates":[[88.3224766,22.541688],[88.3224203,22.5416732],[88.3223533,22.5414774]]}},
{"type":"Feature","properties":{"pipe_id":"P_0425","road_name":"Unnamed Street","diameter_mm":300,"depth_m":-2.2},"geometry":{"type":"LineString","coordinates":[[88.3219996,22.542235],[88.3220141,22.542475],[88.3220774,22.5427775],[88.3221203,22.5428568],[88.3221527,22.5429622]]}},
{"type":"Feature","properties":{"pipe_id":"P_0426","road_name":"Unnamed Street","diameter_mm":300,"depth_m":-2.2},"geometry":{"type":"LineString","coordinates":[[88.3218932,22.5410753],[88.3219009,22.5411522],[88.3219163,22.5412836],[88.3219509,22.5414155],[88.3219,22.5414502],[88.3220088,22.5417674]]}},
{"type":"Feature","properties":{"pipe_id":"P_0427","road_name":"Unnamed Street","diameter_mm":300,"depth_m":-2.2},"geometry":{"type":"LineString","coordinates":[[88.3215226,22.5415002],[88.3215316,22.5415301],[88.3217015,22.5420952],[88.3217056,22.5423379],[88.3212754,22.5425752]]}},
{"type":"Feature","properties":{"pipe_id":"P_0428","road_name":"Unnamed Street","diameter_mm":300,"depth_m":-2.2},"geometry":{"type":"LineString","coordinates":[[88.3227689,22.5416112],[88.3227905,22.5418887]]}},
{"type":"Feature","properties":{"pipe_id":"P_0429","road_name":"NAZIR LANE","diameter_mm":300,"depth_m":-2.2},"geometry":{"type":"LineString","coordinates":[[88.3217146,22.5414612],[88.3215226,22.5415002],[88.3214547,22.5415146],[88.3213749,22.5415207],[88.321313,22.5415022],[88.3211276,22.5415344]]}},
{"type":"Feature","properties":{"pipe_id":"P_0430","road_name":"Unnamed Street","diameter_mm":300,"depth_m":-2.2},"geometry":{"type":"LineString","coordinates":[[88.3224956,22.5419006],[88.3225678,22.5421141],[88.3226885,22.5424222],[88.3227287,22.5424241],[88.3227851,22.5426566],[88.3228191,22.5428124]]}},
{"type":"Feature","properties":{"pipe_id":"P_0431","road_name":"Unnamed Street","diameter_mm":300,"depth_m":-2.2},"geometry":{"type":"LineString","coordinates":[[88.3213313,22.5412248],[88.3210367,22.5413505]]}},
{"type":"Feature","properties":{"pipe_id":"P_0432","road_name":"Unnamed Street","diameter_mm":300,"depth_m":-2.2},"geometry":{"type":"LineString","coordinates":[[88.3217015,22.5420952],[88.3219161,22.5420547],[88.3221414,22.5420308],[88.3224498,22.541906],[88.3224956,22.5419006],[88.3226108,22.5418871],[88.3227068,22.5419051],[88.3227905,22.5418887],[88.3228682,22.5418926],[88.3229568,22.541897],[88.3230492,22.5418897],[88.3230667,22.5419936],[88.3230936,22.5421909],[88.3230962,22.5423817]]}},
{"type":"Feature","properties":{"pipe_id":"P_0433","road_name":"Unnamed Street","diameter_mm":300,"depth_m":-2.2},"geometry":{"type":"LineString","coordinates":[[88.3227372,22.54215],[88.3228853,22.5421264],[88.3228682,22.5418926]]}},
{"type":"Feature","properties":{"pipe_id":"P_0434","road_name":"Unnamed Street","diameter_mm":300,"depth_m":-2.2},"geometry":{"type":"LineString","coordinates":[[88.3226885,22.5424222],[88.3224471,22.5424445],[88.3222192,22.542451],[88.3220141,22.542475],[88.3218089,22.5424977],[88.3217067,22.5425749],[88.3215729,22.5426177],[88.321282,22.5426731]]}},
{"type":"Feature","properties":{"pipe_id":"P_0435","road_name":"Unnamed Street","diameter_mm":300,"depth_m":-2.2},"geometry":{"type":"LineString","coordinates":[[88.3216773,22.5427607],[88.3213057,22.5428553]]}},
{"type":"Feature","properties":{"pipe_id":"P_0436","road_name":"Unnamed Street","diameter_mm":300,"depth_m":-2.2},"geometry":{"type":"LineString","coordinates":[[88.323048,22.5414007],[88.3230937,22.5413983],[88.3232223,22.5413916],[88.3234852,22.5413842],[88.323795,22.5413586],[88.32387,22.5413524]]}},
{"type":"Feature","properties":{"pipe_id":"P_0437","road_name":"Unnamed Street","diameter_mm":300,"depth_m":-2.2},"geometry":{"type":"LineString","coordinates":[[88.3221056,22.5406833],[88.3221709,22.5409225],[88.322372,22.5408887],[88.322541,22.5408705],[88.3227931,22.5408169],[88.3229597,22.5407986]]}},
{"type":"Feature","properties":{"pipe_id":"P_0438","road_name":"Unnamed Street","diameter_mm":300,"depth_m":-2.2},"geometry":{"type":"LineString","coordinates":[[88.3227287,22.5424241],[88.3228763,22.5423949],[88.3230962,22.5423817],[88.3230874,22.5423923],[88.3231292,22.5427454]]}},
{"type":"Feature","properties":{"pipe_id":"P_0439","road_name":"Unnamed Street","diameter_mm":300,"depth_m":-2.2},"geometry":{"type":"LineString","coordinates":[[88.3223436,22.542609],[88.3224319,22.5428956]]}},
{"type":"Feature","properties":{"pipe_id":"P_0440","road_name":"Unnamed Street","diameter_mm":300,"depth_m":-2.2},"geometry":{"type":"LineString","coordinates":[[88.3207945,22.5399446],[88.3206129,22.5400116],[88.3203378,22.5401177]]}},
{"type":"Feature","properties":{"pipe_id":"P_0441","road_name":"Unnamed Street","diameter_mm":300,"depth_m":-2.2},"geometry":{"type":"LineString","coordinates":[[88.3214535,22.5392073],[88.3213301,22.5392394],[88.3211858,22.5392615]]}},
{"type":"Feature","properties":{"pipe_id":"P_0442","road_name":"Unnamed Street","diameter_mm":300,"depth_m":-2.2},"geometry":{"type":"LineString","coordinates":[[88.3226851,22.5395434],[88.3225597,22.539603],[88.3224295,22.5396642],[88.3222543,22.5397441],[88.3220958,22.5398251],[88.32198,22.5398695]]}},
{"type":"Feature","properties":{"pipe_id":"P_0443","road_name":"Unnamed Street","diameter_mm":300,"depth_m":-2.2},"geometry":{"type":"LineString","coordinates":[[88.3222916,22.5401447],[88.3222982,22.5402807],[88.3223422,22.5404153],[88.3224445,22.5405712]]}},
{"type":"Feature","properties":{"pipe_id":"P_0444","road_name":"Unnamed Street","diameter_mm":300,"depth_m":-2.2},"geometry":{"type":"LineString","coordinates":[[88.3206129,22.5400116],[88.3205079,22.5397879],[88.3204127,22.5395069],[88.3203546,22.5391026],[88.3203395,22.5389623],[88.3203353,22.5389067],[88.3203353,22.5388846],[88.3203362,22.5388455]]}},
{"type":"Feature","properties":{"pipe_id":"P_0445","road_name":"Unnamed Street","diameter_mm":300,"depth_m":-2.2},"geometry":{"type":"LineString","coordinates":[[88.3227092,22.5404984],[88.3225544,22.5400852],[88.3224215,22.5401153],[88.3223413,22.5401334],[88.3222916,22.5401447]]}},
{"type":"Feature","properties":{"pipe_id":"P_0446","road_name":"Unnamed Street","diameter_mm":300,"depth_m":-2.2},"geometry":{"type":"LineString","coordinates":[[88.3212482,22.5402611],[88.3213166,22.5405885],[88.3214368,22.5408906]]}},
{"type":"Feature","properties":{"pipe_id":"P_0447","road_name":"Unnamed Street","diameter_mm":300,"depth_m":-2.2},"geometry":{"type":"LineString","coordinates":[[88.320924,22.5403907],[88.3205045,22.5405258]]}},
{"type":"Feature","properties":{"pipe_id":"P_0448","road_name":"Unnamed Street","diameter_mm":300,"depth_m":-2.2},"geometry":{"type":"LineString","coordinates":[[88.3219483,22.5395295],[88.3216747,22.5395674],[88.3215271,22.5395476],[88.3214809,22.5394183],[88.3214833,22.5393496],[88.3214535,22.5392073],[88.3214548,22.5391711],[88.3214432,22.5390103],[88.3214461,22.5389878],[88.3214494,22.5389656],[88.3214533,22.5389374]]}},
{"type":"Feature","properties":{"pipe_id":"P_0449","road_name":"Unnamed Street","diameter_mm":300,"depth_m":-2.2},"geometry":{"type":"LineString","coordinates":[[88.3230139,22.5398164],[88.3228575,22.5398771],[88.3227217,22.5398663],[88.3225893,22.539887],[88.3223747,22.5399415],[88.3223023,22.5399836]]}},
{"type":"Feature","properties":{"pipe_id":"P_0450","road_name":"Unnamed Street","diameter_mm":300,"depth_m":-2.2},"geometry":{"type":"LineString","coordinates":[[88.3207696,22.539745],[88.3207849,22.5398043],[88.3207957,22.5398507],[88.3207945,22.5399446],[88.3208302,22.5401185],[88.3209082,22.5403456],[88.320924,22.5403907],[88.3209934,22.5405931],[88.3210309,22.5405964],[88.3211506,22.5410039]]}},
{"type":"Feature","properties":{"pipe_id":"P_0451","road_name":"Unnamed Street","diameter_mm":300,"depth_m":-2.2},"geometry":{"type":"LineString","coordinates":[[88.3214329,22.5398037],[88.3213149,22.5398522],[88.321246,22.539876],[88.3211937,22.5399058],[88.3212562,22.5401199],[88.3212817,22.5402539]]}},
{"type":"Feature","properties":{"pipe_id":"P_0452","road_name":"Unnamed Street","diameter_mm":300,"depth_m":-2.2},"geometry":{"type":"LineString","coordinates":[[88.3209082,22.5403456],[88.3210122,22.5403156],[88.3212482,22.5402611],[88.3212817,22.5402539],[88.3216456,22.5401553]]}},
{"type":"Feature","properties":{"pipe_id":"P_0453","road_name":"Unnamed Street","diameter_mm":300,"depth_m":-2.2},"geometry":{"type":"LineString","coordinates":[[88.32087,22.5391265],[88.3208673,22.5391719],[88.3208781,22.539333],[88.320813,22.5394024],[88.3206265,22.5394332],[88.32068,22.5396091],[88.3207076,22.5397025],[88.320722,22.5397549]]}},
{"type":"Feature","properties":{"pipe_id":"P_0454","road_name":"Unnamed Street","diameter_mm":300,"depth_m":-2.2},"geometry":{"type":"LineString","coordinates":[[88.3222487,22.5399019],[88.3223023,22.5399836],[88.3223413,22.5401334]]}},
{"type":"Feature","properties":{"pipe_id":"P_0455","road_name":"Unnamed Street","diameter_mm":300,"depth_m":-2.2},"geometry":{"type":"LineString","coordinates":[[88.3188128,22.5411307],[88.3187572,22.5407763],[88.3187296,22.5406005],[88.3186143,22.5402884],[88.3185648,22.5402092],[88.3185231,22.5401422],[88.3184346,22.5400877],[88.3182803,22.5401049]]}},
{"type":"Feature","properties":{"pipe_id":"P_0456","road_name":"Unnamed Street","diameter_mm":300,"depth_m":-2.2},"geometry":{"type":"LineString","coordinates":[[88.3204999,22.5424361],[88.3204409,22.5422331],[88.3204109,22.5420999]]}},
{"type":"Feature","properties":{"pipe_id":"P_0457","road_name":"Unnamed Street","diameter_mm":300,"depth_m":-2.2},"geometry":{"type":"LineString","coordinates":[[88.3200791,22.5419728],[88.3200348,22.5417547],[88.3200101,22.5414788],[88.3199815,22.5412657]]}},
{"type":"Feature","properties":{"pipe_id":"P_0458","road_name":"Unnamed Street","diameter_mm":300,"depth_m":-2.2},"geometry":{"type":"LineString","coordinates":[[88.3201217,22.5404643],[88.3198101,22.5405704],[88.319668,22.5403202],[88.3196116,22.5401666],[88.319507,22.5400874],[88.3193921,22.540058],[88.3189656,22.5400977],[88.3185648,22.5402092]]}},
{"type":"Feature","properties":{"pipe_id":"P_0459","road_name":"Hem chandra street","diameter_mm":300,"depth_m":-2.2},"geometry":{"type":"LineString","coordinates":[[88.3206684,22.5420958],[88.3206608,22.5420498],[88.3206447,22.5417351],[88.3206062,22.5415736],[88.3205853,22.5414092],[88.3205053,22.5411321]]}},
{"type":"Feature","properties":{"pipe_id":"P_0460","road_name":"Unnamed Street","diameter_mm":300,"depth_m":-2.2},"geometry":{"type":"LineString","coordinates":[[88.3209966,22.5412711],[88.3207895,22.5413636],[88.3205853,22.5414092]]}},
{"type":"Feature","properties":{"pipe_id":"P_0461","road_name":"Unnamed Street","diameter_mm":300,"depth_m":-2.2},"geometry":{"type":"LineString","coordinates":[[88.3199527,22.5420349],[88.3200791,22.5419728],[88.320137,22.5419553],[88.3202285,22.5419428],[88.320272,22.5419755],[88.3203073,22.5420809],[88.3204109,22.5420999],[88.3206684,22.5420958],[88.3207574,22.5420944],[88.3207677,22.5421336],[88.3208194,22.5425602]]}},
{"type":"Feature","properties":{"pipe_id":"P_0462","road_name":"Unnamed Street","diameter_mm":300,"depth_m":-2.2},"geometry":{"type":"LineString","coordinates":[[88.3194136,22.5424559],[88.3192949,22.542132]]}},
{"type":"Feature","properties":{"pipe_id":"P_0463","road_name":"Gopal Doctor Road","diameter_mm":300,"depth_m":-2.2},"geometry":{"type":"LineString","coordinates":[[88.3207872,22.541049],[88.3206206,22.5411059],[88.3205053,22.5411321],[88.3202397,22.5411926],[88.3199815,22.5412657],[88.319207,22.5414849],[88.3187308,22.5416179]]}},
{"type":"Feature","properties":{"pipe_id":"P_0464","road_name":"Unnamed Street","diameter_mm":300,"depth_m":-2.2},"geometry":{"type":"LineString","coordinates":[[88.3200737,22.5394487],[88.3200253,22.5394681],[88.3197589,22.5395748],[88.3194449,22.5396672],[88.3194248,22.5397472],[88.3191262,22.5398133],[88.3183131,22.5399417]]}},
{"type":"Feature","properties":{"pipe_id":"P_0465","road_name":"Unnamed Street","diameter_mm":300,"depth_m":-2.2},"geometry":{"type":"LineString","coordinates":[[88.3190168,22.539075],[88.3190527,22.5393405],[88.3191262,22.5398133]]}},
{"type":"Feature","properties":{"pipe_id":"P_0466","road_name":"Unnamed Street","diameter_mm":300,"depth_m":-2.2},"geometry":{"type":"LineString","coordinates":[[88.3198209,22.5424433],[88.3197086,22.5420349],[88.3193599,22.5421241],[88.3192949,22.542132],[88.3189066,22.5421866]]}},
{"type":"Feature","properties":{"pipe_id":"P_0467","road_name":"Unnamed Street","diameter_mm":300,"depth_m":-2.2},"geometry":{"type":"LineString","coordinates":[[88.3193411,22.5408408],[88.3191373,22.5408037],[88.318861,22.5407863],[88.3187572,22.5407763]]}},
{"type":"Feature","properties":{"pipe_id":"P_0468","road_name":"Unnamed Street","diameter_mm":300,"depth_m":-2.2},"geometry":{"type":"LineString","coordinates":[[88.3198588,22.5415419],[88.3199527,22.5420349],[88.3199795,22.5422207],[88.3201419,22.5427127]]}},
{"type":"Feature","properties":{"pipe_id":"P_0469","road_name":"Unnamed Street","diameter_mm":300,"depth_m":-2.2},"geometry":{"type":"LineString","coordinates":[[88.3185446,22.5423806],[88.318808,22.5423141],[88.3189387,22.5422811]]}},
{"type":"Feature","properties":{"pipe_id":"P_0470","road_name":"Unnamed Street","diameter_mm":300,"depth_m":-2.2},"geometry":{"type":"LineString","coordinates":[[88.3178874,22.5407913],[88.3184385,22.5406418]]}},
{"type":"Feature","properties":{"pipe_id":"P_0471","road_name":"Unnamed Street","diameter_mm":300,"depth_m":-2.2},"geometry":{"type":"LineString","coordinates":[[88.3179839,22.5415196],[88.318635,22.5412946]]}},
{"type":"Feature","properties":{"pipe_id":"P_0472","road_name":"Unnamed Street","diameter_mm":300,"depth_m":-2.2},"geometry":{"type":"LineString","coordinates":[[88.3177828,22.5411728],[88.3185409,22.5409811]]}},
{"type":"Feature","properties":{"pipe_id":"P_0473","road_name":"Unnamed Street","diameter_mm":300,"depth_m":-2.2},"geometry":{"type":"LineString","coordinates":[[88.3181476,22.5417921],[88.3185258,22.5416162],[88.3187136,22.5415599]]}},
{"type":"Feature","properties":{"pipe_id":"P_0474","road_name":"Unnamed Street","diameter_mm":300,"depth_m":-2.2},"geometry":{"type":"LineString","coordinates":[[88.3104954,22.5421761],[88.3105517,22.542191],[88.3106318,22.5421919],[88.3107845,22.5421937],[88.3109701,22.5421959],[88.3111572,22.5421917],[88.3113182,22.5421881],[88.3114765,22.5421846],[88.3116427,22.5421809],[88.3118306,22.5421767],[88.3119679,22.5421736],[88.3119942,22.5421735],[88.3121606,22.5421724],[88.3123188,22.5421714],[88.3124126,22.5421708],[88.3126058,22.5421686],[88.3126788,22.5421678],[88.3128302,22.5421661]]}},
{"type":"Feature","properties":{"pipe_id":"P_0475","road_name":"Unnamed Street","diameter_mm":300,"depth_m":-2.2},"geometry":{"type":"LineString","coordinates":[[88.3130582,22.544192],[88.3130402,22.5441105],[88.313,22.544004],[88.3129844,22.5438655],[88.3129973,22.5437116],[88.3130435,22.5436103],[88.31303,22.5435137],[88.3129678,22.5434119],[88.3128959,22.5433081],[88.3125875,22.5431074],[88.3123595,22.542996],[88.3120779,22.5428052]]}},
{"type":"Feature","properties":{"pipe_id":"P_0476","road_name":"Unnamed Street","diameter_mm":300,"depth_m":-2.2},"geometry":{"type":"LineString","coordinates":[[88.3120779,22.5428052],[88.3117587,22.5425872],[88.311675,22.5425176],[88.3116514,22.5423816],[88.3116427,22.5421809]]}},
{"type":"Feature","properties":{"pipe_id":"P_0477","road_name":"Unnamed Street","diameter_mm":300,"depth_m":-2.2},"geometry":{"type":"LineString","coordinates":[[88.3133652,22.5438587],[88.3132929,22.5440315],[88.3132799,22.5440703],[88.3132218,22.5442439]]}},
{"type":"Feature","properties":{"pipe_id":"P_0478","road_name":"Unnamed Street","diameter_mm":300,"depth_m":-2.2},"geometry":{"type":"LineString","coordinates":[[88.3121443,22.5414293],[88.3121501,22.5416435],[88.3121528,22.5417846],[88.3121606,22.5421724]]}},
{"type":"Feature","properties":{"pipe_id":"P_0479","road_name":"Unnamed Street","diameter_mm":300,"depth_m":-2.2},"geometry":{"type":"LineString","coordinates":[[88.3122915,22.5417789],[88.3123057,22.5419532],[88.3123188,22.5421714]]}},
{"type":"Feature","properties":{"pipe_id":"P_0480","road_name":"Unnamed Street","diameter_mm":300,"depth_m":-2.2},"geometry":{"type":"LineString","coordinates":[[88.310569,22.5414773],[88.3107658,22.5414724],[88.3109402,22.5414681],[88.3111321,22.5414634],[88.3112905,22.5414633],[88.3114735,22.5414581],[88.3116271,22.5414559],[88.3117971,22.5414459],[88.3119746,22.5414361],[88.3121443,22.5414293],[88.3121645,22.5414285],[88.3123715,22.5417757],[88.3126058,22.5421686]]}},
{"type":"Feature","properties":{"pipe_id":"P_0481","road_name":"Unnamed Street","diameter_mm":300,"depth_m":-2.2},"geometry":{"type":"LineString","coordinates":[[88.3123715,22.5417757],[88.3122915,22.5417789],[88.3121528,22.5417846],[88.311984,22.5417914],[88.3118132,22.5417984],[88.3116347,22.5418056],[88.3114752,22.5418121],[88.3113041,22.541819],[88.311144,22.5418255]]}},
{"type":"Feature","properties":{"pipe_id":"P_0482","road_name":"Unnamed Street","diameter_mm":300,"depth_m":-2.2},"geometry":{"type":"LineString","coordinates":[[88.3109163,22.5403875],[88.3121217,22.5399394]]}},
{"type":"Feature","properties":{"pipe_id":"P_0483","road_name":"Unnamed Street","diameter_mm":300,"depth_m":-2.2},"geometry":{"type":"LineString","coordinates":[[88.3247327,22.5396383],[88.3246198,22.539456],[88.3244374,22.5395006],[88.3242749,22.5395818],[88.3242314,22.5396071],[88.3241182,22.5396517],[88.3239662,22.5396927]]}},
{"type":"Feature","properties":{"pipe_id":"P_0484","road_name":"Manastala Row","diameter_mm":300,"depth_m":-2.2},"geometry":{"type":"LineString","coordinates":[[88.3261996,22.5389383],[88.3262359,22.5390005],[88.3262711,22.5390611],[88.3263279,22.5391586],[88.3264873,22.5394406]]}},
{"type":"Feature","properties":{"pipe_id":"P_0485","road_name":"Manali Banerjee Road","diameter_mm":300,"depth_m":-2.2},"geometry":{"type":"LineString","coordinates":[[88.3244794,22.5403755],[88.3248397,22.5401175],[88.3249547,22.5400469],[88.3253117,22.5398277],[88.3253538,22.5398044],[88.3255688,22.5396797],[88.3258398,22.5395798],[88.3260145,22.5395502],[88.3262237,22.5395279],[88.3263659,22.5394857],[88.3264873,22.5394406]]}},
{"type":"Feature","properties":{"pipe_id":"P_0486","road_name":"Unnamed Street","diameter_mm":300,"depth_m":-2.2},"geometry":{"type":"LineString","coordinates":[[88.3258398,22.5395798],[88.3259636,22.5398004],[88.3261594,22.5401185],[88.3261755,22.5401447],[88.326344,22.5403453],[88.3264866,22.5404866],[88.3265237,22.5405133]]}},
{"type":"Feature","properties":{"pipe_id":"P_0487","road_name":"Unnamed Street","diameter_mm":300,"depth_m":-2.2},"geometry":{"type":"LineString","coordinates":[[88.3256961,22.540996],[88.325771,22.540889],[88.3256632,22.540603],[88.3255615,22.5404051]]}},
{"type":"Feature","properties":{"pipe_id":"P_0488","road_name":"Unnamed Street","diameter_mm":300,"depth_m":-2.2},"geometry":{"type":"LineString","coordinates":[[88.3266305,22.5396953],[88.3268904,22.5395793],[88.3268298,22.5394823]]}},
{"type":"Feature","properties":{"pipe_id":"P_0489","road_name":"Unnamed Street","diameter_mm":300,"depth_m":-2.2},"geometry":{"type":"LineString","coordinates":[[88.3247327,22.5396383],[88.3248692,22.5399019],[88.3249547,22.5400469]]}},
{"type":"Feature","properties":{"pipe_id":"P_0490","road_name":"Unnamed Street","diameter_mm":900,"depth_m":-3.5},"geometry":{"type":"LineString","coordinates":[[88.3283477,22.5427656],[88.3281679,22.5426566],[88.3274223,22.5421908],[88.3271165,22.5419976],[88.326682,22.5417301],[88.3264728,22.5416037],[88.3260408,22.5413089],[88.3259675,22.5412552],[88.3258049,22.5411479],[88.3256353,22.5410304],[88.3254513,22.5408978],[88.3252328,22.5407471],[88.3250563,22.5406407],[88.3248357,22.5405242],[88.3246006,22.5403602],[88.3244237,22.5402442],[88.3241097,22.5399791]]}},
{"type":"Feature","properties":{"pipe_id":"P_0491","road_name":"Unnamed Street","diameter_mm":300,"depth_m":-2.2},"geometry":{"type":"LineString","coordinates":[[88.3252126,22.5391464],[88.3252838,22.5390837],[88.3253252,22.5390473],[88.325526,22.5389357],[88.3258612,22.5388242]]}},
{"type":"Feature","properties":{"pipe_id":"P_0492","road_name":"Unnamed Street","diameter_mm":300,"depth_m":-2.2},"geometry":{"type":"LineString","coordinates":[[88.3255688,22.5396797],[88.3254238,22.5392867],[88.3252838,22.5390837]]}},
{"type":"Feature","properties":{"pipe_id":"P_0493","road_name":"Unnamed Street","diameter_mm":300,"depth_m":-2.2},"geometry":{"type":"LineString","coordinates":[[88.3249792,22.5393198],[88.3249443,22.5392132],[88.3251562,22.5391117],[88.3252126,22.5391464]]}},
{"type":"Feature","properties":{"pipe_id":"P_0494","road_name":"Unnamed Street","diameter_mm":300,"depth_m":-2.2},"geometry":{"type":"LineString","coordinates":[[88.3243462,22.5398152],[88.324444,22.5400378]]}},
{"type":"Feature","properties":{"pipe_id":"P_0495","road_name":"Unnamed Street","diameter_mm":300,"depth_m":-2.2},"geometry":{"type":"LineString","coordinates":[[88.3246412,22.5399292],[88.3245179,22.5400258],[88.324444,22.5400378],[88.3244267,22.5400407],[88.3242328,22.5401772]]}},
{"type":"Feature","properties":{"pipe_id":"P_0496","road_name":"Unnamed Street","diameter_mm":900,"depth_m":-3.5},"geometry":{"type":"LineString","coordinates":[[88.3238639,22.5398049],[88.323496,22.5395502],[88.3232814,22.5394064],[88.3230793,22.5392647],[88.3230449,22.5392453],[88.322901,22.5391608]]}},
{"type":"Feature","properties":{"pipe_id":"P_0497","road_name":"Unnamed Street","diameter_mm":300,"depth_m":-2.2},"geometry":{"type":"LineString","coordinates":[[88.3252877,22.5394659],[88.3251348,22.5395303]]}},
{"type":"Feature","properties":{"pipe_id":"P_0498","road_name":"Unnamed Street","diameter_mm":300,"depth_m":-2.2},"geometry":{"type":"LineString","coordinates":[[88.3258724,22.5404792],[88.3260011,22.54066],[88.326344,22.5403453]]}},
{"type":"Feature","properties":{"pipe_id":"P_0499","road_name":"Unnamed Street","diameter_mm":300,"depth_m":-2.2},"geometry":{"type":"LineString","coordinates":[[88.3253117,22.5398277],[88.3254137,22.5400456],[88.3254519,22.5401783],[88.3255615,22.5404051]]}},
{"type":"Feature","properties":{"pipe_id":"P_0500","road_name":"Unnamed Street","diameter_mm":300,"depth_m":-2.2},"geometry":{"type":"LineString","coordinates":[[88.3243247,22.5397706],[88.3242314,22.5396071]]}},
{"type":"Feature","properties":{"pipe_id":"P_0501","road_name":"Unnamed Street","diameter_mm":300,"depth_m":-2.2},"geometry":{"type":"LineString","coordinates":[[88.3262711,22.5390611],[88.3260682,22.5391488],[88.3260094,22.5391351],[88.3259555,22.539072],[88.3258612,22.5388242],[88.3257726,22.5385339]]}},
{"type":"Feature","properties":{"pipe_id":"P_0502","road_name":"Hari Sabha Road","diameter_mm":300,"depth_m":-2.2},"geometry":{"type":"LineString","coordinates":[[88.3267682,22.5399267],[88.3266663,22.539949],[88.3264839,22.5400035],[88.3261594,22.5401185],[88.3261004,22.540172],[88.325816,22.5403132],[88.3256739,22.5403503],[88.3255615,22.5404051],[88.3250588,22.5407105],[88.3250385,22.5407227],[88.3250236,22.5407313]]}},
{"type":"Feature","properties":{"pipe_id":"P_0503","road_name":"Unnamed Street","diameter_mm":300,"depth_m":-2.2},"geometry":{"type":"LineString","coordinates":[[88.3254158,22.538674],[88.325526,22.5389357],[88.3255451,22.5389928],[88.325703,22.5392998],[88.3258398,22.5395798]]}},
{"type":"Feature","properties":{"pipe_id":"P_0504","road_name":"Unnamed Street","diameter_mm":300,"depth_m":-2.2},"geometry":{"type":"LineString","coordinates":[[88.3251348,22.5395303],[88.3253538,22.5398044]]}},
{"type":"Feature","properties":{"pipe_id":"P_0505","road_name":"Unnamed Street","diameter_mm":300,"depth_m":-2.2},"geometry":{"type":"LineString","coordinates":[[88.3262359,22.5390005],[88.3264694,22.5389063],[88.3265346,22.5390474],[88.3265871,22.5392018],[88.3266449,22.5393718]]}},
{"type":"Feature","properties":{"pipe_id":"P_0506","road_name":"Unnamed Street","diameter_mm":300,"depth_m":-2.2},"geometry":{"type":"LineString","coordinates":[[88.3268974,22.5389754],[88.3268979,22.5389859],[88.3269023,22.5390869],[88.3265871,22.5392018]]}},
{"type":"Feature","properties":{"pipe_id":"P_0507","road_name":"Unnamed Street","diameter_mm":300,"depth_m":-2.2},"geometry":{"type":"LineString","coordinates":[[88.3262881,22.5387871],[88.3262601,22.5387533],[88.326205,22.5386435]]}},
{"type":"Feature","properties":{"pipe_id":"P_0508","road_name":"Unnamed Street","diameter_mm":300,"depth_m":-2.2},"geometry":{"type":"LineString","coordinates":[[88.3265346,22.5390474],[88.3268856,22.5389155]]}},
{"type":"Feature","properties":{"pipe_id":"P_0509","road_name":"Unnamed Street","diameter_mm":300,"depth_m":-2.2},"geometry":{"type":"LineString","coordinates":[[88.3262601,22.5387533],[88.3264383,22.5386781],[88.3266571,22.5385998],[88.3267843,22.5385543],[88.3268594,22.5387574],[88.3268856,22.5389155],[88.3268974,22.5389754]]}},
{"type":"Feature","properties":{"pipe_id":"P_0510","road_name":"Unnamed Street","diameter_mm":300,"depth_m":-2.2},"geometry":{"type":"LineString","coordinates":[[88.3256846,22.5371827],[88.3258517,22.5371223],[88.3257581,22.5366837]]}},
{"type":"Feature","properties":{"pipe_id":"P_0511","road_name":"Dr Sudhir Bose Road","diameter_mm":300,"depth_m":-2.2},"geometry":{"type":"LineString","coordinates":[[88.3274231,22.5362297],[88.3268155,22.5363872],[88.3267118,22.536417],[88.3264203,22.5365],[88.3262311,22.5365899],[88.3260866,22.5366427],[88.3260093,22.5366633],[88.3257581,22.5366837],[88.3255695,22.5366987],[88.325162,22.5367315],[88.3249708,22.5367828],[88.3248178,22.5368093],[88.3246884,22.536831],[88.3245043,22.5368624],[88.3243048,22.5369031],[88.3240494,22.5369498],[88.3238784,22.5369918],[88.3236515,22.537048],[88.3230934,22.5371731],[88.3229327,22.5372115],[88.3226645,22.5373082],[88.3225464,22.537375],[88.3222836,22.5375955],[88.3219274,22.5378681],[88.3218464,22.53793],[88.3217477,22.5380147],[88.3216744,22.5380777],[88.3214935,22.538233],[88.3213877,22.5383239],[88.3211386,22.5385272],[88.3209689,22.5386656],[88.3208085,22.5388194],[88.3208059,22.5388843]]}},
{"type":"Feature","properties":{"pipe_id":"P_0512","road_name":"Unnamed Street","diameter_mm":300,"depth_m":-2.2},"geometry":{"type":"LineString","coordinates":[[88.3263414,22.5378134],[88.3261992,22.5378706],[88.3259819,22.5379348],[88.3258348,22.5379969],[88.3256903,22.5380336]]}},
{"type":"Feature","properties":{"pipe_id":"P_0513","road_name":"Unnamed Street","diameter_mm":300,"depth_m":-2.2},"geometry":{"type":"LineString","coordinates":[[88.3269855,22.5370282],[88.3268155,22.5363872]]}},
{"type":"Feature","properties":{"pipe_id":"P_0514","road_name":"Unnamed Street","diameter_mm":300,"depth_m":-2.2},"geometry":{"type":"LineString","coordinates":[[88.3265513,22.5370056],[88.3264203,22.5365]]}},
{"type":"Feature","properties":{"pipe_id":"P_0515","road_name":"Unnamed Street","diameter_mm":300,"depth_m":-2.2},"geometry":{"type":"LineString","coordinates":[[88.3262142,22.5372077],[88.3261809,22.5370269],[88.3260866,22.5366427]]}},
{"type":"Feature","properties":{"pipe_id":"P_0516","road_name":"Unnamed Street","diameter_mm":300,"depth_m":-2.2},"geometry":{"type":"LineString","coordinates":[[88.3261992,22.5378706],[88.3263133,22.5382224],[88.32635,22.5383518]]}},
{"type":"Feature","properties":{"pipe_id":"P_0517","road_name":"Unnamed Street","diameter_mm":300,"depth_m":-2.2},"geometry":{"type":"LineString","coordinates":[[88.3265264,22.5377218],[88.3264437,22.5375163],[88.3263739,22.5373007],[88.3261321,22.53737],[88.3259984,22.5373775],[88.3254796,22.5375272]]}},
{"type":"Feature","properties":{"pipe_id":"P_0518","road_name":"Unnamed Street","diameter_mm":300,"depth_m":-2.2},"geometry":{"type":"LineString","coordinates":[[88.3252018,22.5381232],[88.3249864,22.5382075],[88.3249336,22.538143],[88.3246573,22.5382991],[88.3244767,22.5383785]]}},
{"type":"Feature","properties":{"pipe_id":"P_0519","road_name":"Unnamed Street","diameter_mm":300,"depth_m":-2.2},"geometry":{"type":"LineString","coordinates":[[88.3250874,22.5374674],[88.325234,22.5374322],[88.3254132,22.537365]]}},
{"type":"Feature","properties":{"pipe_id":"P_0520","road_name":"Unnamed Street","diameter_mm":300,"depth_m":-2.2},"geometry":{"type":"LineString","coordinates":[[88.324043,22.5381257],[88.3240243,22.5380736],[88.3236622,22.538195],[88.3235844,22.5382173],[88.3233519,22.538295]]}},
{"type":"Feature","properties":{"pipe_id":"P_0521","road_name":"Unnamed Street","diameter_mm":300,"depth_m":-2.2},"geometry":{"type":"LineString","coordinates":[[88.3244642,22.538361],[88.3242307,22.5384745],[88.3242094,22.5384849],[88.3237802,22.538631],[88.3232473,22.5387726]]}},
{"type":"Feature","properties":{"pipe_id":"P_0522","road_name":"Unnamed Street","diameter_mm":300,"depth_m":-2.2},"geometry":{"type":"LineString","coordinates":[[88.3242791,22.5390026],[88.3239522,22.5391181]]}},
{"type":"Feature","properties":{"pipe_id":"P_0523","road_name":"Unnamed Street","diameter_mm":300,"depth_m":-2.2},"geometry":{"type":"LineString","coordinates":[[88.3254432,22.538039],[88.3255266,22.53823],[88.3256068,22.5383784],[88.3256524,22.5385712]]}},
{"type":"Feature","properties":{"pipe_id":"P_0524","road_name":"Dent Mission Road","diameter_mm":300,"depth_m":-2.2},"geometry":{"type":"LineString","coordinates":[[88.3224317,22.534566],[88.3224611,22.5346814],[88.3225304,22.5348852],[88.3225667,22.5350267],[88.3226163,22.5352196],[88.3227314,22.5356946],[88.3227445,22.5357488],[88.3227826,22.5359059],[88.3228032,22.5360038],[88.3228435,22.5361955],[88.3228925,22.5364286],[88.3228974,22.5364711],[88.3229922,22.5367897],[88.32304,22.5370479],[88.3230934,22.5371731],[88.3230963,22.5373379],[88.3231099,22.5374347],[88.323163,22.5376347],[88.323232,22.5378609],[88.3233091,22.538133],[88.3233484,22.5382718],[88.3233519,22.538295],[88.3233645,22.5383784],[88.3233564,22.5384527],[88.3233439,22.5384893],[88.3232473,22.5387726],[88.3230793,22.5392647],[88.3230312,22.5393453]]}},
{"type":"Feature","properties":{"pipe_id":"P_0525","road_name":"Unnamed Street","diameter_mm":300,"depth_m":-2.2},"geometry":{"type":"LineString","coordinates":[[88.3231581,22.5383972],[88.3226725,22.5385249],[88.3225587,22.5385708],[88.3224428,22.5386102]]}},
{"type":"Feature","properties":{"pipe_id":"P_0526","road_name":"Unnamed Street","diameter_mm":300,"depth_m":-2.2},"geometry":{"type":"LineString","coordinates":[[88.322634,22.5377484],[88.322974,22.5376776],[88.323163,22.5376347]]}},
{"type":"Feature","properties":{"pipe_id":"P_0527","road_name":"Unnamed Street","diameter_mm":300,"depth_m":-2.2},"geometry":{"type":"LineString","coordinates":[[88.3245634,22.5379671],[88.3243274,22.5380563]]}},
{"type":"Feature","properties":{"pipe_id":"P_0528","road_name":"Unnamed Street","diameter_mm":300,"depth_m":-2.2},"geometry":{"type":"LineString","coordinates":[[88.325166,22.5376468],[88.3252053,22.5377241],[88.3252262,22.5377522],[88.3252581,22.5377466],[88.3255309,22.5376531]]}},
{"type":"Feature","properties":{"pipe_id":"P_0529","road_name":"Unnamed Street","diameter_mm":300,"depth_m":-2.2},"geometry":{"type":"LineString","coordinates":[[88.3236595,22.538911],[88.3238568,22.5388581]]}},
{"type":"Feature","properties":{"pipe_id":"P_0530","road_name":"Unnamed Street","diameter_mm":300,"depth_m":-2.2},"geometry":{"type":"LineString","coordinates":[[88.324043,22.5381257],[88.3241675,22.5380806],[88.3243033,22.5380315],[88.3243274,22.5380563],[88.3244642,22.538361],[88.3244767,22.5383785],[88.3246171,22.5385741],[88.324681,22.5386848],[88.3248777,22.5390255]]}},
{"type":"Feature","properties":{"pipe_id":"P_0531","road_name":"Unnamed Street","diameter_mm":300,"depth_m":-2.2},"geometry":{"type":"LineString","coordinates":[[88.3255886,22.5377829],[88.3254486,22.5378263],[88.3253896,22.5378606],[88.3251052,22.5379423],[88.3251884,22.5380588],[88.3252018,22.5381232],[88.3253116,22.5383614],[88.3251213,22.5384774]]}},
{"type":"Feature","properties":{"pipe_id":"P_0532","road_name":"Unnamed Street","diameter_mm":300,"depth_m":-2.2},"geometry":{"type":"LineString","coordinates":[[88.3243695,22.537153],[88.3243048,22.5369031]]}},
{"type":"Feature","properties":{"pipe_id":"P_0533","road_name":"Unnamed Street","diameter_mm":300,"depth_m":-2.2},"geometry":{"type":"LineString","coordinates":[[88.3248818,22.5378851],[88.3247949,22.5377054],[88.3248685,22.5376737],[88.3248673,22.5376508],[88.3251237,22.5375719],[88.3250874,22.5374674],[88.3250239,22.5372587],[88.3248178,22.5368093]]}},
{"type":"Feature","properties":{"pipe_id":"P_0534","road_name":"Unnamed Street","diameter_mm":300,"depth_m":-2.2},"geometry":{"type":"LineString","coordinates":[[88.3241675,22.5380806],[88.3240782,22.5378385],[88.324086,22.5378086],[88.3240189,22.5375088],[88.323917,22.5371242],[88.3238784,22.5369918]]}},
{"type":"Feature","properties":{"pipe_id":"P_0535","road_name":"Unnamed Street","diameter_mm":300,"depth_m":-2.2},"geometry":{"type":"LineString","coordinates":[[88.3248673,22.5376508],[88.3247568,22.5374075],[88.3246066,22.53713],[88.3245043,22.5368624]]}},
{"type":"Feature","properties":{"pipe_id":"P_0536","road_name":"Unnamed Street","diameter_mm":300,"depth_m":-2.2},"geometry":{"type":"LineString","coordinates":[[88.3221862,22.5381858],[88.3224885,22.5380491],[88.3226003,22.5380045],[88.3226978,22.5379654],[88.322941,22.5379135],[88.323232,22.5378609]]}},
{"type":"Feature","properties":{"pipe_id":"P_0537","road_name":"Unnamed Street","diameter_mm":300,"depth_m":-2.2},"geometry":{"type":"LineString","coordinates":[[88.3237802,22.538631],[88.3238568,22.5388581],[88.3239331,22.5390844],[88.3239522,22.5391181],[88.3240511,22.5392924],[88.3241211,22.5395284]]}},
{"type":"Feature","properties":{"pipe_id":"P_0538","road_name":"Unnamed Street","diameter_mm":300,"depth_m":-2.2},"geometry":{"type":"LineString","coordinates":[[88.3243381,22.5388515],[88.3242307,22.5384745]]}},
{"type":"Feature","properties":{"pipe_id":"P_0539","road_name":"Unnamed Street","diameter_mm":300,"depth_m":-2.2},"geometry":{"type":"LineString","coordinates":[[88.3253116,22.5383614],[88.3255266,22.53823]]}},
{"type":"Feature","properties":{"pipe_id":"P_0540","road_name":"Unnamed Street","diameter_mm":300,"depth_m":-2.2},"geometry":{"type":"LineString","coordinates":[[88.3214935,22.538233],[88.3215997,22.5385245],[88.3217178,22.5388975],[88.3217115,22.5389551]]}},
{"type":"Feature","properties":{"pipe_id":"P_0541","road_name":"Unnamed Street","diameter_mm":300,"depth_m":-2.2},"geometry":{"type":"LineString","coordinates":[[88.3224507,22.5389703],[88.3224555,22.5388666],[88.3223948,22.5386393],[88.3224428,22.5386102],[88.3223892,22.5385389],[88.322346,22.5385217],[88.3223052,22.5384304],[88.3221862,22.5381858],[88.3221578,22.5380978],[88.3221106,22.538014],[88.3220342,22.5380043],[88.3219274,22.5378681]]}},
{"type":"Feature","properties":{"pipe_id":"P_0542","road_name":"Unnamed Street","diameter_mm":300,"depth_m":-2.2},"geometry":{"type":"LineString","coordinates":[[88.3226725,22.5385249],[88.3226322,22.5382666],[88.3225931,22.5381735],[88.3225473,22.5381826],[88.3224885,22.5380491]]}},
{"type":"Feature","properties":{"pipe_id":"P_0543","road_name":"Unnamed Street","diameter_mm":300,"depth_m":-2.2},"geometry":{"type":"LineString","coordinates":[[88.3244722,22.5374989],[88.3246573,22.5374493],[88.3247568,22.5374075]]}},
{"type":"Feature","properties":{"pipe_id":"P_0544","road_name":"Unnamed Street","diameter_mm":300,"depth_m":-2.2},"geometry":{"type":"LineString","coordinates":[[88.3253815,22.5359332],[88.3254137,22.536062],[88.3254549,22.5362252],[88.3255508,22.5366048],[88.3255695,22.5366987]]}},
{"type":"Feature","properties":{"pipe_id":"P_0545","road_name":"Unnamed Street","diameter_mm":300,"depth_m":-2.2},"geometry":{"type":"LineString","coordinates":[[88.3260487,22.5353836],[88.3260934,22.5357273],[88.3261121,22.5359063],[88.3261277,22.5360838],[88.3261387,22.5361736],[88.3261789,22.5364066],[88.3262311,22.5365899]]}},
{"type":"Feature","properties":{"pipe_id":"P_0546","road_name":"Unnamed Street","diameter_mm":300,"depth_m":-2.2},"geometry":{"type":"LineString","coordinates":[[88.326286,22.535861],[88.3263387,22.5362022],[88.3263763,22.5363607],[88.3264203,22.5365]]}},
{"type":"Feature","properties":{"pipe_id":"P_0547","road_name":"Unnamed Street","diameter_mm":300,"depth_m":-2.2},"geometry":{"type":"LineString","coordinates":[[88.3266275,22.5356869],[88.3263601,22.5357295],[88.3261002,22.5357716],[88.3260934,22.5357273],[88.3258858,22.5357547],[88.3256091,22.5358119],[88.3253624,22.5358565]]}},
{"type":"Feature","properties":{"pipe_id":"P_0548","road_name":"Unnamed Street","diameter_mm":300,"depth_m":-2.2},"geometry":{"type":"LineString","coordinates":[[88.3257007,22.5363915],[88.3258509,22.5363667],[88.325934,22.5363593],[88.3260093,22.5366633]]}},
{"type":"Feature","properties":{"pipe_id":"P_0549","road_name":"Unnamed Street","diameter_mm":300,"depth_m":-2.2},"geometry":{"type":"LineString","coordinates":[[88.3252449,22.5341767],[88.3250678,22.5342238],[88.324875,22.5342632],[88.3247266,22.5342881]]}},
{"type":"Feature","properties":{"pipe_id":"P_0550","road_name":"Unnamed Street","diameter_mm":300,"depth_m":-2.2},"geometry":{"type":"LineString","coordinates":[[88.3260487,22.5353836],[88.3258804,22.5354129],[88.3253498,22.5354858],[88.3249971,22.535542]]}},
{"type":"Feature","properties":{"pipe_id":"P_0551","road_name":"Unnamed Street","diameter_mm":300,"depth_m":-2.2},"geometry":{"type":"LineString","coordinates":[[88.3250678,22.5342238],[88.3251376,22.5345037],[88.3251644,22.5347118],[88.3252395,22.5349621],[88.325261,22.5350958],[88.3253015,22.535321],[88.3253498,22.5354858],[88.3253004,22.535512],[88.32534,22.5357413],[88.3253624,22.5358565],[88.3253815,22.5359332],[88.3250548,22.5359637]]}},
{"type":"Feature","properties":{"pipe_id":"P_0552","road_name":"Unnamed Street","diameter_mm":300,"depth_m":-2.2},"geometry":{"type":"LineString","coordinates":[[88.3266275,22.5356869],[88.3266395,22.5358316],[88.326669,22.5360843],[88.3267012,22.5363593],[88.3267118,22.536417]]}},
{"type":"Feature","properties":{"pipe_id":"P_0553","road_name":"Unnamed Street","diameter_mm":300,"depth_m":-2.2},"geometry":{"type":"LineString","coordinates":[[88.3261277,22.5360838],[88.3258996,22.5361287],[88.3258107,22.5361487],[88.3257777,22.5361752],[88.32569,22.5361884],[88.3254549,22.5362252]]}},
{"type":"Feature","properties":{"pipe_id":"P_0554","road_name":"Unnamed Street","diameter_mm":300,"depth_m":-2.2},"geometry":{"type":"LineString","coordinates":[[88.3249142,22.5351271],[88.325261,22.5350958]]}},
{"type":"Feature","properties":{"pipe_id":"P_0555","road_name":"Manastala Row","diameter_mm":300,"depth_m":-2.2},"geometry":{"type":"LineString","coordinates":[[88.325162,22.5367315],[88.3252773,22.5370337],[88.3254132,22.537365],[88.3254459,22.5374445],[88.3254796,22.5375272],[88.3255309,22.5376531],[88.3255886,22.5377829],[88.3256578,22.5379647],[88.3256903,22.5380336],[88.3258962,22.5384696]]}},
{"type":"Feature","properties":{"pipe_id":"P_0556","road_name":"Unnamed Street","diameter_mm":300,"depth_m":-2.2},"geometry":{"type":"LineString","coordinates":[[88.326728,22.5321774],[88.3267146,22.5320932],[88.3264785,22.5321353]]}},
{"type":"Feature","properties":{"pipe_id":"P_0557","road_name":"Unnamed Street","diameter_mm":300,"depth_m":-2.2},"geometry":{"type":"LineString","coordinates":[[88.3264384,22.5319268],[88.3264522,22.5319988],[88.3264785,22.5321353],[88.3265213,22.5324179],[88.3265904,22.5328021],[88.3266261,22.5330074],[88.3266747,22.5332177]]}},
{"type":"Feature","properties":{"pipe_id":"P_0558","road_name":"Nawab Ali Lane","diameter_mm":300,"depth_m":-2.2},"geometry":{"type":"LineString","coordinates":[[88.3257357,22.5319754],[88.325757,22.5320858],[88.3257919,22.5322592],[88.3258054,22.5323175],[88.3258429,22.5324797],[88.3258685,22.5326299],[88.3258804,22.5327002],[88.3259177,22.5328606],[88.32598,22.5331327],[88.3259904,22.5331734],[88.3260843,22.5336149]]}},
{"type":"Feature","properties":{"pipe_id":"P_0559","road_name":"Unnamed Street","diameter_mm":300,"depth_m":-2.2},"geometry":{"type":"LineString","coordinates":[[88.3265904,22.5328021],[88.3270318,22.5327308]]}},
{"type":"Feature","properties":{"pipe_id":"P_0560","road_name":"Unnamed Street","diameter_mm":300,"depth_m":-2.2},"geometry":{"type":"LineString","coordinates":[[88.3264839,22.5335476],[88.3264584,22.53341],[88.3264223,22.5332696],[88.3266747,22.5332177],[88.326905,22.5331783]]}},
{"type":"Feature","properties":{"pipe_id":"P_0561","road_name":"Unnamed Street","diameter_mm":300,"depth_m":-2.2},"geometry":{"type":"LineString","coordinates":[[88.3253869,22.5337249],[88.3253305,22.5334657],[88.3252694,22.5332569],[88.3252184,22.5331058],[88.325154,22.5328704],[88.3251436,22.5328431],[88.3251669,22.5328191],[88.3253442,22.5327872],[88.3253734,22.532782],[88.3252867,22.532445]]}},
{"type":"Feature","properties":{"pipe_id":"P_0562","road_name":"Unnamed Street","diameter_mm":300,"depth_m":-2.2},"geometry":{"type":"LineString","coordinates":[[88.3256148,22.5326729],[88.3257548,22.53264],[88.3258685,22.5326299]]}},
{"type":"Feature","properties":{"pipe_id":"P_0563","road_name":"Unnamed Street","diameter_mm":300,"depth_m":-2.2},"geometry":{"type":"LineString","coordinates":[[88.3243184,22.5326118],[88.3247343,22.5325799],[88.3247352,22.5325362],[88.3248664,22.5324888],[88.3250951,22.5324722],[88.3252867,22.532445],[88.3253949,22.5324202],[88.3258054,22.5323175]]}},
{"type":"Feature","properties":{"pipe_id":"P_0564","road_name":"Unnamed Street","diameter_mm":300,"depth_m":-2.2},"geometry":{"type":"LineString","coordinates":[[88.3248648,22.5328826],[88.3247458,22.5329058],[88.3244021,22.5329747]]}},
{"type":"Feature","properties":{"pipe_id":"P_0565","road_name":"Unnamed Street","diameter_mm":300,"depth_m":-2.2},"geometry":{"type":"LineString","coordinates":[[88.3248005,22.5320922],[88.3248506,22.5324177],[88.3248584,22.5324425],[88.3248664,22.5324888]]}},
{"type":"Feature","properties":{"pipe_id":"P_0566","road_name":"Unnamed Street","diameter_mm":300,"depth_m":-2.2},"geometry":{"type":"LineString","coordinates":[[88.3251669,22.5328191],[88.3250951,22.5324722]]}},
{"type":"Feature","properties":{"pipe_id":"P_0567","road_name":"Unnamed Street","diameter_mm":300,"depth_m":-2.2},"geometry":{"type":"LineString","coordinates":[[88.3247914,22.5331684],[88.3244707,22.533235]]}},
{"type":"Feature","properties":{"pipe_id":"P_0568","road_name":"Unnamed Street","diameter_mm":300,"depth_m":-2.2},"geometry":{"type":"LineString","coordinates":[[88.3248775,22.5329217],[88.3249791,22.5329009],[88.325154,22.5328704]]}},
{"type":"Feature","properties":{"pipe_id":"P_0569","road_name":"Unnamed Street","diameter_mm":300,"depth_m":-2.2},"geometry":{"type":"LineString","coordinates":[[88.3247343,22.5325799],[88.3248648,22.5328826],[88.3248775,22.5329217],[88.3248939,22.532972],[88.324969,22.5332073],[88.3250301,22.5335078],[88.3250838,22.533768]]}},
{"type":"Feature","properties":{"pipe_id":"P_0570","road_name":"Unnamed Street","diameter_mm":300,"depth_m":-2.2},"geometry":{"type":"LineString","coordinates":[[88.32598,22.5331327],[88.3257352,22.5331657],[88.3254802,22.5332163],[88.3252694,22.5332569]]}},
{"type":"Feature","properties":{"pipe_id":"P_0571","road_name":"Unnamed Street","diameter_mm":300,"depth_m":-2.2},"geometry":{"type":"LineString","coordinates":[[88.3253442,22.5327872],[88.3253842,22.5328736],[88.3254083,22.5329876],[88.3259177,22.5328606]]}},
{"type":"Feature","properties":{"pipe_id":"P_0572","road_name":"Manali Banerjee Road","diameter_mm":300,"depth_m":-2.2},"geometry":{"type":"LineString","coordinates":[[88.3264873,22.5394406],[88.3266449,22.5393718]]}},
{"type":"Feature","properties":{"pipe_id":"P_0573","road_name":"Manastala Row","diameter_mm":300,"depth_m":-2.2},"geometry":{"type":"LineString","coordinates":[[88.3264873,22.5394406],[88.3266305,22.5396953],[88.3266851,22.5397905],[88.3267682,22.5399267],[88.3268993,22.5400059],[88.3269212,22.5400164]]}},
{"type":"Feature","properties":{"pipe_id":"P_0574","road_name":"Unnamed Street","diameter_mm":300,"depth_m":-2.2},"geometry":{"type":"LineString","coordinates":[[88.3240984,22.5299739],[88.324052,22.5301976],[88.3240404,22.5302624],[88.3240326,22.5303015],[88.3239724,22.5303174],[88.3240182,22.5306794],[88.3236797,22.5307487]]}},
{"type":"Feature","properties":{"pipe_id":"P_0575","road_name":"Unnamed Street","diameter_mm":300,"depth_m":-2.2},"geometry":{"type":"LineString","coordinates":[[88.3246525,22.5316529],[88.3246846,22.531815],[88.3247377,22.5319867],[88.3247599,22.5320969]]}},
{"type":"Feature","properties":{"pipe_id":"P_0576","road_name":"Unnamed Street","diameter_mm":300,"depth_m":-2.2},"geometry":{"type":"LineString","coordinates":[[88.3246525,22.5316529],[88.3245135,22.5316674],[88.3241768,22.5317581]]}},
{"type":"Feature","properties":{"pipe_id":"P_0577","road_name":"Unnamed Street","diameter_mm":300,"depth_m":-2.2},"geometry":{"type":"LineString","coordinates":[[88.3228228,22.529695],[88.3226189,22.5296953],[88.322492,22.5296954]]}},
{"type":"Feature","properties":{"pipe_id":"P_0578","road_name":"Unnamed Street","diameter_mm":300,"depth_m":-2.2},"geometry":{"type":"LineString","coordinates":[[88.3230964,22.5305151],[88.3232185,22.5304886],[88.3234356,22.5304373],[88.3236209,22.5303744]]}},
{"type":"Feature","properties":{"pipe_id":"P_0579","road_name":"Unnamed Street","diameter_mm":300,"depth_m":-2.2},"geometry":{"type":"LineString","coordinates":[[88.3234079,22.5297239],[88.3233539,22.5298536],[88.3233087,22.5299346],[88.3232282,22.5299742],[88.3231991,22.5299318],[88.3231559,22.5297683],[88.3230115,22.5297657],[88.3229179,22.529702],[88.3229837,22.5297],[88.3230212,22.5295969]]}},
{"type":"Feature","properties":{"pipe_id":"P_0580","road_name":"Unnamed Street","diameter_mm":300,"depth_m":-2.2},"geometry":{"type":"LineString","coordinates":[[88.3230775,22.5310268],[88.3230347,22.530691],[88.3225465,22.5307157],[88.3221579,22.5307819]]}},
{"type":"Feature","properties":{"pipe_id":"P_0581","road_name":"Unnamed Street","diameter_mm":300,"depth_m":-2.2},"geometry":{"type":"LineString","coordinates":[[88.32492,22.5302755],[88.3249056,22.5303701],[88.3248878,22.5304932]]}},
{"type":"Feature","properties":{"pipe_id":"P_0582","road_name":"Unnamed Street","diameter_mm":300,"depth_m":-2.2},"geometry":{"type":"LineString","coordinates":[[88.324845,22.5304903],[88.3249255,22.5309883],[88.3249443,22.5311317],[88.3249952,22.5312063],[88.3250277,22.5314277],[88.3250432,22.5315078]]}},
{"type":"Feature","properties":{"pipe_id":"P_0583","road_name":"Rajab Ali Lane","diameter_mm":300,"depth_m":-2.2},"geometry":{"type":"LineString","coordinates":[[88.3240543,22.5309439],[88.3240262,22.5308012],[88.3243199,22.5307398],[88.324314,22.5305894],[88.3243472,22.5305528],[88.3244186,22.5305349],[88.3245178,22.530525],[88.3246467,22.5305106],[88.3247353,22.5305019],[88.324845,22.5304903],[88.3248878,22.5304932],[88.3249909,22.5304911],[88.3250784,22.5304779]]}},
{"type":"Feature","properties":{"pipe_id":"P_0584","road_name":"Ibrahim Road","diameter_mm":300,"depth_m":-2.2},"geometry":{"type":"LineString","coordinates":[[88.3242067,22.5320784],[88.3243184,22.5326118],[88.324365,22.532834],[88.3244021,22.5329747],[88.3244436,22.5331321],[88.3244707,22.533235],[88.324542,22.5335054],[88.3246225,22.5338498],[88.3247266,22.5342881],[88.3247807,22.5345162],[88.3248451,22.5347788],[88.3249057,22.5350844],[88.3249142,22.5351271],[88.3249282,22.5351975],[88.3249738,22.5353882],[88.3249865,22.5354585],[88.3249875,22.5354669],[88.3249971,22.535542],[88.3250328,22.5357772],[88.3250345,22.5358812],[88.3250548,22.5359637],[88.3250758,22.5361414],[88.32508,22.536193],[88.325103,22.5364763],[88.325162,22.5367315]]}},
{"type":"Feature","properties":{"pipe_id":"P_0585","road_name":"Unnamed Street","diameter_mm":300,"depth_m":-2.2},"geometry":{"type":"LineString","coordinates":[[88.3253125,22.5314778],[88.3255318,22.5314232],[88.326125,22.5313251]]}},
{"type":"Feature","properties":{"pipe_id":"P_0586","road_name":"Unnamed Street","diameter_mm":300,"depth_m":-2.2},"geometry":{"type":"LineString","coordinates":[[88.3253817,22.5318362],[88.3249738,22.5319198],[88.3248831,22.5316812],[88.3250662,22.5316261],[88.3253279,22.5315646]]}},
{"type":"Feature","properties":{"pipe_id":"P_0587","road_name":"Unnamed Street","diameter_mm":300,"depth_m":-2.2},"geometry":{"type":"LineString","coordinates":[[88.3243478,22.5303087],[88.3243896,22.5305292],[88.3244186,22.5305349]]}},
{"type":"Feature","properties":{"pipe_id":"P_0588","road_name":"Rajab Ali Lane","diameter_mm":300,"depth_m":-2.2},"geometry":{"type":"LineString","coordinates":[[88.3245841,22.5308809],[88.3242496,22.5309461],[88.3240543,22.5309439],[88.3240323,22.5309437],[88.3237164,22.5309705],[88.3236179,22.5309752],[88.3235658,22.5309833],[88.323492,22.5309879],[88.323311,22.5309991],[88.3232816,22.5310009],[88.3232063,22.5310056],[88.3230775,22.5310268],[88.3229354,22.5310502],[88.3226569,22.5310916],[88.3224982,22.5311245],[88.3222304,22.5311585]]}},
{"type":"Feature","properties":{"pipe_id":"P_0589","road_name":"Unnamed Street","diameter_mm":300,"depth_m":-2.2},"geometry":{"type":"LineString","coordinates":[[88.3252273,22.5303924],[88.3252388,22.5304559],[88.3252197,22.5305173],[88.3252452,22.5305911],[88.3252769,22.5308421],[88.3253054,22.5311098],[88.3253225,22.531179],[88.3253573,22.5312038],[88.3260808,22.5310813]]}},
{"type":"Feature","properties":{"pipe_id":"P_0590","road_name":"Unnamed Street","diameter_mm":300,"depth_m":-2.2},"geometry":{"type":"LineString","coordinates":[[88.3245841,22.5308809],[88.3246492,22.5311518],[88.3246492,22.5312013],[88.3246846,22.5313691],[88.3246842,22.531464],[88.3246841,22.5314887],[88.3246525,22.5316529]]}},
{"type":"Feature","properties":{"pipe_id":"P_0591","road_name":"Unnamed Street","diameter_mm":300,"depth_m":-2.2},"geometry":{"type":"LineString","coordinates":[[88.3247378,22.5302181],[88.3247217,22.5302822],[88.3247115,22.5303632],[88.3247353,22.5305019]]}},
{"type":"Feature","properties":{"pipe_id":"P_0592","road_name":"Unnamed Street","diameter_mm":300,"depth_m":-2.2},"geometry":{"type":"LineString","coordinates":[[88.3261952,22.5318178],[88.32617,22.5316556]]}},
{"type":"Feature","properties":{"pipe_id":"P_0593","road_name":"Unnamed Street","diameter_mm":300,"depth_m":-2.2},"geometry":{"type":"LineString","coordinates":[[88.3232185,22.5304886],[88.3232816,22.5310009]]}},
{"type":"Feature","properties":{"pipe_id":"P_0594","road_name":"Unnamed Street","diameter_mm":300,"depth_m":-2.2},"geometry":{"type":"LineString","coordinates":[[88.3235966,22.5297859],[88.3236301,22.5301459],[88.3236156,22.5303326],[88.3236209,22.5303744],[88.3236797,22.5307487],[88.3237164,22.5309705]]}},
{"type":"Feature","properties":{"pipe_id":"P_0595","road_name":"Unnamed Street","diameter_mm":300,"depth_m":-2.2},"geometry":{"type":"LineString","coordinates":[[88.3226931,22.532182],[88.3226651,22.5320338],[88.3226598,22.5319182],[88.3226564,22.531843],[88.3226189,22.531639]]}},
{"type":"Feature","properties":{"pipe_id":"P_0596","road_name":"Unnamed Street","diameter_mm":300,"depth_m":-2.2},"geometry":{"type":"LineString","coordinates":[[88.323704,22.5314837],[88.3235931,22.5315011],[88.3235797,22.531459],[88.3234208,22.5314739],[88.323274,22.5315086],[88.3230214,22.5315503],[88.3226189,22.531639],[88.3225974,22.5316424],[88.3223296,22.5316825]]}},
{"type":"Feature","properties":{"pipe_id":"P_0597","road_name":"Unnamed Street","diameter_mm":300,"depth_m":-2.2},"geometry":{"type":"LineString","coordinates":[[88.323504,22.5311915],[88.3233404,22.5312286]]}},
{"type":"Feature","properties":{"pipe_id":"P_0598","road_name":"Unnamed Street","diameter_mm":300,"depth_m":-2.2},"geometry":{"type":"LineString","coordinates":[[88.3236179,22.5309752],[88.3236586,22.5312001],[88.3236777,22.5312779],[88.3237034,22.531363],[88.323704,22.5314837],[88.3237026,22.531578],[88.3237001,22.5316198],[88.3237121,22.5316817],[88.3237391,22.5320032]]}},
{"type":"Feature","properties":{"pipe_id":"P_0599","road_name":"Unnamed Street","diameter_mm":300,"depth_m":-2.2},"geometry":{"type":"LineString","coordinates":[[88.323453,22.5317092],[88.3233618,22.5317315],[88.3232572,22.5317464],[88.3230819,22.5317812]]}},
{"type":"Feature","properties":{"pipe_id":"P_0600","road_name":"Unnamed Street","diameter_mm":300,"depth_m":-2.2},"geometry":{"type":"LineString","coordinates":[[88.323343,22.5313252],[88.3233404,22.5312286],[88.323311,22.5309991]]}},
{"type":"Feature","properties":{"pipe_id":"P_0601","road_name":"Unnamed Street","diameter_mm":300,"depth_m":-2.2},"geometry":{"type":"LineString","coordinates":[[88.3230775,22.5310268],[88.3230909,22.5311915],[88.3229568,22.5312311],[88.3229943,22.5314342],[88.3229788,22.5314332],[88.3228683,22.5314541]]}},
{"type":"Feature","properties":{"pipe_id":"P_0602","road_name":"Unnamed Street","diameter_mm":300,"depth_m":-2.2},"geometry":{"type":"LineString","coordinates":[[88.3230819,22.5317812],[88.3230972,22.5318443],[88.3231425,22.5320313],[88.3231505,22.5320778]]}},
{"type":"Feature","properties":{"pipe_id":"P_0603","road_name":"Unnamed Street","diameter_mm":300,"depth_m":-2.2},"geometry":{"type":"LineString","coordinates":[[88.3225464,22.5313277],[88.3225283,22.531298],[88.3224177,22.5313203],[88.3222642,22.5313394]]}},
{"type":"Feature","properties":{"pipe_id":"P_0604","road_name":"Unnamed Street","diameter_mm":300,"depth_m":-2.2},"geometry":{"type":"LineString","coordinates":[[88.3239707,22.5310998],[88.3239117,22.5311221],[88.3238633,22.5311354],[88.3238768,22.5311815],[88.3236586,22.5312001]]}},
{"type":"Feature","properties":{"pipe_id":"P_0605","road_name":"Unnamed Street","diameter_mm":300,"depth_m":-2.2},"geometry":{"type":"LineString","coordinates":[[88.3241341,22.5315913],[88.3242679,22.5315582],[88.3243723,22.5315387],[88.3244776,22.5315036],[88.3245956,22.5314863],[88.3246842,22.531464]]}},
{"type":"Feature","properties":{"pipe_id":"P_0606","road_name":"Unnamed Street","diameter_mm":300,"depth_m":-2.2},"geometry":{"type":"LineString","coordinates":[[88.324196,22.5313104],[88.3246492,22.5312013]]}},
{"type":"Feature","properties":{"pipe_id":"P_0607","road_name":"Unnamed Street","diameter_mm":300,"depth_m":-2.2},"geometry":{"type":"LineString","coordinates":[[88.3223748,22.5297867],[88.3221877,22.5297966],[88.3219719,22.5298295]]}},
{"type":"Feature","properties":{"pipe_id":"P_0608","road_name":"Unnamed Street","diameter_mm":300,"depth_m":-2.2},"geometry":{"type":"LineString","coordinates":[[88.3246841,22.5314887],[88.3247834,22.5314887],[88.3250277,22.5314277]]}},
{"type":"Feature","properties":{"pipe_id":"P_0609","road_name":"Unnamed Street","diameter_mm":300,"depth_m":-2.2},"geometry":{"type":"LineString","coordinates":[[88.3223077,22.530084],[88.3220264,22.5301084]]}},
{"type":"Feature","properties":{"pipe_id":"P_0610","road_name":"Braunfield Row","diameter_mm":300,"depth_m":-2.2},"geometry":{"type":"LineString","coordinates":[[88.3219323,22.5271014],[88.3223386,22.527057],[88.32252,22.5270372],[88.3226475,22.5270234],[88.3226736,22.5270217],[88.3228343,22.5270054],[88.3228633,22.5270025],[88.3230791,22.5269818],[88.3233207,22.526961],[88.3234078,22.5269504],[88.3234577,22.5269425],[88.32348,22.5269419],[88.3236126,22.5269382],[88.3237833,22.5269281],[88.3239346,22.5269267],[88.3239668,22.5269264],[88.3243091,22.5269232],[88.3245275,22.5269306],[88.3245973,22.5269329],[88.3246627,22.5269351],[88.3248954,22.5270041],[88.3250302,22.5270441],[88.3251611,22.5270569],[88.3253842,22.5270788],[88.3257249,22.5270862],[88.3258214,22.5271286]]}},
{"type":"Feature","properties":{"pipe_id":"P_0611","road_name":"Meherali Mondal Street","diameter_mm":300,"depth_m":-2.2},"geometry":{"type":"LineString","coordinates":[[88.3220687,22.5284043],[88.3223298,22.5284067],[88.3226088,22.5284018],[88.322879,22.528377],[88.3229428,22.5283826],[88.3229567,22.5283777],[88.3230426,22.5283473],[88.323058,22.5283383],[88.323217,22.5282383],[88.3233441,22.5281937],[88.3233866,22.5281788],[88.3235403,22.5281129],[88.3236119,22.5280822],[88.324027,22.5279311],[88.3241533,22.5278963],[88.3242791,22.5278542],[88.3245158,22.5277601],[88.3246613,22.5276835],[88.3247324,22.5276461],[88.3248775,22.527566],[88.325006,22.527495],[88.3251911,22.5274207],[88.3253002,22.5273779],[88.3253493,22.5273587],[88.3257195,22.52722],[88.3258306,22.527181]]}},
{"type":"Feature","properties":{"pipe_id":"P_0612","road_name":"Unnamed Street","diameter_mm":300,"depth_m":-2.2},"geometry":{"type":"LineString","coordinates":[[88.3253869,22.5300418],[88.3256592,22.5299929]]}},
{"type":"Feature","properties":{"pipe_id":"P_0613","road_name":"Unnamed Street","diameter_mm":300,"depth_m":-2.2},"geometry":{"type":"LineString","coordinates":[[88.3241263,22.5285553],[88.3241316,22.5282134]]}},
{"type":"Feature","properties":{"pipe_id":"P_0614","road_name":"Unnamed Street","diameter_mm":300,"depth_m":-2.2},"geometry":{"type":"LineString","coordinates":[[88.3256351,22.5300749],[88.3257141,22.5303267],[88.3256951,22.5305058]]}},
{"type":"Feature","properties":{"pipe_id":"P_0615","road_name":"Bindu Basini Road","diameter_mm":300,"depth_m":-2.2},"geometry":{"type":"LineString","coordinates":[[88.3260755,22.5281552],[88.325749,22.5282184],[88.3253279,22.5283125],[88.3252087,22.5283286],[88.3251294,22.5282605],[88.3249646,22.5282221],[88.3248424,22.5281738],[88.3246466,22.528206],[88.3245232,22.5282555],[88.3244063,22.528285],[88.3243906,22.528289],[88.3243248,22.5282308],[88.3242631,22.5282134],[88.3241316,22.5282134],[88.3239868,22.5281936],[88.3237973,22.5281799],[88.323791,22.5281787],[88.3236462,22.5281465],[88.3235845,22.5281391],[88.3235403,22.5281129]]}},
{"type":"Feature","properties":{"pipe_id":"P_0616","road_name":"Unnamed Street","diameter_mm":300,"depth_m":-2.2},"geometry":{"type":"LineString","coordinates":[[88.3247347,22.5291141],[88.3240995,22.5292119],[88.3240404,22.5292416],[88.3240163,22.529311],[88.3240217,22.5294101],[88.3240351,22.5294869],[88.3240887,22.5295562],[88.3241611,22.5295983],[88.3246466,22.5297123],[88.3247955,22.5297505]]}},
{"type":"Feature","properties":{"pipe_id":"P_0617","road_name":"Unnamed Street","diameter_mm":300,"depth_m":-2.2},"geometry":{"type":"LineString","coordinates":[[88.3245823,22.5287238],[88.3245313,22.5285603],[88.3244063,22.528285]]}},
{"type":"Feature","properties":{"pipe_id":"P_0618","road_name":"Unnamed Street","diameter_mm":300,"depth_m":-2.2},"geometry":{"type":"LineString","coordinates":[[88.3255237,22.529747],[88.3256122,22.5298213],[88.3256592,22.5299929],[88.3256739,22.5300468],[88.3264534,22.5298536]]}},
{"type":"Feature","properties":{"pipe_id":"P_0619","road_name":"Unnamed Street","diameter_mm":300,"depth_m":-2.2},"geometry":{"type":"LineString","coordinates":[[88.3262258,22.5287978],[88.326157,22.5288122],[88.3258283,22.5288811],[88.325454,22.5289245],[88.3249229,22.5289914],[88.3247781,22.5290161],[88.3247325,22.5290905],[88.3247347,22.5291141],[88.3247955,22.5297505],[88.3248129,22.5299328]]}},
{"type":"Feature","properties":{"pipe_id":"P_0620","road_name":"Unnamed Street","diameter_mm":300,"depth_m":-2.2},"geometry":{"type":"LineString","coordinates":[[88.3243409,22.5286148],[88.3245313,22.5285603]]}},
{"type":"Feature","properties":{"pipe_id":"P_0621","road_name":"Unnamed Street","diameter_mm":300,"depth_m":-2.2},"geometry":{"type":"LineString","coordinates":[[88.3261222,22.5301904],[88.3260929,22.5305722],[88.3260897,22.5306137]]}},
{"type":"Feature","properties":{"pipe_id":"P_0622","road_name":"Unnamed Street","diameter_mm":300,"depth_m":-2.2},"geometry":{"type":"LineString","coordinates":[[88.3256015,22.52804],[88.3255639,22.5279161],[88.325942,22.5278271],[88.3259965,22.5278143]]}},
{"type":"Feature","properties":{"pipe_id":"P_0623","road_name":"Unnamed Street","diameter_mm":300,"depth_m":-2.2},"geometry":{"type":"LineString","coordinates":[[88.3250638,22.5278331],[88.3249865,22.5278149],[88.3248775,22.527566]]}},
{"type":"Feature","properties":{"pipe_id":"P_0624","road_name":"Unnamed Street","diameter_mm":300,"depth_m":-2.2},"geometry":{"type":"LineString","coordinates":[[88.3252421,22.5276906],[88.325344,22.5275717],[88.3253002,22.5273779]]}},
{"type":"Feature","properties":{"pipe_id":"P_0625","road_name":"Unnamed Street","diameter_mm":300,"depth_m":-2.2},"geometry":{"type":"LineString","coordinates":[[88.3225464,22.5281267],[88.3225223,22.5280226],[88.3225438,22.5279731],[88.322635,22.5279533],[88.3227637,22.5279409],[88.3228732,22.5279253],[88.3230427,22.5279012]]}},
{"type":"Feature","properties":{"pipe_id":"P_0626","road_name":"Unnamed Street","diameter_mm":300,"depth_m":-2.2},"geometry":{"type":"LineString","coordinates":[[88.3236193,22.5279756],[88.3235028,22.5279934]]}},
{"type":"Feature","properties":{"pipe_id":"P_0627","road_name":"Unnamed Street","diameter_mm":300,"depth_m":-2.2},"geometry":{"type":"LineString","coordinates":[[88.3229971,22.5281219],[88.323058,22.5283383]]}},
{"type":"Feature","properties":{"pipe_id":"P_0628","road_name":"Unnamed Street","diameter_mm":300,"depth_m":-2.2},"geometry":{"type":"LineString","coordinates":[[88.3245973,22.5269329],[88.3246091,22.5270836],[88.3246613,22.5276835]]}},
{"type":"Feature","properties":{"pipe_id":"P_0629","road_name":"Unnamed Street","diameter_mm":300,"depth_m":-2.2},"geometry":{"type":"LineString","coordinates":[[88.3239668,22.5269264],[88.3240828,22.527563],[88.3240887,22.5276089],[88.3241366,22.5278219],[88.3241533,22.5278963]]}},
{"type":"Feature","properties":{"pipe_id":"P_0630","road_name":"Unnamed Street","diameter_mm":300,"depth_m":-2.2},"geometry":{"type":"LineString","coordinates":[[88.3232082,22.5276945],[88.3230791,22.5269818]]}},
{"type":"Feature","properties":{"pipe_id":"P_0631","road_name":"Unnamed Street","diameter_mm":300,"depth_m":-2.2},"geometry":{"type":"LineString","coordinates":[[88.3240828,22.527563],[88.3239632,22.5275818],[88.3236556,22.5276278],[88.3236456,22.5276204]]}},
{"type":"Feature","properties":{"pipe_id":"P_0632","road_name":"Unnamed Street","diameter_mm":300,"depth_m":-2.2},"geometry":{"type":"LineString","coordinates":[[88.3225894,22.5275742],[88.3225411,22.5274132],[88.32252,22.5270372]]}},
{"type":"Feature","properties":{"pipe_id":"P_0633","road_name":"Unnamed Street","diameter_mm":300,"depth_m":-2.2},"geometry":{"type":"LineString","coordinates":[[88.3229567,22.5283777],[88.3229637,22.528396],[88.3230151,22.5285312],[88.3230912,22.5287316]]}},
{"type":"Feature","properties":{"pipe_id":"P_0634","road_name":"Unnamed Street","diameter_mm":300,"depth_m":-2.2},"geometry":{"type":"LineString","coordinates":[[88.3230427,22.5279012],[88.3229605,22.5275478],[88.3228343,22.5270054]]}},
{"type":"Feature","properties":{"pipe_id":"P_0635","road_name":"Unnamed Street","diameter_mm":300,"depth_m":-2.2},"geometry":{"type":"LineString","coordinates":[[88.3224633,22.5289195],[88.3224499,22.5286296],[88.3226296,22.5285726],[88.3227798,22.5284859],[88.3229428,22.5283826]]}},
{"type":"Feature","properties":{"pipe_id":"P_0636","road_name":"Unnamed Street","diameter_mm":300,"depth_m":-2.2},"geometry":{"type":"LineString","coordinates":[[88.3236757,22.5290805],[88.3231929,22.5290805],[88.3231821,22.5291152],[88.3226055,22.5291227],[88.322289,22.5291524],[88.3221548,22.5291525]]}},
{"type":"Feature","properties":{"pipe_id":"P_0637","road_name":"Unnamed Street","diameter_mm":300,"depth_m":-2.2},"geometry":{"type":"LineString","coordinates":[[88.3234886,22.5279532],[88.3235028,22.5279934],[88.3235403,22.5281129]]}},
{"type":"Feature","properties":{"pipe_id":"P_0638","road_name":"Unnamed Street","diameter_mm":300,"depth_m":-2.2},"geometry":{"type":"LineString","coordinates":[[88.3248183,22.5263701],[88.3248022,22.5262611],[88.3249765,22.526219]]}},
{"type":"Feature","properties":{"pipe_id":"P_0639","road_name":"Unnamed Street","diameter_mm":300,"depth_m":-2.2},"geometry":{"type":"LineString","coordinates":[[88.3232534,22.5264923],[88.3235255,22.5264395],[88.3235711,22.5264098],[88.3237695,22.5264023],[88.3239117,22.5263998],[88.3239346,22.5269267]]}},
{"type":"Feature","properties":{"pipe_id":"P_0640","road_name":"Unnamed Street","diameter_mm":300,"depth_m":-2.2},"geometry":{"type":"LineString","coordinates":[[88.3252771,22.5264712],[88.3250894,22.5265247]]}},
{"type":"Feature","properties":{"pipe_id":"P_0641","road_name":"Unnamed Street","diameter_mm":300,"depth_m":-2.2},"geometry":{"type":"LineString","coordinates":[[88.3254432,22.5268309],[88.3253816,22.5266426],[88.32567,22.5265759],[88.3257434,22.5265589]]}},
{"type":"Feature","properties":{"pipe_id":"P_0642","road_name":"Unnamed Street","diameter_mm":300,"depth_m":-2.2},"geometry":{"type":"LineString","coordinates":[[88.3244106,22.5255748],[88.3243999,22.5253518],[88.3243733,22.5251703]]}},
{"type":"Feature","properties":{"pipe_id":"P_0643","road_name":"Unnamed Street","diameter_mm":300,"depth_m":-2.2},"geometry":{"type":"LineString","coordinates":[[88.324916,22.5259236],[88.3249765,22.526219],[88.3251536,22.5261818],[88.3253806,22.526166],[88.3255542,22.5261111],[88.3256185,22.5260907]]}},
{"type":"Feature","properties":{"pipe_id":"P_0644","road_name":"Unnamed Street","diameter_mm":300,"depth_m":-2.2},"geometry":{"type":"LineString","coordinates":[[88.3233243,22.5252973],[88.3233704,22.5255469],[88.323412,22.5257721],[88.3234584,22.5260233],[88.3231136,22.5260711],[88.3231097,22.5260703],[88.3229702,22.5260852],[88.3228388,22.5261076]]}},
{"type":"Feature","properties":{"pipe_id":"P_0645","road_name":"Unnamed Street","diameter_mm":300,"depth_m":-2.2},"geometry":{"type":"LineString","coordinates":[[88.3249202,22.5268359],[88.3249256,22.5269028],[88.3248954,22.5270041]]}},
{"type":"Feature","properties":{"pipe_id":"P_0646","road_name":"Jalal Lane","diameter_mm":300,"depth_m":-2.2},"geometry":{"type":"LineString","coordinates":[[88.3253087,22.5250003],[88.3252514,22.5250133],[88.3250597,22.525057],[88.3248558,22.5250743],[88.3245849,22.5251214],[88.3243733,22.5251703],[88.3242845,22.5251908],[88.3239616,22.5252422],[88.3239346,22.5252465],[88.3237496,22.5252688],[88.3236408,22.5252626],[88.3234423,22.5252577],[88.3233243,22.5252973],[88.3231768,22.5252948],[88.3229944,22.5253072],[88.3228882,22.5253183],[88.3227288,22.5253221],[88.3226323,22.5253196],[88.3225491,22.5252874],[88.3224633,22.5252701],[88.3223507,22.5252825],[88.3220946,22.5253258],[88.322061,22.5253667],[88.3220368,22.5254534],[88.3219912,22.5254955],[88.3219054,22.5255129],[88.321782,22.5255277],[88.3216939,22.5255387]]}},
{"type":"Feature","properties":{"pipe_id":"P_0647","road_name":"Unnamed Street","diameter_mm":300,"depth_m":-2.2},"geometry":{"type":"LineString","coordinates":[[88.3226242,22.5256467],[88.3228254,22.5256244],[88.3229139,22.5256219],[88.3230695,22.5256045],[88.3232116,22.5255748],[88.3233704,22.5255469]]}},
{"type":"Feature","properties":{"pipe_id":"P_0648","road_name":"Unnamed Street","diameter_mm":300,"depth_m":-2.2},"geometry":{"type":"LineString","coordinates":[[88.3212349,22.5256293],[88.321518,22.5255637],[88.3216939,22.5255387]]}},
{"type":"Feature","properties":{"pipe_id":"P_0649","road_name":"Unnamed Street","diameter_mm":300,"depth_m":-2.2},"geometry":{"type":"LineString","coordinates":[[88.3248532,22.5259341],[88.324916,22.5259236],[88.3251214,22.5258895],[88.3250785,22.5257433],[88.3250597,22.5256343],[88.3250114,22.5254683]]}},
{"type":"Feature","properties":{"pipe_id":"P_0650","road_name":"Unnamed Street","diameter_mm":300,"depth_m":-2.2},"geometry":{"type":"LineString","coordinates":[[88.3244723,22.5264965],[88.3245259,22.5267269],[88.3245275,22.5269306]]}},
{"type":"Feature","properties":{"pipe_id":"P_0651","road_name":"Unnamed Street","diameter_mm":300,"depth_m":-2.2},"geometry":{"type":"LineString","coordinates":[[88.323412,22.5257721],[88.3237199,22.5257069]]}},
{"type":"Feature","properties":{"pipe_id":"P_0652","road_name":"Unnamed Street","diameter_mm":300,"depth_m":-2.2},"geometry":{"type":"LineString","coordinates":[[88.3247486,22.5255352],[88.3250114,22.5254683],[88.3250677,22.5253766],[88.3251911,22.5253394],[88.3253373,22.5253173],[88.3253969,22.5253083]]}},
{"type":"Feature","properties":{"pipe_id":"P_0653","road_name":"Unnamed Street","diameter_mm":300,"depth_m":-2.2},"geometry":{"type":"LineString","coordinates":[[88.3251536,22.5261818],[88.3250892,22.5265188],[88.3250894,22.5265247],[88.3251562,22.5268384],[88.3251611,22.5270569]]}},
{"type":"Feature","properties":{"pipe_id":"P_0654","road_name":"Unnamed Street","diameter_mm":300,"depth_m":-2.2},"geometry":{"type":"LineString","coordinates":[[88.3230791,22.5269818],[88.3229998,22.5266228]]}},
{"type":"Feature","properties":{"pipe_id":"P_0655","road_name":"Unnamed Street","diameter_mm":300,"depth_m":-2.2},"geometry":{"type":"LineString","coordinates":[[88.3199663,22.5255723],[88.3197328,22.5255985],[88.3191611,22.5256628]]}},
{"type":"Feature","properties":{"pipe_id":"P_0656","road_name":"Unnamed Street","diameter_mm":300,"depth_m":-2.2},"geometry":{"type":"LineString","coordinates":[[88.3196993,22.5253013],[88.3197088,22.525386],[88.3197328,22.5255985]]}},
{"type":"Feature","properties":{"pipe_id":"P_0657","road_name":"Unnamed Street","diameter_mm":300,"depth_m":-2.2},"geometry":{"type":"LineString","coordinates":[[88.3231136,22.5260711],[88.3232083,22.5264526],[88.3232534,22.5264923],[88.3232559,22.526568],[88.3232953,22.526771],[88.3233207,22.526961]]}},
{"type":"Feature","properties":{"pipe_id":"P_0658","road_name":"Unnamed Street","diameter_mm":300,"depth_m":-2.2},"geometry":{"type":"LineString","coordinates":[[88.3235657,22.5266699],[88.3236126,22.5269382]]}},
{"type":"Feature","properties":{"pipe_id":"P_0659","road_name":"Unnamed Street","diameter_mm":300,"depth_m":-2.2},"geometry":{"type":"LineString","coordinates":[[88.3230722,22.5264692],[88.3229649,22.5264915],[88.3229273,22.5263676],[88.3226833,22.5264246],[88.3226001,22.5264172]]}},
{"type":"Feature","properties":{"pipe_id":"P_0660","road_name":"Unnamed Street","diameter_mm":300,"depth_m":-2.2},"geometry":{"type":"LineString","coordinates":[[88.3237588,22.5260431],[88.3235898,22.5260678],[88.3235925,22.5260257],[88.3234584,22.5260233]]}},
{"type":"Feature","properties":{"pipe_id":"P_0661","road_name":"Unnamed Street","diameter_mm":300,"depth_m":-2.2},"geometry":{"type":"LineString","coordinates":[[88.3223386,22.527057],[88.3223346,22.5269201],[88.3223226,22.5267331],[88.3223238,22.5266575],[88.3223119,22.5264607]]}},
{"type":"Feature","properties":{"pipe_id":"P_0662","road_name":"Unnamed Street","diameter_mm":300,"depth_m":-2.2},"geometry":{"type":"LineString","coordinates":[[88.3237588,22.5260431],[88.3237669,22.5259118],[88.3237199,22.5257069],[88.3236569,22.525441],[88.3236408,22.5252626]]}},
{"type":"Feature","properties":{"pipe_id":"P_0663","road_name":"Unnamed Street","diameter_mm":300,"depth_m":-2.2},"geometry":{"type":"LineString","coordinates":[[88.3226001,22.5264172],[88.3226736,22.5270217]]}},
{"type":"Feature","properties":{"pipe_id":"P_0664","road_name":"Unnamed Street","diameter_mm":300,"depth_m":-2.2},"geometry":{"type":"LineString","coordinates":[[88.3228791,22.5266749],[88.3229998,22.5266228],[88.3232559,22.526568]]}},
{"type":"Feature","properties":{"pipe_id":"P_0665","road_name":"Unnamed Street","diameter_mm":300,"depth_m":-2.2},"geometry":{"type":"LineString","coordinates":[[88.3221173,22.5267046],[88.3221026,22.5264922]]}},
{"type":"Feature","properties":{"pipe_id":"P_0666","road_name":"Unnamed Street","diameter_mm":300,"depth_m":-2.2},"geometry":{"type":"LineString","coordinates":[[88.3225665,22.5261444],[88.3226001,22.5264172],[88.3223119,22.5264607],[88.3221026,22.5264922],[88.3218502,22.5265303]]}},
{"type":"Feature","properties":{"pipe_id":"P_0667","road_name":"Unnamed Street","diameter_mm":300,"depth_m":-2.2},"geometry":{"type":"LineString","coordinates":[[88.3222058,22.5267665],[88.3223226,22.5267331]]}},
{"type":"Feature","properties":{"pipe_id":"P_0668","road_name":"Unnamed Street","diameter_mm":300,"depth_m":-2.2},"geometry":{"type":"LineString","coordinates":[[88.3200586,22.5286021],[88.320017,22.5282035],[88.3199446,22.5276658],[88.3199197,22.5274234],[88.3199151,22.5273784],[88.3198658,22.5270436]]}},
{"type":"Feature","properties":{"pipe_id":"P_0669","road_name":"Unnamed Street","diameter_mm":300,"depth_m":-2.2},"geometry":{"type":"LineString","coordinates":[[88.3202052,22.527946],[88.3202642,22.5282235],[88.3203205,22.5282756],[88.3203903,22.5283152],[88.3204895,22.52834],[88.3206665,22.5283697],[88.3207068,22.5283598]]}},
{"type":"Feature","properties":{"pipe_id":"P_0670","road_name":"Unnamed Street","diameter_mm":300,"depth_m":-2.2},"geometry":{"type":"LineString","coordinates":[[88.3208382,22.5283945],[88.3207631,22.5283697],[88.3207068,22.5283598],[88.3206853,22.5283276],[88.3207175,22.5282805],[88.3207604,22.5282879],[88.3208382,22.5283945],[88.3209777,22.5284391],[88.321093,22.5284638],[88.321203,22.5284738],[88.321262,22.528444],[88.32137,22.5284485]]}},
{"type":"Feature","properties":{"pipe_id":"P_0671","road_name":"Unnamed Street","diameter_mm":300,"depth_m":-2.2},"geometry":{"type":"LineString","coordinates":[[88.3212707,22.5276218],[88.32137,22.5284485],[88.3214819,22.5285283],[88.3215026,22.5285547],[88.321616,22.5286992],[88.3217877,22.5288652],[88.3219057,22.5290411],[88.3219988,22.5291388],[88.3220449,22.5291872]]}},
{"type":"Feature","properties":{"pipe_id":"P_0672","road_name":"Unnamed Street","diameter_mm":300,"depth_m":-2.2},"geometry":{"type":"LineString","coordinates":[[88.3193496,22.5276364],[88.3194377,22.5274206],[88.3196496,22.5274181],[88.3199197,22.5274234]]}},
{"type":"Feature","properties":{"pipe_id":"P_0673","road_name":"Unnamed Street","diameter_mm":300,"depth_m":-2.2},"geometry":{"type":"LineString","coordinates":[[88.3193147,22.5283426],[88.3193576,22.5281393],[88.3192929,22.5281143],[88.3192607,22.5278492],[88.3192391,22.5276459]]}},
{"type":"Feature","properties":{"pipe_id":"P_0674","road_name":"Unnamed Street","diameter_mm":300,"depth_m":-2.2},"geometry":{"type":"LineString","coordinates":[[88.3193496,22.5276364],[88.3192391,22.5276459],[88.3189106,22.5276741],[88.3190116,22.5279609],[88.3190112,22.5280969],[88.3189951,22.5281936],[88.3189775,22.5282339]]}},
{"type":"Feature","properties":{"pipe_id":"P_0675","road_name":"Unnamed Street","diameter_mm":300,"depth_m":-2.2},"geometry":{"type":"LineString","coordinates":[[88.3191074,22.5271176],[88.3191296,22.5273886],[88.3190729,22.5274453],[88.3181479,22.527502]]}},
{"type":"Feature","properties":{"pipe_id":"P_0676","road_name":"Unnamed Street","diameter_mm":300,"depth_m":-2.2},"geometry":{"type":"LineString","coordinates":[[88.3196123,22.5284508],[88.3196469,22.5283868],[88.319671,22.5281911],[88.3196496,22.5278888],[88.3196387,22.5276858],[88.3196496,22.5274181]]}},
{"type":"Feature","properties":{"pipe_id":"P_0677","road_name":"Unnamed Street","diameter_mm":300,"depth_m":-2.2},"geometry":{"type":"LineString","coordinates":[[88.3190261,22.5275999],[88.3190729,22.5274453]]}},
{"type":"Feature","properties":{"pipe_id":"P_0678","road_name":"Unnamed Street","diameter_mm":300,"depth_m":-2.2},"geometry":{"type":"LineString","coordinates":[[88.3207899,22.5263629],[88.3207466,22.5262264],[88.3207171,22.5260703],[88.3206608,22.526048],[88.3204945,22.5260703],[88.3202776,22.5260854],[88.3202289,22.5258597],[88.3200325,22.5258676],[88.319773,22.5258894],[88.3195772,22.5259687]]}},
{"type":"Feature","properties":{"pipe_id":"P_0679","road_name":"Unnamed Street","diameter_mm":300,"depth_m":-2.2},"geometry":{"type":"LineString","coordinates":[[88.3187015,22.5264803],[88.3187166,22.5265859],[88.3187403,22.5266748],[88.3187215,22.5267937],[88.3187564,22.5268383],[88.3187645,22.5269523],[88.3188078,22.5271369]]}},
{"type":"Feature","properties":{"pipe_id":"P_0680","road_name":"Unnamed Street","diameter_mm":300,"depth_m":-2.2},"geometry":{"type":"LineString","coordinates":[[88.3194082,22.5258696],[88.3193905,22.5261077],[88.3193894,22.5261223],[88.3194052,22.5262539],[88.3194189,22.5263676],[88.319481,22.5265685],[88.3195208,22.5267021],[88.3195664,22.5269052],[88.3196077,22.5270823]]}},
{"type":"Feature","properties":{"pipe_id":"P_0681","road_name":"Unnamed Street","diameter_mm":300,"depth_m":-2.2},"geometry":{"type":"LineString","coordinates":[[88.3207466,22.5262264],[88.3205267,22.5262759],[88.3203389,22.5263205],[88.3201231,22.5263676],[88.3199692,22.5263827],[88.3197381,22.5264221]]}},
{"type":"Feature","properties":{"pipe_id":"P_0682","road_name":"Unnamed Street","diameter_mm":300,"depth_m":-2.2},"geometry":{"type":"LineString","coordinates":[[88.3214252,22.5265708],[88.3211821,22.5265862]]}},
{"type":"Feature","properties":{"pipe_id":"P_0683","road_name":"Unnamed Street","diameter_mm":300,"depth_m":-2.2},"geometry":{"type":"LineString","coordinates":[[88.3197381,22.5264221],[88.3198056,22.5267048],[88.3198658,22.5270436]]}},
{"type":"Feature","properties":{"pipe_id":"P_0684","road_name":"Unnamed Street","diameter_mm":300,"depth_m":-2.2},"geometry":{"type":"LineString","coordinates":[[88.321831,22.5263975],[88.3211838,22.5264444],[88.321152,22.5264174],[88.3209478,22.5264345],[88.3209696,22.5267915],[88.3209586,22.5270803]]}},
{"type":"Feature","properties":{"pipe_id":"P_0685","road_name":"Unnamed Street","diameter_mm":300,"depth_m":-2.2},"geometry":{"type":"LineString","coordinates":[[88.3189012,22.5267293],[88.318982,22.5271267]]}},
{"type":"Feature","properties":{"pipe_id":"P_0686","road_name":"Unnamed Street","diameter_mm":300,"depth_m":-2.2},"geometry":{"type":"LineString","coordinates":[[88.3199902,22.5256863],[88.3200325,22.5258676],[88.3200358,22.525882],[88.3200475,22.5259816],[88.3200492,22.525996],[88.3200707,22.5261719],[88.3201231,22.5263676],[88.3201351,22.5264122],[88.3201941,22.5266327],[88.3202289,22.526764],[88.3202374,22.5270219]]}},
{"type":"Feature","properties":{"pipe_id":"P_0687","road_name":"Unnamed Street","diameter_mm":300,"depth_m":-2.2},"geometry":{"type":"LineString","coordinates":[[88.3183691,22.5264676],[88.3184989,22.5264964],[88.3186549,22.5264967],[88.3187015,22.5264803],[88.3188396,22.526432],[88.3190277,22.5264001],[88.3190729,22.5264097],[88.319097,22.5265063],[88.319143,22.5267742],[88.3191804,22.5271152]]}},
{"type":"Feature","properties":{"pipe_id":"P_0688","road_name":"Unnamed Street","diameter_mm":300,"depth_m":-2.2},"geometry":{"type":"LineString","coordinates":[[88.3211838,22.5264444],[88.3211708,22.5264694],[88.3211821,22.5265862],[88.321216,22.52693],[88.3212165,22.5271049]]}},
{"type":"Feature","properties":{"pipe_id":"P_0689","road_name":"Unnamed Street","diameter_mm":300,"depth_m":-2.2},"geometry":{"type":"LineString","coordinates":[[88.3190112,22.5261768],[88.3193905,22.5261077]]}},
{"type":"Feature","properties":{"pipe_id":"P_0690","road_name":"Unnamed Street","diameter_mm":300,"depth_m":-2.2},"geometry":{"type":"LineString","coordinates":[[88.3185767,22.5267615],[88.3185794,22.5268681],[88.318561,22.5269253],[88.3185798,22.5271503]]}},
{"type":"Feature","properties":{"pipe_id":"P_0691","road_name":"Unnamed Street","diameter_mm":300,"depth_m":-2.2},"geometry":{"type":"LineString","coordinates":[[88.3211865,22.5261149],[88.3217771,22.5260256]]}},
{"type":"Feature","properties":{"pipe_id":"P_0692","road_name":"Unnamed Street","diameter_mm":300,"depth_m":-2.2},"geometry":{"type":"LineString","coordinates":[[88.3212884,22.5257854],[88.3217364,22.5257683]]}},
{"type":"Feature","properties":{"pipe_id":"P_0693","road_name":"Unnamed Street","diameter_mm":300,"depth_m":-2.2},"geometry":{"type":"LineString","coordinates":[[88.3197864,22.5260356],[88.3200475,22.5259816]]}},
{"type":"Feature","properties":{"pipe_id":"P_0694","road_name":"Unnamed Street","diameter_mm":300,"depth_m":-2.2},"geometry":{"type":"LineString","coordinates":[[88.3196764,22.5262115],[88.3194052,22.5262539]]}},
{"type":"Feature","properties":{"pipe_id":"P_0695","road_name":"Unnamed Street","diameter_mm":300,"depth_m":-2.2},"geometry":{"type":"LineString","coordinates":[[88.3209091,22.5244282],[88.3211091,22.5244155],[88.3212731,22.5243958],[88.3215486,22.5243608],[88.3222075,22.5242795],[88.3227127,22.5242096],[88.3234429,22.5241215],[88.3236155,22.5241232],[88.323743,22.5241529],[88.3238419,22.5241898],[88.3239572,22.5242022],[88.3240421,22.5241552]]}},
{"type":"Feature","properties":{"pipe_id":"P_0696","road_name":"Unnamed Street","diameter_mm":300,"depth_m":-2.2},"geometry":{"type":"LineString","coordinates":[[88.3232947,22.5229782],[88.323488,22.5229677],[88.3236112,22.5229609],[88.3237453,22.5229659],[88.3238446,22.5230005],[88.3238955,22.5230625],[88.3239304,22.5231418],[88.3239575,22.5233945],[88.3240306,22.5240771],[88.3240421,22.5241552],[88.3241025,22.5245642],[88.3241225,22.5247517],[88.3241283,22.5248026]]}},
{"type":"Feature","properties":{"pipe_id":"P_0697","road_name":"Unnamed Street","diameter_mm":300,"depth_m":-2.2},"geometry":{"type":"LineString","coordinates":[[88.3232947,22.5229782],[88.3229246,22.5230228],[88.3226081,22.5230551],[88.3216022,22.5231888],[88.3209612,22.5232557],[88.3209156,22.5232582],[88.3208731,22.5233675],[88.3209156,22.5236868],[88.3209509,22.5237466],[88.3210018,22.5237614],[88.3211893,22.5237331],[88.3216103,22.5236695],[88.3226724,22.5235431],[88.3236622,22.5234217],[88.3239575,22.5233945]]}},
{"type":"Feature","properties":{"pipe_id":"P_0698","road_name":"Unnamed Street","diameter_mm":300,"depth_m":-2.2},"geometry":{"type":"LineString","coordinates":[[88.3211893,22.5237331],[88.3212731,22.5243958]]}},
{"type":"Feature","properties":{"pipe_id":"P_0699","road_name":"Unnamed Street","diameter_mm":300,"depth_m":-2.2},"geometry":{"type":"LineString","coordinates":[[88.3211576,22.5248987],[88.3216802,22.5248369],[88.3222701,22.5248042]]}},
{"type":"Feature","properties":{"pipe_id":"P_0700","road_name":"Unnamed Street","diameter_mm":300,"depth_m":-2.2},"geometry":{"type":"LineString","coordinates":[[88.3211091,22.5244155],[88.3211576,22.5248987],[88.3211782,22.5250739],[88.3211842,22.5251244]]}},
{"type":"Feature","properties":{"pipe_id":"P_0701","road_name":"Durgapur Siding Road","diameter_mm":300,"depth_m":-2.2},"geometry":{"type":"LineString","coordinates":[[88.3233128,22.5196183],[88.3231784,22.5197712],[88.3231044,22.5198391],[88.3228586,22.5200189],[88.3225899,22.5202745],[88.3225526,22.5203208],[88.3222981,22.520637],[88.3221977,22.5207608],[88.3220207,22.5210234],[88.3218387,22.5212268],[88.321473,22.5215645],[88.3209556,22.5219335],[88.3203872,22.5222498],[88.3201306,22.5223707],[88.3197866,22.5225357],[88.319152,22.5228381],[88.3191158,22.5229213],[88.3191672,22.523085],[88.3192231,22.5234515],[88.3193358,22.5241972],[88.3194457,22.5251016],[88.3194693,22.5253287]]}},
{"type":"Feature","properties":{"pipe_id":"P_0702","road_name":"Unnamed Street","diameter_mm":300,"depth_m":-2.2},"geometry":{"type":"LineString","coordinates":[[88.3204539,22.5230074],[88.3203177,22.5230287],[88.320301,22.5231131],[88.3198874,22.5232028],[88.3199672,22.5238267],[88.3200523,22.524599],[88.32009,22.524923],[88.3201201,22.5251916]]}},
{"type":"Feature","properties":{"pipe_id":"P_0703","road_name":"Unnamed Street","diameter_mm":300,"depth_m":-2.2},"geometry":{"type":"LineString","coordinates":[[88.3227395,22.5215759],[88.3231518,22.5215274],[88.3233966,22.5214986],[88.3236438,22.5214818],[88.3237721,22.5214545],[88.3243162,22.5213979]]}},
{"type":"Feature","properties":{"pipe_id":"P_0704","road_name":"Unnamed Street","diameter_mm":300,"depth_m":-2.2},"geometry":{"type":"LineString","coordinates":[[88.3235871,22.5228915],[88.3235576,22.5227501],[88.3235329,22.5226317],[88.3240484,22.522567],[88.3243622,22.5224728],[88.3244392,22.5224558],[88.3244856,22.5224456],[88.3246517,22.5224234],[88.3246768,22.52242],[88.324713,22.5224152]]}},
{"type":"Feature","properties":{"pipe_id":"P_0705","road_name":"Unnamed Street","diameter_mm":300,"depth_m":-2.2},"geometry":{"type":"LineString","coordinates":[[88.3222752,22.5223631],[88.3222234,22.5220018],[88.3222218,22.5217196],[88.3224096,22.5211473],[88.3224015,22.5209837],[88.3223962,22.5208499],[88.3223506,22.520731],[88.3222981,22.520637]]}},
{"type":"Feature","properties":{"pipe_id":"P_0706","road_name":"Unnamed Street","diameter_mm":300,"depth_m":-2.2},"geometry":{"type":"LineString","coordinates":[[88.3237049,22.5218317],[88.3237439,22.5221754]]}},
{"type":"Feature","properties":{"pipe_id":"P_0707","road_name":"Unnamed Street","diameter_mm":300,"depth_m":-2.2},"geometry":{"type":"LineString","coordinates":[[88.3222701,22.5248042],[88.3225866,22.5247621],[88.3232572,22.5247027],[88.3234369,22.5246581],[88.3235365,22.5245914],[88.3236273,22.5244722],[88.3237319,22.5243583],[88.3238848,22.5242493],[88.3239572,22.5242022]]}},
{"type":"Feature","properties":{"pipe_id":"P_0708","road_name":"Unnamed Street","diameter_mm":300,"depth_m":-2.2},"geometry":{"type":"LineString","coordinates":[[88.3233128,22.5222357],[88.3237439,22.5221754],[88.3242167,22.5220833],[88.324191,22.5219305],[88.3244072,22.5218798]]}},
{"type":"Feature","properties":{"pipe_id":"P_0709","road_name":"Unnamed Street","diameter_mm":300,"depth_m":-2.2},"geometry":{"type":"LineString","coordinates":[[88.3230736,22.520789],[88.3230397,22.5206179],[88.3230213,22.5206089],[88.3226148,22.5206561],[88.3225988,22.5206447],[88.3225641,22.5204013],[88.3225526,22.5203208]]}},
{"type":"Feature","properties":{"pipe_id":"P_0710","road_name":"Unnamed Street","diameter_mm":300,"depth_m":-2.2},"geometry":{"type":"LineString","coordinates":[[88.3233128,22.5222357],[88.3232738,22.5219336],[88.3237049,22.5218317],[88.3239787,22.5218038],[88.3242871,22.5217667],[88.3243461,22.5218063],[88.3243894,22.5218413],[88.3244072,22.5218798]]}},
{"type":"Feature","properties":{"pipe_id":"P_0711","road_name":"Unnamed Street","diameter_mm":300,"depth_m":-2.2},"geometry":{"type":"LineString","coordinates":[[88.3195426,22.5249794],[88.3199724,22.5249351],[88.32009,22.524923]]}},
{"type":"Feature","properties":{"pipe_id":"P_0712","road_name":"Unnamed Street","diameter_mm":300,"depth_m":-2.2},"geometry":{"type":"LineString","coordinates":[[88.3196362,22.5246729],[88.3199366,22.5246506],[88.3199724,22.5249351]]}},
{"type":"Feature","properties":{"pipe_id":"P_0713","road_name":"Unnamed Street","diameter_mm":300,"depth_m":-2.2},"geometry":{"type":"LineString","coordinates":[[88.3207113,22.5245109],[88.3200523,22.524599]]}},
{"type":"Feature","properties":{"pipe_id":"P_0714","road_name":"Unnamed Street","diameter_mm":300,"depth_m":-2.2},"geometry":{"type":"LineString","coordinates":[[88.3210846,22.5226834],[88.3211275,22.5229981],[88.3212861,22.5229785],[88.3215222,22.5229537],[88.3229621,22.5227924],[88.3230426,22.522785],[88.3231901,22.5228048],[88.3233077,22.5228612],[88.3233296,22.5228717],[88.323488,22.5229677]]}},
{"type":"Feature","properties":{"pipe_id":"P_0715","road_name":"Unnamed Street","diameter_mm":300,"depth_m":-2.2},"geometry":{"type":"LineString","coordinates":[[88.3232491,22.5223687],[88.3233349,22.5227726],[88.3233077,22.5228612]]}},
{"type":"Feature","properties":{"pipe_id":"P_0716","road_name":"Unnamed Street","diameter_mm":300,"depth_m":-2.2},"geometry":{"type":"LineString","coordinates":[[88.3241959,22.5222597],[88.3242147,22.5221458],[88.324556,22.5220796]]}},
{"type":"Feature","properties":{"pipe_id":"P_0717","road_name":"Unnamed Street","diameter_mm":300,"depth_m":-2.2},"geometry":{"type":"LineString","coordinates":[[88.3235576,22.5227501],[88.3238664,22.5227134],[88.3240591,22.5227082],[88.3241031,22.5226757],[88.3244705,22.5225772],[88.3244392,22.5224558]]}},
{"type":"Feature","properties":{"pipe_id":"P_0718","road_name":"Unnamed Street","diameter_mm":300,"depth_m":-2.2},"geometry":{"type":"LineString","coordinates":[[88.323006,22.5214044],[88.3231639,22.5213821],[88.3232122,22.5213773],[88.323309,22.5213801],[88.3233707,22.5213818],[88.3233966,22.5214986]]}},
{"type":"Feature","properties":{"pipe_id":"P_0719","road_name":"Unnamed Street","diameter_mm":300,"depth_m":-2.2},"geometry":{"type":"LineString","coordinates":[[88.3238258,22.5209193],[88.324086,22.5209168],[88.3241507,22.5209394],[88.3242201,22.520992]]}},
{"type":"Feature","properties":{"pipe_id":"P_0720","road_name":"Unnamed Street","diameter_mm":300,"depth_m":-2.2},"geometry":{"type":"LineString","coordinates":[[88.3234476,22.5204164],[88.3233648,22.5200673],[88.3234756,22.5200173]]}},
{"type":"Feature","properties":{"pipe_id":"P_0721","road_name":"Unnamed Street","diameter_mm":300,"depth_m":-2.2},"geometry":{"type":"LineString","coordinates":[[88.3231151,22.5210379],[88.3230736,22.520789]]}},
{"type":"Feature","properties":{"pipe_id":"P_0722","road_name":"Unnamed Street","diameter_mm":300,"depth_m":-2.2},"geometry":{"type":"LineString","coordinates":[[88.3236675,22.5200893],[88.3235311,22.5200623],[88.3234756,22.5200173],[88.3234457,22.5199474],[88.3233691,22.519735],[88.3233128,22.5196183]]}},
{"type":"Feature","properties":{"pipe_id":"P_0723","road_name":"Moulana Mohammed Ali Road","diameter_mm":300,"depth_m":-2.2},"geometry":{"type":"LineString","coordinates":[[88.3216744,22.5380777],[88.3216318,22.5378507],[88.3215889,22.5375038],[88.3215923,22.5374214],[88.3215701,22.5371545],[88.3215571,22.537095],[88.321528,22.5369547],[88.3215004,22.536835],[88.3214804,22.5367435],[88.3214316,22.5365501],[88.3214011,22.5364088],[88.3213812,22.5363384],[88.321342,22.5361666],[88.3213341,22.5361344],[88.3212566,22.5358167],[88.3212314,22.535741],[88.3212107,22.5356285],[88.3211758,22.5355492],[88.3211482,22.5355331],[88.3211257,22.5355198],[88.3210586,22.5355198],[88.3209237,22.5354873],[88.3208548,22.5354554],[88.3208244,22.5354105],[88.320803,22.535356],[88.3206853,22.5348889]]}},
{"type":"Feature","properties":{"pipe_id":"P_0724","road_name":"Unnamed Street","diameter_mm":300,"depth_m":-2.2},"geometry":{"type":"LineString","coordinates":[[88.3199795,22.5378333],[88.3199196,22.5374121],[88.3199044,22.5373057],[88.3198065,22.5369529]]}},
{"type":"Feature","properties":{"pipe_id":"P_0725","road_name":"Unnamed Street","diameter_mm":300,"depth_m":-2.2},"geometry":{"type":"LineString","coordinates":[[88.3210632,22.5368226],[88.3214804,22.5367435]]}},
{"type":"Feature","properties":{"pipe_id":"P_0726","road_name":"Unnamed Street","diameter_mm":300,"depth_m":-2.2},"geometry":{"type":"LineString","coordinates":[[88.3208548,22.5354554],[88.3208051,22.5354755],[88.3204932,22.535602],[88.3201662,22.5357345],[88.3201405,22.5357449],[88.3199356,22.5358333],[88.3198986,22.5358493],[88.3195136,22.5360153],[88.3193018,22.5360748]]}},
{"type":"Feature","properties":{"pipe_id":"P_0727","road_name":"Unnamed Street","diameter_mm":300,"depth_m":-2.2},"geometry":{"type":"LineString","coordinates":[[88.3205224,22.5387881],[88.3205068,22.5385962],[88.3204842,22.5384705],[88.3204163,22.5383076],[88.3203758,22.5381397],[88.3203218,22.5379699]]}},
{"type":"Feature","properties":{"pipe_id":"P_0728","road_name":"Unnamed Street","diameter_mm":300,"depth_m":-2.2},"geometry":{"type":"LineString","coordinates":[[88.3212831,22.53801],[88.3212285,22.5379381],[88.3211812,22.5378558],[88.321128,22.5377583],[88.3210857,22.5376618],[88.3210658,22.5376245],[88.3210576,22.5375601],[88.3210405,22.5374946],[88.3211324,22.537449],[88.3212316,22.537477],[88.3213331,22.5374511],[88.3214462,22.5374197],[88.3215923,22.5374214]]}},
{"type":"Feature","properties":{"pipe_id":"P_0729","road_name":"Unnamed Street","diameter_mm":300,"depth_m":-2.2},"geometry":{"type":"LineString","coordinates":[[88.3206986,22.5377225],[88.3206024,22.537403],[88.3205878,22.5372574],[88.3207011,22.5372338],[88.3205642,22.5367171]]}},
{"type":"Feature","properties":{"pipe_id":"P_0730","road_name":"Unnamed Street","diameter_mm":300,"depth_m":-2.2},"geometry":{"type":"LineString","coordinates":[[88.3208315,22.5366714],[88.3205642,22.5367171],[88.3204377,22.5367361],[88.3204075,22.5367512],[88.3202436,22.536798],[88.3200868,22.5368726],[88.3198065,22.5369529],[88.3196397,22.5370087],[88.3195397,22.5370381]]}},
{"type":"Feature","properties":{"pipe_id":"P_0731","road_name":"Unnamed Street","diameter_mm":300,"depth_m":-2.2},"geometry":{"type":"LineString","coordinates":[[88.321528,22.5369547],[88.3212883,22.5370084],[88.3209957,22.5370859]]}},
{"type":"Feature","properties":{"pipe_id":"P_0732","road_name":"Unnamed Street","diameter_mm":300,"depth_m":-2.2},"geometry":{"type":"LineString","coordinates":[[88.3228435,22.5361955],[88.3227591,22.5362234],[88.3225545,22.5362924],[88.3222354,22.5363602],[88.3220398,22.5363963],[88.3218408,22.5364492],[88.3214316,22.5365501]]}},
{"type":"Feature","properties":{"pipe_id":"P_0733","road_name":"Unnamed Street","diameter_mm":300,"depth_m":-2.2},"geometry":{"type":"LineString","coordinates":[[88.3203758,22.5381397],[88.3201122,22.5382245],[88.3202347,22.5387691]]}},
{"type":"Feature","properties":{"pipe_id":"P_0734","road_name":"Unnamed Street","diameter_mm":300,"depth_m":-2.2},"geometry":{"type":"LineString","coordinates":[[88.3208164,22.5383808],[88.3204842,22.5384705]]}},
{"type":"Feature","properties":{"pipe_id":"P_0735","road_name":"Unnamed Street","diameter_mm":300,"depth_m":-2.2},"geometry":{"type":"LineString","coordinates":[[88.3211324,22.537449],[88.3210399,22.5373496],[88.3209957,22.5370859],[88.3209586,22.5369663],[88.3208315,22.5366714]]}},
{"type":"Feature","properties":{"pipe_id":"P_0736","road_name":"Unnamed Street","diameter_mm":300,"depth_m":-2.2},"geometry":{"type":"LineString","coordinates":[[88.3210399,22.5373496],[88.320879,22.5373901],[88.3206024,22.537403]]}},
{"type":"Feature","properties":{"pipe_id":"P_0737","road_name":"Unnamed Street","diameter_mm":300,"depth_m":-2.2},"geometry":{"type":"LineString","coordinates":[[88.3201856,22.5373563],[88.3201675,22.5372398],[88.3201444,22.5371411],[88.3201312,22.5370401],[88.3200868,22.5368726]]}},
{"type":"Feature","properties":{"pipe_id":"P_0738","road_name":"Unnamed Street","diameter_mm":300,"depth_m":-2.2},"geometry":{"type":"LineString","coordinates":[[88.3204377,22.5367361],[88.3204167,22.5366764],[88.3203371,22.5364389],[88.3203029,22.5362929],[88.3202587,22.536114],[88.3202612,22.5361041],[88.3202129,22.5358737],[88.3201662,22.5357345]]}},
{"type":"Feature","properties":{"pipe_id":"P_0739","road_name":"Unnamed Street","diameter_mm":300,"depth_m":-2.2},"geometry":{"type":"LineString","coordinates":[[88.3209156,22.5364113],[88.3209017,22.5362315],[88.3208957,22.536213],[88.3208266,22.5360216],[88.3207973,22.5359038],[88.320802,22.5358033],[88.3208051,22.5354755]]}},
{"type":"Feature","properties":{"pipe_id":"P_0740","road_name":"Unnamed Street","diameter_mm":300,"depth_m":-2.2},"geometry":{"type":"LineString","coordinates":[[88.3202587,22.536114],[88.3203682,22.5360947],[88.3204948,22.5360759]]}},
{"type":"Feature","properties":{"pipe_id":"P_0741","road_name":"Unnamed Street","diameter_mm":300,"depth_m":-2.2},"geometry":{"type":"LineString","coordinates":[[88.320802,22.5358033],[88.3209811,22.535782],[88.3211638,22.5357606],[88.3212314,22.535741]]}},
{"type":"Feature","properties":{"pipe_id":"P_0742","road_name":"Unnamed Street","diameter_mm":300,"depth_m":-2.2},"geometry":{"type":"LineString","coordinates":[[88.3203029,22.5362929],[88.3200527,22.5363559],[88.3200274,22.536274],[88.3198986,22.5358493]]}},
{"type":"Feature","properties":{"pipe_id":"P_0743","road_name":"Unnamed Street","diameter_mm":300,"depth_m":-2.2},"geometry":{"type":"LineString","coordinates":[[88.3213341,22.5361344],[88.3210953,22.5361958],[88.3209017,22.5362315],[88.3205207,22.5362703],[88.3205254,22.5362732],[88.3205567,22.5365916],[88.3205642,22.5367171]]}},
{"type":"Feature","properties":{"pipe_id":"P_0744","road_name":"Unnamed Street","diameter_mm":300,"depth_m":-2.2},"geometry":{"type":"LineString","coordinates":[[88.3198822,22.536322],[88.31993,22.5366362],[88.319471,22.5367466]]}},
{"type":"Feature","properties":{"pipe_id":"P_0745","road_name":"Unnamed Street","diameter_mm":300,"depth_m":-2.2},"geometry":{"type":"LineString","coordinates":[[88.3205207,22.5362703],[88.3204948,22.5360759],[88.3204922,22.5359846],[88.3205141,22.5359704],[88.3205018,22.5358888],[88.3205168,22.5357007],[88.3204932,22.535602]]}},
{"type":"Feature","properties":{"pipe_id":"P_0746","road_name":"Unnamed Street","diameter_mm":300,"depth_m":-2.2},"geometry":{"type":"LineString","coordinates":[[88.3200274,22.536274],[88.3198822,22.536322],[88.3193976,22.5364329]]}},
{"type":"Feature","properties":{"pipe_id":"P_0747","road_name":"Unnamed Street","diameter_mm":300,"depth_m":-2.2},"geometry":{"type":"LineString","coordinates":[[88.3201198,22.5373581],[88.3199196,22.5374121],[88.3197355,22.5374271],[88.3195772,22.5374422]]}},
{"type":"Feature","properties":{"pipe_id":"P_0748","road_name":"Unnamed Street","diameter_mm":300,"depth_m":-2.2},"geometry":{"type":"LineString","coordinates":[[88.3222506,22.5350884],[88.3225667,22.5350267]]}},
{"type":"Feature","properties":{"pipe_id":"P_0749","road_name":"Unnamed Street","diameter_mm":300,"depth_m":-2.2},"geometry":{"type":"LineString","coordinates":[[88.3204087,22.537328],[88.3203819,22.5372016],[88.3201675,22.5372398]]}},
{"type":"Feature","properties":{"pipe_id":"P_0750","road_name":"Unnamed Street","diameter_mm":300,"depth_m":-2.2},"geometry":{"type":"LineString","coordinates":[[88.3222354,22.5363602],[88.3220931,22.5358417],[88.3220851,22.535792],[88.3220588,22.5356549],[88.3220428,22.5355759],[88.3219963,22.5354087],[88.3219088,22.535276],[88.3218767,22.5351687],[88.3218784,22.5351384],[88.3217774,22.5348881],[88.3217395,22.5346708]]}},
{"type":"Feature","properties":{"pipe_id":"P_0751","road_name":"Unnamed Street","diameter_mm":300,"depth_m":-2.2},"geometry":{"type":"LineString","coordinates":[[88.3218066,22.5362383],[88.3213812,22.5363384]]}},
{"type":"Feature","properties":{"pipe_id":"P_0752","road_name":"Unnamed Street","diameter_mm":300,"depth_m":-2.2},"geometry":{"type":"LineString","coordinates":[[88.3217874,22.5353436],[88.3216586,22.535351],[88.3214958,22.5354084],[88.3213207,22.5354427],[88.3212169,22.5354777],[88.3211482,22.5355331]]}},
{"type":"Feature","properties":{"pipe_id":"P_0753","road_name":"Unnamed Street","diameter_mm":300,"depth_m":-2.2},"geometry":{"type":"LineString","coordinates":[[88.3213656,22.535049],[88.3211236,22.5351141],[88.3211665,22.5353274],[88.3212169,22.5354777]]}},
{"type":"Feature","properties":{"pipe_id":"P_0754","road_name":"Unnamed Street","diameter_mm":300,"depth_m":-2.2},"geometry":{"type":"LineString","coordinates":[[88.3203336,22.5354575],[88.3202191,22.5352746],[88.3201306,22.5350344]]}},
{"type":"Feature","properties":{"pipe_id":"P_0755","road_name":"Unnamed Street","diameter_mm":300,"depth_m":-2.2},"geometry":{"type":"LineString","coordinates":[[88.3217774,22.5359113],[88.3218495,22.5358961],[88.3219362,22.5358785],[88.3220931,22.5358417]]}},
{"type":"Feature","properties":{"pipe_id":"P_0756","road_name":"Unnamed Street","diameter_mm":300,"depth_m":-2.2},"geometry":{"type":"LineString","coordinates":[[88.3220428,22.5355759],[88.3219262,22.5356044],[88.3216165,22.5356933],[88.3214038,22.5357722],[88.3212566,22.5358167]]}},
{"type":"Feature","properties":{"pipe_id":"P_0757","road_name":"Unnamed Street","diameter_mm":300,"depth_m":-2.2},"geometry":{"type":"LineString","coordinates":[[88.3216586,22.535351],[88.3215013,22.5347154]]}},
{"type":"Feature","properties":{"pipe_id":"P_0758","road_name":"Unnamed Street","diameter_mm":300,"depth_m":-2.2},"geometry":{"type":"LineString","coordinates":[[88.3190381,22.5382],[88.318909,22.5376858]]}},
{"type":"Feature","properties":{"pipe_id":"P_0759","road_name":"Unnamed Street","diameter_mm":300,"depth_m":-2.2},"geometry":{"type":"LineString","coordinates":[[88.3195582,22.5381899],[88.319731,22.538161]]}},
{"type":"Feature","properties":{"pipe_id":"P_0760","road_name":"Unnamed Street","diameter_mm":300,"depth_m":-2.2},"geometry":{"type":"LineString","coordinates":[[88.3191453,22.5376122],[88.319258,22.5379894],[88.3193251,22.538252],[88.3193275,22.5382855],[88.3193439,22.5385096],[88.3193587,22.5386974]]}},
{"type":"Feature","properties":{"pipe_id":"P_0761","road_name":"Unnamed Street","diameter_mm":300,"depth_m":-2.2},"geometry":{"type":"LineString","coordinates":[[88.3195802,22.5374767],[88.3191453,22.5376122],[88.318909,22.5376858],[88.3187457,22.5377367],[88.3186572,22.5377605],[88.3183675,22.5378383]]}},
{"type":"Feature","properties":{"pipe_id":"P_0762","road_name":"Unnamed Street","diameter_mm":300,"depth_m":-2.2},"geometry":{"type":"LineString","coordinates":[[88.3181851,22.5352717],[88.3182468,22.5355021],[88.3183611,22.5359789],[88.3184051,22.5361487],[88.3179384,22.5362503],[88.317815,22.5362899],[88.3176943,22.5363518],[88.3175092,22.5364237],[88.3169942,22.5365426],[88.3166562,22.5365956]]}},
{"type":"Feature","properties":{"pipe_id":"P_0763","road_name":"Unnamed Street","diameter_mm":300,"depth_m":-2.2},"geometry":{"type":"LineString","coordinates":[[88.3176901,22.5376232],[88.3182824,22.5374885]]}},
{"type":"Feature","properties":{"pipe_id":"P_0764","road_name":"Unnamed Street","diameter_mm":300,"depth_m":-2.2},"geometry":{"type":"LineString","coordinates":[[88.3193275,22.5382855],[88.3188289,22.5383758],[88.3186572,22.5377605]]}},
{"type":"Feature","properties":{"pipe_id":"P_0765","road_name":"Unnamed Street","diameter_mm":300,"depth_m":-2.2},"geometry":{"type":"LineString","coordinates":[[88.319663,22.5379191],[88.3194887,22.5379448],[88.319258,22.5379894]]}},
{"type":"Feature","properties":{"pipe_id":"P_0766","road_name":"Unnamed Street","diameter_mm":300,"depth_m":-2.2},"geometry":{"type":"LineString","coordinates":[[88.3180537,22.5378011],[88.3183374,22.5377051]]}},
{"type":"Feature","properties":{"pipe_id":"P_0767","road_name":"Unnamed Street","diameter_mm":300,"depth_m":-2.2},"geometry":{"type":"LineString","coordinates":[[88.3179384,22.5362503],[88.3180242,22.5365253],[88.3181187,22.5368797],[88.3181503,22.5369984],[88.3182437,22.5373451],[88.3182824,22.5374885],[88.3183193,22.5376252],[88.3183374,22.5377051],[88.3183675,22.5378383],[88.3184715,22.5382735],[88.3185603,22.5386285],[88.318563,22.538719]]}},
{"type":"Feature","properties":{"pipe_id":"P_0768","road_name":"Unnamed Street","diameter_mm":300,"depth_m":-2.2},"geometry":{"type":"LineString","coordinates":[[88.3196357,22.5384222],[88.3197954,22.538399]]}},
{"type":"Feature","properties":{"pipe_id":"P_0769","road_name":"Unnamed Street","diameter_mm":300,"depth_m":-2.2},"geometry":{"type":"LineString","coordinates":[[88.3166897,22.536747],[88.3167519,22.5367463],[88.3167757,22.5367684],[88.3168038,22.5368263],[88.3168238,22.5368937],[88.3168437,22.5369687],[88.3168574,22.53703],[88.3168468,22.5370669],[88.3168199,22.5371],[88.3167793,22.5371286]]}},
{"type":"Feature","properties":{"pipe_id":"P_0770","road_name":"Unnamed Street","diameter_mm":300,"depth_m":-2.2},"geometry":{"type":"LineString","coordinates":[[88.3171916,22.5371562],[88.3172786,22.5375311],[88.317618,22.5374728],[88.3182437,22.5373451]]}},
{"type":"Feature","properties":{"pipe_id":"P_0771","road_name":"Unnamed Street","diameter_mm":300,"depth_m":-2.2},"geometry":{"type":"LineString","coordinates":[[88.317292,22.5382371],[88.3174878,22.5382297],[88.3175039,22.5381826],[88.3177721,22.5381132],[88.3177587,22.5379968],[88.3176901,22.5376232]]}},
{"type":"Feature","properties":{"pipe_id":"P_0772","road_name":"Unnamed Street","diameter_mm":300,"depth_m":-2.2},"geometry":{"type":"LineString","coordinates":[[88.3169942,22.5365426],[88.3171418,22.5371644],[88.3171916,22.5371562],[88.3181503,22.5369984]]}},
{"type":"Feature","properties":{"pipe_id":"P_0773","road_name":"Dock Eastern Boundary Road","diameter_mm":300,"depth_m":-2.2},"geometry":{"type":"LineString","coordinates":[[88.3159035,22.5337355],[88.3159695,22.5339775],[88.3160984,22.5344641],[88.3162835,22.5351032],[88.3163728,22.5354651],[88.3164578,22.5358093],[88.3166295,22.5364757],[88.3166562,22.5365956],[88.3166897,22.536747],[88.3167207,22.5368845],[88.3167793,22.5371286],[88.3168354,22.5373881],[88.3168762,22.5375831],[88.316921,22.5377262],[88.3169722,22.5379401],[88.3170513,22.5382707],[88.3171039,22.5384906]]}},
{"type":"Feature","properties":{"pipe_id":"P_0774","road_name":"Unnamed Street","diameter_mm":300,"depth_m":-2.2},"geometry":{"type":"LineString","coordinates":[[88.3176901,22.5376232],[88.3175575,22.5376326],[88.3175709,22.5376574],[88.317131,22.5377119],[88.316921,22.5377262]]}},
{"type":"Feature","properties":{"pipe_id":"P_0775","road_name":"Unnamed Street","diameter_mm":300,"depth_m":-2.2},"geometry":{"type":"LineString","coordinates":[[88.3176621,22.5382396],[88.3182951,22.5382867],[88.3184715,22.5382735]]}},
{"type":"Feature","properties":{"pipe_id":"P_0776","road_name":"Unnamed Street","diameter_mm":300,"depth_m":-2.2},"geometry":{"type":"LineString","coordinates":[[88.3184051,22.5361487],[88.3184319,22.5361883],[88.3185875,22.5361685],[88.3185994,22.5362021],[88.3186733,22.5364113],[88.3187457,22.536659],[88.3187531,22.5367123],[88.3187779,22.5368919],[88.3188047,22.5370876],[88.3188499,22.5372459],[88.3188557,22.537266],[88.3185285,22.5373007],[88.3182437,22.5373451]]}},
{"type":"Feature","properties":{"pipe_id":"P_0777","road_name":"Unnamed Street","diameter_mm":300,"depth_m":-2.2},"geometry":{"type":"LineString","coordinates":[[88.3187779,22.5368919],[88.3189549,22.536882],[88.3192447,22.5368377],[88.3194836,22.5368029]]}},
{"type":"Feature","properties":{"pipe_id":"P_0778","road_name":"Unnamed Street","diameter_mm":300,"depth_m":-2.2},"geometry":{"type":"LineString","coordinates":[[88.3192447,22.5368377],[88.3192664,22.5369198],[88.3193108,22.5371675],[88.3188499,22.5372459]]}},
{"type":"Feature","properties":{"pipe_id":"P_0779","road_name":"Unnamed Street","diameter_mm":300,"depth_m":-2.2},"geometry":{"type":"LineString","coordinates":[[88.3162114,22.5370966],[88.3163507,22.5375047],[88.3168354,22.5373881]]}},
{"type":"Feature","properties":{"pipe_id":"P_0780","road_name":"Unnamed Street","diameter_mm":300,"depth_m":-2.2},"geometry":{"type":"LineString","coordinates":[[88.3187531,22.5367123],[88.3184051,22.536773],[88.3184051,22.5368325],[88.3181187,22.5368797]]}},
{"type":"Feature","properties":{"pipe_id":"P_0781","road_name":"Unnamed Street","diameter_mm":300,"depth_m":-2.2},"geometry":{"type":"LineString","coordinates":[[88.3169389,22.5361815],[88.3169942,22.5365426]]}},
{"type":"Feature","properties":{"pipe_id":"P_0782","road_name":"Unnamed Street","diameter_mm":300,"depth_m":-2.2},"geometry":{"type":"LineString","coordinates":[[88.3192313,22.5358037],[88.3189702,22.5358545],[88.3183611,22.5359789]]}},
{"type":"Feature","properties":{"pipe_id":"P_0783","road_name":"Unnamed Street","diameter_mm":300,"depth_m":-2.2},"geometry":{"type":"LineString","coordinates":[[88.3183882,22.5331756],[88.3184267,22.5333872],[88.31833,22.5334037],[88.3183444,22.5334589],[88.3185662,22.5343064],[88.3187565,22.5351311],[88.3188317,22.5354014],[88.3189125,22.5356276],[88.3189702,22.5358545],[88.3190901,22.5361576],[88.3192447,22.5368377]]}},
{"type":"Feature","properties":{"pipe_id":"P_0784","road_name":"Unnamed Street","diameter_mm":300,"depth_m":-2.2},"geometry":{"type":"LineString","coordinates":[[88.3172538,22.5352773],[88.3168171,22.5353706],[88.3166657,22.5354028],[88.3163728,22.5354651]]}},
{"type":"Feature","properties":{"pipe_id":"P_0785","road_name":"Unnamed Street","diameter_mm":300,"depth_m":-2.2},"geometry":{"type":"LineString","coordinates":[[88.3175267,22.5343242],[88.3178898,22.5342516],[88.31796,22.5346706],[88.3181335,22.5352846]]}},
{"type":"Feature","properties":{"pipe_id":"P_0786","road_name":"Unnamed Street","diameter_mm":300,"depth_m":-2.2},"geometry":{"type":"LineString","coordinates":[[88.318424,22.535213],[88.3183193,22.5347836],[88.3180968,22.5339298],[88.3179077,22.5339689],[88.3173132,22.5340919],[88.3169859,22.5341596],[88.3172186,22.5351305],[88.3172538,22.5352773]]}},
{"type":"Feature","properties":{"pipe_id":"P_0787","road_name":"Unnamed Street","diameter_mm":300,"depth_m":-2.2},"geometry":{"type":"LineString","coordinates":[[88.3168977,22.5351404],[88.3166135,22.5352032],[88.3166657,22.5354028]]}},
{"type":"Feature","properties":{"pipe_id":"P_0788","road_name":"Unnamed Street","diameter_mm":300,"depth_m":-2.2},"geometry":{"type":"LineString","coordinates":[[88.3173132,22.5340919],[88.3173349,22.5337184],[88.3173226,22.5336706]]}},
{"type":"Feature","properties":{"pipe_id":"P_0789","road_name":"Unnamed Street","diameter_mm":300,"depth_m":-2.2},"geometry":{"type":"LineString","coordinates":[[88.3177377,22.5333217],[88.317807,22.5335623],[88.3179077,22.5339689]]}},
{"type":"Feature","properties":{"pipe_id":"P_0790","road_name":"Unnamed Street","diameter_mm":300,"depth_m":-2.2},"geometry":{"type":"LineString","coordinates":[[88.3173226,22.5336706],[88.3174931,22.5336341],[88.317807,22.5335623],[88.3180993,22.5335102],[88.3183444,22.5334589]]}},
{"type":"Feature","properties":{"pipe_id":"P_0791","road_name":"Unnamed Street","diameter_mm":300,"depth_m":-2.2},"geometry":{"type":"LineString","coordinates":[[88.316466,22.5338505],[88.3165599,22.5341726],[88.3166697,22.5341569],[88.3168977,22.5351404]]}},
{"type":"Feature","properties":{"pipe_id":"P_0792","road_name":"Unnamed Street","diameter_mm":300,"depth_m":-2.2},"geometry":{"type":"LineString","coordinates":[[88.3164498,22.53464],[88.3163961,22.5344591],[88.3163802,22.5343807],[88.3160984,22.5344641]]}},
{"type":"Feature","properties":{"pipe_id":"P_0793","road_name":"Unnamed Street","diameter_mm":300,"depth_m":-2.2},"geometry":{"type":"LineString","coordinates":[[88.3167207,22.5348604],[88.3165088,22.5349273],[88.3165545,22.5350843],[88.3166135,22.5352032]]}},
{"type":"Feature","properties":{"pipe_id":"P_0794","road_name":"Unnamed Street","diameter_mm":300,"depth_m":-2.2},"geometry":{"type":"LineString","coordinates":[[88.3240494,22.5369498],[88.3240045,22.5367572],[88.3239644,22.5366584],[88.3238615,22.5365063],[88.3237805,22.5362973],[88.3236543,22.5359682],[88.3236172,22.5358938],[88.3236233,22.5358166],[88.3235911,22.5357522],[88.3235589,22.5355787]]}},
{"type":"Feature","properties":{"pipe_id":"P_0795","road_name":"Unnamed Street","diameter_mm":300,"depth_m":-2.2},"geometry":{"type":"LineString","coordinates":[[88.3233342,22.5364465],[88.3237805,22.5362973]]}},
{"type":"Feature","properties":{"pipe_id":"P_0796","road_name":"Unnamed Street","diameter_mm":300,"depth_m":-2.2},"geometry":{"type":"LineString","coordinates":[[88.324209,22.5345929],[88.3242639,22.5349088],[88.3242735,22.5349712],[88.3243027,22.5351282],[88.3243134,22.5352564],[88.3243472,22.53539],[88.3243315,22.5355644]]}},
{"type":"Feature","properties":{"pipe_id":"P_0797","road_name":"Unnamed Street","diameter_mm":300,"depth_m":-2.2},"geometry":{"type":"LineString","coordinates":[[88.3231727,22.5355838],[88.3227314,22.5356946]]}},
{"type":"Feature","properties":{"pipe_id":"P_0798","road_name":"Unnamed Street","diameter_mm":300,"depth_m":-2.2},"geometry":{"type":"LineString","coordinates":[[88.3241073,22.5364121],[88.3238615,22.5365063]]}},
{"type":"Feature","properties":{"pipe_id":"P_0799","road_name":"Unnamed Street","diameter_mm":300,"depth_m":-2.2},"geometry":{"type":"LineString","coordinates":[[88.3237956,22.5352851],[88.3233188,22.5354303],[88.3233376,22.5355467],[88.3234583,22.5359753]]}},
{"type":"Feature","properties":{"pipe_id":"P_0800","road_name":"Unnamed Street","diameter_mm":300,"depth_m":-2.2},"geometry":{"type":"LineString","coordinates":[[88.3246046,22.5360324],[88.3246429,22.5362464],[88.3246145,22.5364354],[88.3246546,22.5366368],[88.3246884,22.536831]]}},
{"type":"Feature","properties":{"pipe_id":"P_0801","road_name":"Unnamed Street","diameter_mm":300,"depth_m":-2.2},"geometry":{"type":"LineString","coordinates":[[88.3235313,22.5342619],[88.323699,22.534693],[88.3237004,22.5347938],[88.3237017,22.5348862],[88.323732,22.5350458],[88.3237339,22.5350794],[88.3237956,22.5352851],[88.3238842,22.5354972],[88.323927,22.5355997],[88.3239526,22.5356527],[88.3239882,22.5357674]]}},
{"type":"Feature","properties":{"pipe_id":"P_0802","road_name":"Unnamed Street","diameter_mm":300,"depth_m":-2.2},"geometry":{"type":"LineString","coordinates":[[88.3248559,22.5359556],[88.3247599,22.5359893],[88.3246046,22.5360324],[88.3245283,22.535951],[88.3244435,22.5357497],[88.3244274,22.5357051],[88.3243269,22.535719],[88.32417,22.5357276],[88.3239882,22.5357674],[88.3236172,22.5358938]]}},
{"type":"Feature","properties":{"pipe_id":"P_0803","road_name":"Unnamed Street","diameter_mm":300,"depth_m":-2.2},"geometry":{"type":"LineString","coordinates":[[88.32508,22.536193],[88.3246429,22.5362464],[88.3244259,22.5362893],[88.3243939,22.5363316],[88.3242341,22.5363803],[88.3241717,22.5364017],[88.3241073,22.5364121]]}},
{"type":"Feature","properties":{"pipe_id":"P_0804","road_name":"Unnamed Street","diameter_mm":300,"depth_m":-2.2},"geometry":{"type":"LineString","coordinates":[[88.3243027,22.5351282],[88.3244482,22.5351133],[88.3245998,22.5350915],[88.3246073,22.5351272],[88.3246546,22.5351157],[88.3249057,22.5350844]]}},
{"type":"Feature","properties":{"pipe_id":"P_0805","road_name":"Unnamed Street","diameter_mm":300,"depth_m":-2.2},"geometry":{"type":"LineString","coordinates":[[88.3236543,22.5359682],[88.3231686,22.5361463],[88.3228435,22.5361955]]}},
{"type":"Feature","properties":{"pipe_id":"P_0806","road_name":"Unnamed Street","diameter_mm":300,"depth_m":-2.2},"geometry":{"type":"LineString","coordinates":[[88.3239526,22.5356527],[88.3242256,22.5355762],[88.3242928,22.535552],[88.3243315,22.5355644],[88.3246465,22.5355595],[88.3246389,22.535518]]}},
{"type":"Feature","properties":{"pipe_id":"P_0807","road_name":"Unnamed Street","diameter_mm":300,"depth_m":-2.2},"geometry":{"type":"LineString","coordinates":[[88.3242928,22.535552],[88.3243225,22.5356443],[88.3243269,22.535719]]}},
{"type":"Feature","properties":{"pipe_id":"P_0808","road_name":"Unnamed Street","diameter_mm":300,"depth_m":-2.2},"geometry":{"type":"LineString","coordinates":[[88.3237004,22.5347938],[88.3233054,22.5348976],[88.3230774,22.5349348],[88.3228307,22.534972],[88.3225667,22.5350267]]}},
{"type":"Feature","properties":{"pipe_id":"P_0809","road_name":"Unnamed Street","diameter_mm":300,"depth_m":-2.2},"geometry":{"type":"LineString","coordinates":[[88.3242735,22.5349712],[88.3239278,22.5350247],[88.3239161,22.5350062],[88.323732,22.5350458]]}},
{"type":"Feature","properties":{"pipe_id":"P_0810","road_name":"Unnamed Street","diameter_mm":300,"depth_m":-2.2},"geometry":{"type":"LineString","coordinates":[[88.3247807,22.5345162],[88.3244668,22.5345607],[88.324209,22.5345929],[88.323699,22.534693]]}},
{"type":"Feature","properties":{"pipe_id":"P_0811","road_name":"Unnamed Street","diameter_mm":300,"depth_m":-2.2},"geometry":{"type":"LineString","coordinates":[[88.3241905,22.5353163],[88.3242093,22.5354229],[88.3238842,22.5354972]]}},
{"type":"Feature","properties":{"pipe_id":"P_0812","road_name":"Unnamed Street","diameter_mm":300,"depth_m":-2.2},"geometry":{"type":"LineString","coordinates":[[88.3233537,22.5332873],[88.3230867,22.5333461],[88.3229094,22.5333593],[88.3226781,22.5334164]]}},
{"type":"Feature","properties":{"pipe_id":"P_0813","road_name":"Unnamed Street","diameter_mm":300,"depth_m":-2.2},"geometry":{"type":"LineString","coordinates":[[88.3235951,22.5342439],[88.3235495,22.5340851],[88.3235008,22.5339431],[88.3235012,22.5337902],[88.3235066,22.5336094],[88.3234828,22.5335268]]}},
{"type":"Feature","properties":{"pipe_id":"P_0814","road_name":"Unnamed Street","diameter_mm":300,"depth_m":-2.2},"geometry":{"type":"LineString","coordinates":[[88.3231606,22.5336763],[88.3227697,22.533722],[88.3227493,22.5337555]]}},
{"type":"Feature","properties":{"pipe_id":"P_0815","road_name":"Unnamed Street","diameter_mm":300,"depth_m":-2.2},"geometry":{"type":"LineString","coordinates":[[88.3227095,22.5335971],[88.3229433,22.5335747],[88.3231418,22.5335351],[88.3233725,22.5335128],[88.3234828,22.5335268],[88.3235093,22.5335301],[88.3236567,22.5335403],[88.3237238,22.533545],[88.3238746,22.5335358],[88.3241718,22.5335177],[88.3243037,22.5339171]]}},
{"type":"Feature","properties":{"pipe_id":"P_0816","road_name":"Unnamed Street","diameter_mm":300,"depth_m":-2.2},"geometry":{"type":"LineString","coordinates":[[88.3231418,22.5335351],[88.3230867,22.5333461],[88.3230448,22.5332685],[88.3230253,22.5331511],[88.322954,22.5331412],[88.3228494,22.5327894]]}},
{"type":"Feature","properties":{"pipe_id":"P_0817","road_name":"Shah Aman Lane","diameter_mm":300,"depth_m":-2.2},"geometry":{"type":"LineString","coordinates":[[88.3236567,22.5335403],[88.3236461,22.5335053],[88.3236063,22.5332571],[88.323579,22.5330866],[88.3235571,22.5330512],[88.3234905,22.5330148],[88.3233912,22.5329826],[88.3233322,22.5329405],[88.3233001,22.5328042],[88.3233966,22.5326729],[88.3235361,22.5326358],[88.3234905,22.5324301],[88.3234395,22.5321923],[88.32342,22.5320265]]}},
{"type":"Feature","properties":{"pipe_id":"P_0818","road_name":"Unnamed Street","diameter_mm":300,"depth_m":-2.2},"geometry":{"type":"LineString","coordinates":[[88.3230345,22.5327101],[88.3228857,22.5321362]]}},
{"type":"Feature","properties":{"pipe_id":"P_0819","road_name":"Unnamed Street","diameter_mm":300,"depth_m":-2.2},"geometry":{"type":"LineString","coordinates":[[88.3233001,22.5328042],[88.3232679,22.532668],[88.3230345,22.5327101],[88.3228494,22.5327894],[88.3225614,22.5328382]]}},
{"type":"Feature","properties":{"pipe_id":"P_0820","road_name":"Unnamed Street","diameter_mm":300,"depth_m":-2.2},"geometry":{"type":"LineString","coordinates":[[88.3241718,22.5335177],[88.3241273,22.5331802],[88.3241208,22.5331312],[88.3240269,22.5327571],[88.323858,22.5327968],[88.3237748,22.5325218],[88.3236648,22.5322592],[88.3236215,22.5320058]]}},
{"type":"Feature","properties":{"pipe_id":"P_0821","road_name":"Unnamed Street","diameter_mm":300,"depth_m":-2.2},"geometry":{"type":"LineString","coordinates":[[88.3244436,22.5331321],[88.3241273,22.5331802],[88.3240216,22.5331932],[88.3236063,22.5332571]]}},
{"type":"Feature","properties":{"pipe_id":"P_0822","road_name":"Unnamed Street","diameter_mm":300,"depth_m":-2.2},"geometry":{"type":"LineString","coordinates":[[88.3208079,22.5333535],[88.3209308,22.5338939],[88.3210013,22.5342621],[88.3210493,22.5344807],[88.321121,22.5347927]]}},
{"type":"Feature","properties":{"pipe_id":"P_0823","road_name":"Unnamed Street","diameter_mm":300,"depth_m":-2.2},"geometry":{"type":"LineString","coordinates":[[88.3216045,22.5341388],[88.3215267,22.5340521],[88.3214811,22.5339704],[88.3214597,22.5338836],[88.3214918,22.5338019],[88.3215723,22.5337399],[88.3216796,22.5337177],[88.3217735,22.5337424],[88.3218432,22.5338465],[88.3218673,22.533958],[88.3218571,22.5340146],[88.3218513,22.5340472],[88.3218003,22.5341041],[88.3217145,22.5341388],[88.3216662,22.5341537],[88.3216045,22.5341388]]}},
{"type":"Feature","properties":{"pipe_id":"P_0824","road_name":"Unnamed Street","diameter_mm":300,"depth_m":-2.2},"geometry":{"type":"LineString","coordinates":[[88.3201477,22.5327774],[88.3202743,22.5333632],[88.3202879,22.5334261],[88.32035,22.5336722],[88.320393,22.5338431],[88.3204261,22.5339743],[88.3204501,22.5340696],[88.3204538,22.5340843],[88.3205221,22.5343367],[88.3205665,22.5345005],[88.3206853,22.5348889]]}},
{"type":"Feature","properties":{"pipe_id":"P_0825","road_name":"Unnamed Street","diameter_mm":300,"depth_m":-2.2},"geometry":{"type":"LineString","coordinates":[[88.3216662,22.5341537],[88.3215964,22.5341611],[88.3213953,22.5342008],[88.3213146,22.5342134],[88.3210013,22.5342621],[88.3205221,22.5343367]]}},
{"type":"Feature","properties":{"pipe_id":"P_0826","road_name":"Unnamed Street","diameter_mm":300,"depth_m":-2.2},"geometry":{"type":"LineString","coordinates":[[88.3211729,22.5332819],[88.3212991,22.5336507],[88.3213363,22.5337821],[88.3213889,22.5338188]]}},
{"type":"Feature","properties":{"pipe_id":"P_0827","road_name":"Unnamed Street","diameter_mm":300,"depth_m":-2.2},"geometry":{"type":"LineString","coordinates":[[88.3205767,22.5326706],[88.3206521,22.5329808],[88.3207442,22.5333683]]}},
{"type":"Feature","properties":{"pipe_id":"P_0828","road_name":"Mohamedan Burial Ground Lane","diameter_mm":300,"depth_m":-2.2},"geometry":{"type":"LineString","coordinates":[[88.3217851,22.532396],[88.3218234,22.5326418],[88.321837,22.5327293],[88.3218501,22.5328132],[88.3218892,22.5330644],[88.3218892,22.5331139],[88.3219296,22.5333018],[88.3219854,22.5335616],[88.3219589,22.533602],[88.3220352,22.5339161],[88.3220877,22.5341321],[88.3220956,22.5341759],[88.3221279,22.5343551],[88.3221862,22.5345888]]}},
{"type":"Feature","properties":{"pipe_id":"P_0829","road_name":"Unnamed Street","diameter_mm":300,"depth_m":-2.2},"geometry":{"type":"LineString","coordinates":[[88.3218748,22.5342905],[88.3219156,22.5342676],[88.3219639,22.534223],[88.3219156,22.5340472],[88.3218571,22.5340146]]}},
{"type":"Feature","properties":{"pipe_id":"P_0830","road_name":"Unnamed Street","diameter_mm":300,"depth_m":-2.2},"geometry":{"type":"LineString","coordinates":[[88.3204261,22.5339743],[88.3206309,22.5339431],[88.3209308,22.5338939],[88.3213889,22.5338188],[88.3214918,22.5338019]]}},
{"type":"Feature","properties":{"pipe_id":"P_0831","road_name":"Unnamed Street","diameter_mm":300,"depth_m":-2.2},"geometry":{"type":"LineString","coordinates":[[88.3220202,22.5344906],[88.3219773,22.5343816],[88.3219398,22.5343519],[88.3218748,22.5342905],[88.3217145,22.5341388]]}},
{"type":"Feature","properties":{"pipe_id":"P_0832","road_name":"Unnamed Street","diameter_mm":300,"depth_m":-2.2},"geometry":{"type":"LineString","coordinates":[[88.3213146,22.5342134],[88.3213443,22.5343147],[88.3214468,22.5347257]]}},
{"type":"Feature","properties":{"pipe_id":"P_0833","road_name":"Unnamed Street","diameter_mm":300,"depth_m":-2.2},"geometry":{"type":"LineString","coordinates":[[88.3205522,22.5333725],[88.3205638,22.5334104],[88.3207442,22.5333683],[88.3208079,22.5333535],[88.3211729,22.5332819],[88.3216055,22.5331814],[88.3218892,22.5331139]]}},
{"type":"Feature","properties":{"pipe_id":"P_0834","road_name":"Unnamed Street","diameter_mm":300,"depth_m":-2.2},"geometry":{"type":"LineString","coordinates":[[88.3216055,22.5331814],[88.321693,22.5335641],[88.3212991,22.5336507]]}},
{"type":"Feature","properties":{"pipe_id":"P_0835","road_name":"Unnamed Street","diameter_mm":300,"depth_m":-2.2},"geometry":{"type":"LineString","coordinates":[[88.3225188,22.5325771],[88.3223908,22.5326011],[88.3222057,22.5326382],[88.3221195,22.5326573],[88.3219532,22.5327093],[88.321837,22.5327293]]}},
{"type":"Feature","properties":{"pipe_id":"P_0836","road_name":"Unnamed Street","diameter_mm":300,"depth_m":-2.2},"geometry":{"type":"LineString","coordinates":[[88.3224498,22.533981],[88.3226563,22.5339414],[88.3227046,22.5339538],[88.3227696,22.5339422]]}},
{"type":"Feature","properties":{"pipe_id":"P_0837","road_name":"Unnamed Street","diameter_mm":300,"depth_m":-2.2},"geometry":{"type":"LineString","coordinates":[[88.3218501,22.5328132],[88.3220287,22.5327968],[88.3220636,22.5329008],[88.322557,22.5328101]]}},
{"type":"Feature","properties":{"pipe_id":"P_0838","road_name":"Unnamed Street","diameter_mm":300,"depth_m":-2.2},"geometry":{"type":"LineString","coordinates":[[88.3222835,22.5341272],[88.3220956,22.5341759]]}},
{"type":"Feature","properties":{"pipe_id":"P_0839","road_name":"Unnamed Street","diameter_mm":300,"depth_m":-2.2},"geometry":{"type":"LineString","coordinates":[[88.3227493,22.5337555],[88.3223452,22.5338472],[88.3220352,22.5339161]]}},
{"type":"Feature","properties":{"pipe_id":"P_0840","road_name":"Unnamed Street","diameter_mm":300,"depth_m":-2.2},"geometry":{"type":"LineString","coordinates":[[88.3226686,22.5334007],[88.3222245,22.5335078],[88.3219854,22.5335616]]}},
{"type":"Feature","properties":{"pipe_id":"P_0841","road_name":"Unnamed Street","diameter_mm":300,"depth_m":-2.2},"geometry":{"type":"LineString","coordinates":[[88.3222325,22.5330396],[88.3224226,22.5330041],[88.3224634,22.5331998]]}},
{"type":"Feature","properties":{"pipe_id":"P_0842","road_name":"Unnamed Street","diameter_mm":300,"depth_m":-2.2},"geometry":{"type":"LineString","coordinates":[[88.3219296,22.5333018],[88.322364,22.5332105],[88.3224634,22.5331998],[88.322617,22.5331625]]}},
{"type":"Feature","properties":{"pipe_id":"P_0843","road_name":"Unnamed Street","diameter_mm":300,"depth_m":-2.2},"geometry":{"type":"LineString","coordinates":[[88.3213341,22.5328463],[88.3212766,22.5325123]]}},
{"type":"Feature","properties":{"pipe_id":"P_0844","road_name":"Unnamed Street","diameter_mm":300,"depth_m":-2.2},"geometry":{"type":"LineString","coordinates":[[88.3218234,22.5326418],[88.3215856,22.5326788],[88.3215536,22.5324454]]}},
{"type":"Feature","properties":{"pipe_id":"P_0845","road_name":"Unnamed Street","diameter_mm":300,"depth_m":-2.2},"geometry":{"type":"LineString","coordinates":[[88.3211729,22.5332819],[88.3211287,22.533173],[88.3210999,22.5331109],[88.3210687,22.5329634],[88.3211975,22.5329357]]}},
{"type":"Feature","properties":{"pipe_id":"P_0846","road_name":"Unnamed Street","diameter_mm":300,"depth_m":-2.2},"geometry":{"type":"LineString","coordinates":[[88.3193636,22.5346272],[88.3191938,22.5346696],[88.3189416,22.5347401]]}},
{"type":"Feature","properties":{"pipe_id":"P_0847","road_name":"Unnamed Street","diameter_mm":300,"depth_m":-2.2},"geometry":{"type":"LineString","coordinates":[[88.31999,22.5342347],[88.3200842,22.5344416],[88.3201698,22.5346216]]}},
{"type":"Feature","properties":{"pipe_id":"P_0848","road_name":"Unnamed Street","diameter_mm":300,"depth_m":-2.2},"geometry":{"type":"LineString","coordinates":[[88.319443,22.5348357],[88.3192823,22.5348752],[88.3189957,22.5349599]]}},
{"type":"Feature","properties":{"pipe_id":"P_0849","road_name":"Unnamed Street","diameter_mm":300,"depth_m":-2.2},"geometry":{"type":"LineString","coordinates":[[88.3204501,22.5340696],[88.3202986,22.5341411],[88.31999,22.5342347],[88.3199786,22.5342381],[88.3198041,22.5342892],[88.3197304,22.5343108],[88.3193439,22.534424],[88.3192922,22.5344391],[88.3188917,22.5345564]]}},
{"type":"Feature","properties":{"pipe_id":"P_0850","road_name":"Unnamed Street","diameter_mm":300,"depth_m":-2.2},"geometry":{"type":"LineString","coordinates":[[88.3192922,22.5344391],[88.3193636,22.5346272],[88.3193816,22.5346745],[88.319443,22.5348357],[88.319447,22.5348989],[88.3195826,22.5352018]]}},
{"type":"Feature","properties":{"pipe_id":"P_0851","road_name":"Unnamed Street","diameter_mm":300,"depth_m":-2.2},"geometry":{"type":"LineString","coordinates":[[88.3200117,22.5350641],[88.3199162,22.5348109],[88.3197571,22.5344714],[88.3197304,22.5343108]]}},
{"type":"Feature","properties":{"pipe_id":"P_0852","road_name":"Unnamed Street","diameter_mm":300,"depth_m":-2.2},"geometry":{"type":"LineString","coordinates":[[88.319447,22.5348989],[88.3197142,22.5348405],[88.3197276,22.5348603],[88.3199162,22.5348109],[88.3200439,22.5347513],[88.3200171,22.5347042],[88.3201698,22.5346216],[88.3202961,22.5345531]]}},
{"type":"Feature","properties":{"pipe_id":"P_0853","road_name":"Unnamed Street","diameter_mm":300,"depth_m":-2.2},"geometry":{"type":"LineString","coordinates":[[88.3201461,22.5338849],[88.320393,22.5338431]]}},
{"type":"Feature","properties":{"pipe_id":"P_0854","road_name":"Unnamed Street","diameter_mm":300,"depth_m":-2.2},"geometry":{"type":"LineString","coordinates":[[88.3199259,22.5332179],[88.3199713,22.5333999]]}},
{"type":"Feature","properties":{"pipe_id":"P_0855","road_name":"Unnamed Street","diameter_mm":300,"depth_m":-2.2},"geometry":{"type":"LineString","coordinates":[[88.319564,22.5335482],[88.3193413,22.5336167],[88.3191938,22.5336513],[88.3191922,22.5336776],[88.3191831,22.5338248],[88.3191994,22.5339503],[88.3192284,22.5341733],[88.3193439,22.534424]]}},
{"type":"Feature","properties":{"pipe_id":"P_0856","road_name":"Unnamed Street","diameter_mm":300,"depth_m":-2.2},"geometry":{"type":"LineString","coordinates":[[88.3194755,22.5332749],[88.319564,22.5335482],[88.3196552,22.5338299],[88.3198041,22.5342892]]}},
{"type":"Feature","properties":{"pipe_id":"P_0857","road_name":"Unnamed Street","diameter_mm":300,"depth_m":-2.2},"geometry":{"type":"LineString","coordinates":[[88.3198455,22.5334285],[88.3199713,22.5333999],[88.3200091,22.5333913],[88.3201861,22.5333765],[88.3202743,22.5333632]]}},
{"type":"Feature","properties":{"pipe_id":"P_0858","road_name":"Unnamed Street","diameter_mm":300,"depth_m":-2.2},"geometry":{"type":"LineString","coordinates":[[88.3191922,22.5336776],[88.3188559,22.533743],[88.3186863,22.5337795]]}},
{"type":"Feature","properties":{"pipe_id":"P_0859","road_name":"Unnamed Street","diameter_mm":300,"depth_m":-2.2},"geometry":{"type":"LineString","coordinates":[[88.3191109,22.5332813],[88.3189471,22.5333269],[88.3187915,22.5333715],[88.3186129,22.5334073]]}},
{"type":"Feature","properties":{"pipe_id":"P_0860","road_name":"Unnamed Street","diameter_mm":300,"depth_m":-2.2},"geometry":{"type":"LineString","coordinates":[[88.3190838,22.5333938],[88.3191536,22.5333839],[88.3191109,22.5332813],[88.3190651,22.5331708],[88.3190327,22.5330314]]}},
{"type":"Feature","properties":{"pipe_id":"P_0861","road_name":"Unnamed Street","diameter_mm":300,"depth_m":-2.2},"geometry":{"type":"LineString","coordinates":[[88.3191831,22.5338248],[88.318715,22.5339035]]}},
{"type":"Feature","properties":{"pipe_id":"P_0862","road_name":"Unnamed Street","diameter_mm":300,"depth_m":-2.2},"geometry":{"type":"LineString","coordinates":[[88.3196552,22.5338299],[88.3194594,22.5338842],[88.3192501,22.5339437],[88.3191994,22.5339503]]}},
{"type":"Feature","properties":{"pipe_id":"P_0863","road_name":"Unnamed Street","diameter_mm":300,"depth_m":-2.2},"geometry":{"type":"LineString","coordinates":[[88.3201405,22.5336959],[88.32035,22.5336722]]}},
{"type":"Feature","properties":{"pipe_id":"P_0864","road_name":"Unnamed Street","diameter_mm":300,"depth_m":-2.2},"geometry":{"type":"LineString","coordinates":[[88.319366,22.5329573],[88.319414,22.5330832],[88.3194755,22.5332749]]}},
{"type":"Feature","properties":{"pipe_id":"P_0865","road_name":"Unnamed Street","diameter_mm":300,"depth_m":-2.2},"geometry":{"type":"LineString","coordinates":[[88.3221492,22.5317641],[88.3215034,22.5319114]]}},
{"type":"Feature","properties":{"pipe_id":"P_0866","road_name":"Unnamed Street","diameter_mm":300,"depth_m":-2.2},"geometry":{"type":"LineString","coordinates":[[88.3212067,22.5311391],[88.3213161,22.5311217],[88.3213882,22.5315357]]}},
{"type":"Feature","properties":{"pipe_id":"P_0867","road_name":"Unnamed Street","diameter_mm":300,"depth_m":-2.2},"geometry":{"type":"LineString","coordinates":[[88.3220502,22.5320783],[88.3223933,22.5319961]]}},
{"type":"Feature","properties":{"pipe_id":"P_0868","road_name":"Unnamed Street","diameter_mm":300,"depth_m":-2.2},"geometry":{"type":"LineString","coordinates":[[88.3213179,22.5315605],[88.3213882,22.5315357],[88.3214467,22.5315605],[88.3216827,22.5315555],[88.3218865,22.5315233],[88.3219214,22.5316026],[88.322136,22.5315977],[88.3223058,22.5315579]]}},
{"type":"Feature","properties":{"pipe_id":"P_0869","road_name":"Unnamed Street","diameter_mm":300,"depth_m":-2.2},"geometry":{"type":"LineString","coordinates":[[88.3213179,22.5315605],[88.32146,22.5318348],[88.3215034,22.5319114],[88.3217538,22.5324022]]}},
{"type":"Feature","properties":{"pipe_id":"P_0870","road_name":"Unnamed Street","diameter_mm":300,"depth_m":-2.2},"geometry":{"type":"LineString","coordinates":[[88.3217176,22.5311691],[88.3222231,22.5311238]]}},
{"type":"Feature","properties":{"pipe_id":"P_0871","road_name":"Unnamed Street","diameter_mm":300,"depth_m":-2.2},"geometry":{"type":"LineString","coordinates":[[88.3195371,22.529742],[88.3197574,22.529717],[88.3199976,22.5296947]]}},
{"type":"Feature","properties":{"pipe_id":"P_0872","road_name":"Unnamed Street","diameter_mm":300,"depth_m":-2.2},"geometry":{"type":"LineString","coordinates":[[88.3203677,22.529541],[88.3202021,22.5295463],[88.319985,22.5295618]]}},
{"type":"Feature","properties":{"pipe_id":"P_0873","road_name":"Unnamed Street","diameter_mm":300,"depth_m":-2.2},"geometry":{"type":"LineString","coordinates":[[88.3201002,22.5301236],[88.3200841,22.5300368],[88.3200327,22.5297685],[88.3199976,22.5296947],[88.319985,22.5295618],[88.3199856,22.5294071],[88.3199312,22.5289319],[88.3199285,22.5287684],[88.3199583,22.5285754]]}},
{"type":"Feature","properties":{"pipe_id":"P_0874","road_name":"Unnamed Street","diameter_mm":300,"depth_m":-2.2},"geometry":{"type":"LineString","coordinates":[[88.320892,22.5288929],[88.3208619,22.5289988],[88.3208861,22.5292118],[88.320937,22.5295067],[88.3209773,22.5295314],[88.3210041,22.5295835],[88.3209987,22.5296256],[88.3210577,22.5298337]]}},
{"type":"Feature","properties":{"pipe_id":"P_0875","road_name":"Unnamed Street","diameter_mm":300,"depth_m":-2.2},"geometry":{"type":"LineString","coordinates":[[88.3213018,22.5299154],[88.3216215,22.5298302],[88.3216466,22.5298235],[88.3219607,22.5297667]]}},
{"type":"Feature","properties":{"pipe_id":"P_0876","road_name":"Unnamed Street","diameter_mm":300,"depth_m":-2.2},"geometry":{"type":"LineString","coordinates":[[88.3210041,22.5295835],[88.3211784,22.5295686],[88.3212321,22.529576],[88.321562,22.5295141],[88.3218061,22.5294844],[88.3219328,22.5294792]]}},
{"type":"Feature","properties":{"pipe_id":"P_0877","road_name":"Unnamed Street","diameter_mm":300,"depth_m":-2.2},"geometry":{"type":"LineString","coordinates":[[88.3210577,22.5298337],[88.3209158,22.529863],[88.3204945,22.5299501],[88.3200841,22.5300368]]}},
{"type":"Feature","properties":{"pipe_id":"P_0878","road_name":"Unnamed Street","diameter_mm":300,"depth_m":-2.2},"geometry":{"type":"LineString","coordinates":[[88.3217614,22.5303472],[88.3217068,22.5302103],[88.3216559,22.5300195],[88.3216535,22.5300066],[88.3216215,22.5298302]]}},
{"type":"Feature","properties":{"pipe_id":"P_0879","road_name":"Unnamed Street","diameter_mm":300,"depth_m":-2.2},"geometry":{"type":"LineString","coordinates":[[88.3213716,22.5309684],[88.3215352,22.5309436],[88.3215093,22.5307681],[88.3215017,22.5306652],[88.3221147,22.5305546]]}},
{"type":"Feature","properties":{"pipe_id":"P_0880","road_name":"Unnamed Street","diameter_mm":300,"depth_m":-2.2},"geometry":{"type":"LineString","coordinates":[[88.3199856,22.5294071],[88.3201672,22.5293853],[88.3203484,22.5293853],[88.3204596,22.5293853],[88.320642,22.5293481],[88.3206795,22.5295537],[88.320937,22.5295067]]}},
{"type":"Feature","properties":{"pipe_id":"P_0881","road_name":"Unnamed Street","diameter_mm":300,"depth_m":-2.2},"geometry":{"type":"LineString","coordinates":[[88.3200327,22.5297685],[88.320406,22.5297197],[88.3203711,22.5295686],[88.3203677,22.529541],[88.3203484,22.5293853],[88.3203436,22.5293349],[88.3203028,22.5290183],[88.320296,22.5288997],[88.3203589,22.5288133],[88.3204505,22.528733]]}},
{"type":"Feature","properties":{"pipe_id":"P_0882","road_name":"Unnamed Street","diameter_mm":300,"depth_m":-2.2},"geometry":{"type":"LineString","coordinates":[[88.3211784,22.5295686],[88.3211597,22.5294472],[88.3211865,22.5294076],[88.3213167,22.5293008],[88.3214788,22.5292168],[88.3215069,22.5290937]]}},
{"type":"Feature","properties":{"pipe_id":"P_0883","road_name":"Unnamed Street","diameter_mm":300,"depth_m":-2.2},"geometry":{"type":"LineString","coordinates":[[88.3211551,22.5300394],[88.3212106,22.5302697],[88.321283,22.5304184],[88.321444,22.5303986],[88.3214735,22.5304258],[88.3217614,22.5303472],[88.3217819,22.5303416],[88.3220603,22.5302784]]}},
{"type":"Feature","properties":{"pipe_id":"P_0884","road_name":"Unnamed Street","diameter_mm":300,"depth_m":-2.2},"geometry":{"type":"LineString","coordinates":[[88.3215352,22.5309436],[88.321849,22.5309164],[88.32188,22.530926],[88.3221769,22.5308816]]}},
{"type":"Feature","properties":{"pipe_id":"P_0885","road_name":"Unnamed Street","diameter_mm":300,"depth_m":-2.2},"geometry":{"type":"LineString","coordinates":[[88.3196061,22.5302083],[88.3195022,22.5302375],[88.3194365,22.5300614],[88.3192769,22.5301236],[88.3191535,22.5301582],[88.3189271,22.5302033],[88.3189273,22.5302715],[88.3187431,22.5303292],[88.3184559,22.5303808]]}},
{"type":"Feature","properties":{"pipe_id":"P_0886","road_name":"Unnamed Street","diameter_mm":300,"depth_m":-2.2},"geometry":{"type":"LineString","coordinates":[[88.3189271,22.5302033],[88.3188387,22.5298736]]}},
{"type":"Feature","properties":{"pipe_id":"P_0887","road_name":"Unnamed Street","diameter_mm":300,"depth_m":-2.2},"geometry":{"type":"LineString","coordinates":[[88.3195009,22.5306956],[88.3195076,22.5307875],[88.3195252,22.531035],[88.3195801,22.5315131],[88.3195963,22.531589],[88.3198381,22.5315462],[88.3199764,22.5315174]]}},
{"type":"Feature","properties":{"pipe_id":"P_0888","road_name":"Unnamed Street","diameter_mm":300,"depth_m":-2.2},"geometry":{"type":"LineString","coordinates":[[88.3201538,22.5303465],[88.3201002,22.5301236]]}},
{"type":"Feature","properties":{"pipe_id":"P_0889","road_name":"Unnamed Street","diameter_mm":300,"depth_m":-2.2},"geometry":{"type":"LineString","coordinates":[[88.31936,22.5316745],[88.3193439,22.5314936],[88.3192162,22.5315299],[88.3191508,22.5315407],[88.3187565,22.5316323],[88.3187713,22.5317238]]}},
{"type":"Feature","properties":{"pipe_id":"P_0890","road_name":"Unnamed Street","diameter_mm":300,"depth_m":-2.2},"geometry":{"type":"LineString","coordinates":[[88.3189309,22.531117],[88.3188306,22.5307785]]}},
{"type":"Feature","properties":{"pipe_id":"P_0891","road_name":"Unnamed Street","diameter_mm":300,"depth_m":-2.2},"geometry":{"type":"LineString","coordinates":[[88.3195371,22.529742],[88.3195585,22.5298585],[88.3195505,22.5298981],[88.3196061,22.5302083],[88.3196112,22.5303329],[88.3197801,22.5306722],[88.3197864,22.5306859],[88.3198132,22.5307727],[88.3198293,22.5309089],[88.319801,22.5309782],[88.3195773,22.5310303],[88.3195252,22.531035],[88.3191428,22.5310656],[88.3191486,22.5312663],[88.3192162,22.5315299]]}},
{"type":"Feature","properties":{"pipe_id":"P_0892","road_name":"Unnamed Street","diameter_mm":300,"depth_m":-2.2},"geometry":{"type":"LineString","coordinates":[[88.3198293,22.5309089],[88.3199902,22.5308891],[88.3201619,22.5308693],[88.3202692,22.5308481],[88.3203136,22.5308393],[88.3204879,22.5308294],[88.320642,22.5307999],[88.3208359,22.5307872]]}},
{"type":"Feature","properties":{"pipe_id":"P_0893","road_name":"Unnamed Street","diameter_mm":300,"depth_m":-2.2},"geometry":{"type":"LineString","coordinates":[[88.3198051,22.5299031],[88.3199285,22.530463],[88.3199902,22.5308891]]}},
{"type":"Feature","properties":{"pipe_id":"P_0894","road_name":"Unnamed Street","diameter_mm":300,"depth_m":-2.2},"geometry":{"type":"LineString","coordinates":[[88.3189899,22.5304283],[88.3187995,22.5304853],[88.3186412,22.5305299],[88.3184811,22.530552]]}},
{"type":"Feature","properties":{"pipe_id":"P_0895","road_name":"Unnamed Street","diameter_mm":300,"depth_m":-2.2},"geometry":{"type":"LineString","coordinates":[[88.3192603,22.5316994],[88.3193256,22.5318931],[88.3192868,22.5319068],[88.3190854,22.5319778],[88.3188451,22.5320585],[88.3185786,22.5321078]]}},
{"type":"Feature","properties":{"pipe_id":"P_0896","road_name":"Unnamed Street","diameter_mm":300,"depth_m":-2.2},"geometry":{"type":"LineString","coordinates":[[88.3195963,22.531589],[88.3195569,22.5316429],[88.31936,22.5316745],[88.3192603,22.5316994],[88.3188155,22.5318107],[88.3187713,22.5317238],[88.3185602,22.5317607]]}},
{"type":"Feature","properties":{"pipe_id":"P_0897","road_name":"Unnamed Street","diameter_mm":300,"depth_m":-2.2},"geometry":{"type":"LineString","coordinates":[[88.3216535,22.5300066],[88.3215983,22.5299989],[88.3214685,22.5300151],[88.3212942,22.5300214],[88.3211551,22.5300394],[88.3209679,22.5300708]]}},
{"type":"Feature","properties":{"pipe_id":"P_0898","road_name":"Unnamed Street","diameter_mm":300,"depth_m":-2.2},"geometry":{"type":"LineString","coordinates":[[88.3196112,22.5303329],[88.3194593,22.5304035],[88.319293,22.5304258],[88.3193184,22.5307073]]}},
{"type":"Feature","properties":{"pipe_id":"P_0899","road_name":"Unnamed Street","diameter_mm":300,"depth_m":-2.2},"geometry":{"type":"LineString","coordinates":[[88.320996,22.5301781],[88.320792,22.5302269],[88.3205696,22.530297],[88.3205115,22.530306],[88.320347,22.5303317],[88.3201538,22.5303465]]}},
{"type":"Feature","properties":{"pipe_id":"P_0900","road_name":"Unnamed Street","diameter_mm":300,"depth_m":-2.2},"geometry":{"type":"LineString","coordinates":[[88.3191763,22.5297399],[88.3192769,22.5301236]]}},
{"type":"Feature","properties":{"pipe_id":"P_0901","road_name":"Unnamed Street","diameter_mm":300,"depth_m":-2.2},"geometry":{"type":"LineString","coordinates":[[88.3209158,22.529863],[88.3209424,22.5300121],[88.3209679,22.5300708],[88.320996,22.5301781],[88.3211275,22.5308296],[88.3211463,22.5308544],[88.3211913,22.5310666],[88.3212067,22.5311391]]}},
{"type":"Feature","properties":{"pipe_id":"P_0902","road_name":"Unnamed Street","diameter_mm":300,"depth_m":-2.2},"geometry":{"type":"LineString","coordinates":[[88.3208612,22.5311095],[88.3208359,22.5307872],[88.320792,22.5302269]]}},
{"type":"Feature","properties":{"pipe_id":"P_0903","road_name":"Unnamed Street","diameter_mm":300,"depth_m":-2.2},"geometry":{"type":"LineString","coordinates":[[88.3184052,22.5300774],[88.3188387,22.5298736],[88.3188921,22.5298485],[88.319124,22.5297395],[88.3191763,22.5297399],[88.3195371,22.529742]]}},
{"type":"Feature","properties":{"pipe_id":"P_0904","road_name":"Unnamed Street","diameter_mm":300,"depth_m":-2.2},"geometry":{"type":"LineString","coordinates":[[88.3197801,22.5306722],[88.3195009,22.5306956],[88.3193184,22.5307073],[88.3190704,22.5307231],[88.3188306,22.5307785],[88.3186948,22.5308098],[88.318506,22.5308343]]}},
{"type":"Feature","properties":{"pipe_id":"P_0905","road_name":"Unnamed Street","diameter_mm":300,"depth_m":-2.2},"geometry":{"type":"LineString","coordinates":[[88.3190854,22.5319778],[88.3191884,22.5323657],[88.3192407,22.532353],[88.3192849,22.5325094],[88.3192098,22.5325218],[88.3189161,22.5326231],[88.3187632,22.5326404],[88.3185741,22.5326553]]}},
{"type":"Feature","properties":{"pipe_id":"P_0906","road_name":"Unnamed Street","diameter_mm":300,"depth_m":-2.2},"geometry":{"type":"LineString","coordinates":[[88.3199315,22.5313596],[88.3202745,22.5313103],[88.3203014,22.531449],[88.320347,22.5314441],[88.3203725,22.5315473],[88.3204113,22.5317042],[88.3203067,22.5317364],[88.3201387,22.5318019],[88.3200841,22.5318231],[88.3199957,22.5318601],[88.3196811,22.5319161]]}},
{"type":"Feature","properties":{"pipe_id":"P_0907","road_name":"Unnamed Street","diameter_mm":300,"depth_m":-2.2},"geometry":{"type":"LineString","coordinates":[[88.3195532,22.5324474],[88.3197583,22.532409]]}},
{"type":"Feature","properties":{"pipe_id":"P_0908","road_name":"Unnamed Street","diameter_mm":300,"depth_m":-2.2},"geometry":{"type":"LineString","coordinates":[[88.3193144,22.532326],[88.3195156,22.5322864],[88.3197298,22.5322511]]}},
{"type":"Feature","properties":{"pipe_id":"P_0909","road_name":"Unnamed Street","diameter_mm":300,"depth_m":-2.2},"geometry":{"type":"LineString","coordinates":[[88.3196811,22.5319161],[88.3196993,22.5320143],[88.3196944,22.5320557],[88.3197298,22.5322511],[88.3197545,22.5323831],[88.3197583,22.532409],[88.3197802,22.5325435],[88.3196899,22.5325862],[88.3196645,22.5326305],[88.3196685,22.5326877],[88.3197223,22.5328788]]}},
{"type":"Feature","properties":{"pipe_id":"P_0910","road_name":"Unnamed Street","diameter_mm":300,"depth_m":-2.2},"geometry":{"type":"LineString","coordinates":[[88.3205283,22.5321206],[88.3205428,22.5323459]]}},
{"type":"Feature","properties":{"pipe_id":"P_0911","road_name":"Unnamed Street","diameter_mm":300,"depth_m":-2.2},"geometry":{"type":"LineString","coordinates":[[88.3203872,22.5311591],[88.320701,22.531122],[88.3207641,22.5311158],[88.3208612,22.5311095],[88.3211913,22.5310666]]}},
{"type":"Feature","properties":{"pipe_id":"P_0912","road_name":"Unnamed Street","diameter_mm":300,"depth_m":-2.2},"geometry":{"type":"LineString","coordinates":[[88.3200453,22.5321123],[88.3203255,22.5320659],[88.320355,22.5320882],[88.3204221,22.5320882],[88.3204596,22.5321055],[88.3204516,22.5321402],[88.3205283,22.5321206],[88.3205979,22.5321028],[88.3207439,22.532056],[88.3207788,22.5320287],[88.3209201,22.5320139]]}},
{"type":"Feature","properties":{"pipe_id":"P_0913","road_name":"Unnamed Street","diameter_mm":300,"depth_m":-2.2},"geometry":{"type":"LineString","coordinates":[[88.319423,22.5329448],[88.319389,22.532834],[88.3193413,22.5328413],[88.3192831,22.5327057],[88.3188839,22.5328064],[88.3188343,22.5327745],[88.3185741,22.5327891]]}},
{"type":"Feature","properties":{"pipe_id":"P_0914","road_name":"Unnamed Street","diameter_mm":300,"depth_m":-2.2},"geometry":{"type":"LineString","coordinates":[[88.3202048,22.5306414],[88.3202692,22.5308481]]}},
{"type":"Feature","properties":{"pipe_id":"P_0915","road_name":"Unnamed Street","diameter_mm":300,"depth_m":-2.2},"geometry":{"type":"LineString","coordinates":[[88.3206044,22.53189],[88.3207278,22.5318553],[88.3208957,22.5318201]]}},
{"type":"Feature","properties":{"pipe_id":"P_0916","road_name":"Unnamed Street","diameter_mm":300,"depth_m":-2.2},"geometry":{"type":"LineString","coordinates":[[88.3200689,22.5323854],[88.3204864,22.5323285],[88.3205428,22.5323459],[88.3207627,22.5323087],[88.3207654,22.5322691],[88.3209517,22.532242]]}},
{"type":"Feature","properties":{"pipe_id":"P_0917","road_name":"Unnamed Street","diameter_mm":300,"depth_m":-2.2},"geometry":{"type":"LineString","coordinates":[[88.3205723,22.5305224],[88.3205115,22.530306]]}},
{"type":"Feature","properties":{"pipe_id":"P_0918","road_name":"Unnamed Street","diameter_mm":300,"depth_m":-2.2},"geometry":{"type":"LineString","coordinates":[[88.320701,22.531122],[88.3207815,22.5314763],[88.3208644,22.531742],[88.3208957,22.5318201],[88.3209201,22.5320139],[88.3209335,22.5321201],[88.3209397,22.53217],[88.3209517,22.532242],[88.32098,22.5324127],[88.3210139,22.5325748]]}},
{"type":"Feature","properties":{"pipe_id":"P_0919","road_name":"Unnamed Street","diameter_mm":300,"depth_m":-2.2},"geometry":{"type":"LineString","coordinates":[[88.3203725,22.5315473],[88.3204569,22.5315357],[88.3207815,22.5314763],[88.3208393,22.5314859],[88.3210699,22.5314339],[88.3211114,22.5316125]]}},
{"type":"Feature","properties":{"pipe_id":"P_0920","road_name":"Unnamed Street","diameter_mm":300,"depth_m":-2.2},"geometry":{"type":"LineString","coordinates":[[88.32146,22.5318348],[88.3211797,22.5318952]]}},
{"type":"Feature","properties":{"pipe_id":"P_0921","road_name":"Unnamed Street","diameter_mm":300,"depth_m":-2.2},"geometry":{"type":"LineString","coordinates":[[88.3211114,22.5316125],[88.3213179,22.5315605]]}},
{"type":"Feature","properties":{"pipe_id":"P_0922","road_name":"Unnamed Street","diameter_mm":300,"depth_m":-2.2},"geometry":{"type":"LineString","coordinates":[[88.3199957,22.5318601],[88.3200224,22.5319792],[88.3200453,22.5321123],[88.3200492,22.5321353],[88.3200761,22.5321749],[88.32006,22.5323434],[88.3200689,22.5323854],[88.3200868,22.5324697],[88.3201632,22.5327736]]}},
{"type":"Feature","properties":{"pipe_id":"P_0923","road_name":"Unnamed Street","diameter_mm":300,"depth_m":-2.2},"geometry":{"type":"LineString","coordinates":[[88.3211463,22.5308544],[88.3213179,22.5308148],[88.3215093,22.5307681]]}},
{"type":"Feature","properties":{"pipe_id":"P_0924","road_name":"Unnamed Street","diameter_mm":300,"depth_m":-2.2},"geometry":{"type":"LineString","coordinates":[[88.3192868,22.5319068],[88.3193386,22.5320659],[88.3196993,22.5320143]]}},
{"type":"Feature","properties":{"pipe_id":"P_0925","road_name":"Unnamed Street","diameter_mm":300,"depth_m":-2.2},"geometry":{"type":"LineString","coordinates":[[88.3201387,22.5318019],[88.3200869,22.5315671],[88.3199875,22.531563],[88.3199764,22.5315174],[88.3199315,22.5313596],[88.3199017,22.5312582],[88.3198721,22.5311326],[88.3198568,22.5310397],[88.319801,22.5309782]]}},
{"type":"Feature","properties":{"pipe_id":"P_0926","road_name":"Unnamed Street","diameter_mm":300,"depth_m":-2.2},"geometry":{"type":"LineString","coordinates":[[88.3211114,22.5316125],[88.3211797,22.5318952],[88.3212321,22.5321155],[88.3209335,22.5321201]]}},
{"type":"Feature","properties":{"pipe_id":"P_0927","road_name":"Unnamed Street","diameter_mm":300,"depth_m":-2.2},"geometry":{"type":"LineString","coordinates":[[88.318483,22.5285479],[88.3181191,22.5285898]]}},
{"type":"Feature","properties":{"pipe_id":"P_0928","road_name":"Unnamed Street","diameter_mm":300,"depth_m":-2.2},"geometry":{"type":"LineString","coordinates":[[88.3191561,22.5282915],[88.3190945,22.5284711],[88.3191186,22.5284859],[88.3189604,22.5290186],[88.3189282,22.5291127],[88.3189389,22.5291524],[88.3188719,22.5293853],[88.318837,22.5294299]]}},
{"type":"Feature","properties":{"pipe_id":"P_0929","road_name":"Unnamed Street","diameter_mm":300,"depth_m":-2.2},"geometry":{"type":"LineString","coordinates":[[88.3186468,22.5281033],[88.3186305,22.5282679],[88.3186722,22.5286938],[88.3186788,22.5287609],[88.3187042,22.5290431],[88.3187243,22.5290835]]}},
{"type":"Feature","properties":{"pipe_id":"P_0930","road_name":"Unnamed Street","diameter_mm":300,"depth_m":-2.2},"geometry":{"type":"LineString","coordinates":[[88.3184025,22.5283026],[88.3180913,22.5283347]]}},
{"type":"Feature","properties":{"pipe_id":"P_0931","road_name":"Unnamed Street","diameter_mm":300,"depth_m":-2.2},"geometry":{"type":"LineString","coordinates":[[88.319529,22.5289393],[88.3195129,22.5287485],[88.3196123,22.5284508]]}},
{"type":"Feature","properties":{"pipe_id":"P_0932","road_name":"Unnamed Street","diameter_mm":300,"depth_m":-2.2},"geometry":{"type":"LineString","coordinates":[[88.3183649,22.5291648],[88.3186868,22.5290979],[88.3187243,22.5290835]]}},
{"type":"Feature","properties":{"pipe_id":"P_0933","road_name":"Unnamed Street","diameter_mm":300,"depth_m":-2.2},"geometry":{"type":"LineString","coordinates":[[88.3186722,22.5286938],[88.3183918,22.5287362],[88.3181478,22.5287951]]}},
{"type":"Feature","properties":{"pipe_id":"P_0934","road_name":"Unnamed Street","diameter_mm":300,"depth_m":-2.2},"geometry":{"type":"LineString","coordinates":[[88.3193144,22.5293803],[88.3196563,22.5293635],[88.3197235,22.5293602]]}},
{"type":"Feature","properties":{"pipe_id":"P_0935","road_name":"Unnamed Street","diameter_mm":300,"depth_m":-2.2},"geometry":{"type":"LineString","coordinates":[[88.3197428,22.5295562],[88.3197574,22.529717]]}},
{"type":"Feature","properties":{"pipe_id":"P_0936","road_name":"Unnamed Street","diameter_mm":300,"depth_m":-2.2},"geometry":{"type":"LineString","coordinates":[[88.3193574,22.5295661],[88.3196591,22.5295587],[88.3197428,22.5295562],[88.3198361,22.5295535]]}},
{"type":"Feature","properties":{"pipe_id":"P_0937","road_name":"Unnamed Street","diameter_mm":300,"depth_m":-2.2},"geometry":{"type":"LineString","coordinates":[[88.3196563,22.5293635],[88.3196578,22.52941],[88.3196591,22.5295587]]}},
{"type":"Feature","properties":{"pipe_id":"P_0938","road_name":"Unnamed Street","diameter_mm":300,"depth_m":-2.2},"geometry":{"type":"LineString","coordinates":[[88.3158245,22.5335378],[88.3159858,22.533453],[88.3161253,22.5332053],[88.3161307,22.5328537],[88.316136,22.532056],[88.3165149,22.5303093],[88.3170855,22.5277947],[88.3171123,22.5276708]]}},
{"type":"Feature","properties":{"pipe_id":"P_0939","road_name":"Unnamed Street","diameter_mm":300,"depth_m":-2.2},"geometry":{"type":"LineString","coordinates":[[88.3179841,22.5328586],[88.3180041,22.5332619]]}},
{"type":"Feature","properties":{"pipe_id":"P_0940","road_name":"Unnamed Street","diameter_mm":300,"depth_m":-2.2},"geometry":{"type":"LineString","coordinates":[[88.3175977,22.5287251],[88.3175872,22.5287267],[88.3173463,22.5286847],[88.3173389,22.528681],[88.3173386,22.528673],[88.3174127,22.5283516],[88.3174187,22.5283443],[88.3174279,22.528342],[88.3176638,22.528386],[88.3176714,22.5283916],[88.3176733,22.5284],[88.3176376,22.5285749],[88.3176041,22.5287201],[88.3175977,22.5287251]]}},
{"type":"Feature","properties":{"pipe_id":"P_0941","road_name":"Unnamed Street","diameter_mm":300,"depth_m":-2.2},"geometry":{"type":"LineString","coordinates":[[88.3179445,22.5293555],[88.3181428,22.5293875],[88.3182626,22.5294076]]}},
{"type":"Feature","properties":{"pipe_id":"P_0942","road_name":"Unnamed Street","diameter_mm":300,"depth_m":-2.2},"geometry":{"type":"LineString","coordinates":[[88.3178741,22.5306042],[88.3172128,22.5304607],[88.3165149,22.5303093],[88.3160927,22.5302176]]}},
{"type":"Feature","properties":{"pipe_id":"P_0943","road_name":"Unnamed Street","diameter_mm":300,"depth_m":-2.2},"geometry":{"type":"LineString","coordinates":[[88.3161575,22.5334928],[88.3161038,22.5335572],[88.3160904,22.5336808]]}},
{"type":"Feature","properties":{"pipe_id":"P_0944","road_name":"Unnamed Street","diameter_mm":300,"depth_m":-2.2},"geometry":{"type":"LineString","coordinates":[[88.3176376,22.5285749],[88.3179949,22.5286198],[88.3181234,22.5286293]]}},
{"type":"Feature","properties":{"pipe_id":"P_0945","road_name":"Unnamed Street","diameter_mm":300,"depth_m":-2.2},"geometry":{"type":"LineString","coordinates":[[88.3178795,22.5296429],[88.3179445,22.5293555],[88.318039,22.5289812]]}},
{"type":"Feature","properties":{"pipe_id":"P_0946","road_name":"Unnamed Street","diameter_mm":300,"depth_m":-2.2},"geometry":{"type":"LineString","coordinates":[[88.3175415,22.5321452],[88.3178741,22.5306042],[88.3180511,22.5298263]]}},
{"type":"Feature","properties":{"pipe_id":"P_0947","road_name":"Unnamed Street","diameter_mm":300,"depth_m":-2.2},"geometry":{"type":"LineString","coordinates":[[88.3175576,22.5289195],[88.3172128,22.5304607],[88.3168119,22.5322195]]}},
{"type":"Feature","properties":{"pipe_id":"P_0948","road_name":"Unnamed Street","diameter_mm":300,"depth_m":-2.2},"geometry":{"type":"LineString","coordinates":[[88.3169058,22.5327794],[88.316993,22.5332226],[88.3170159,22.53348]]}},
{"type":"Feature","properties":{"pipe_id":"P_0949","road_name":"Unnamed Street","diameter_mm":300,"depth_m":-2.2},"geometry":{"type":"LineString","coordinates":[[88.3167368,22.5271258],[88.3166832,22.5277105],[88.3164754,22.5285919],[88.3161208,22.530096],[88.3161038,22.5301682],[88.3160927,22.5302176],[88.3156693,22.5320907],[88.3157766,22.5323434],[88.3157551,22.5326704],[88.3158075,22.5334283],[88.3158245,22.5335378],[88.3158542,22.5337471]]}},
{"type":"Feature","properties":{"pipe_id":"P_0950","road_name":"Unnamed Street","diameter_mm":300,"depth_m":-2.2},"geometry":{"type":"LineString","coordinates":[[88.3181745,22.5321303],[88.3183167,22.5321006],[88.3183596,22.5320312],[88.3185769,22.5320061]]}},
{"type":"Feature","properties":{"pipe_id":"P_0951","road_name":"Unnamed Street","diameter_mm":300,"depth_m":-2.2},"geometry":{"type":"LineString","coordinates":[[88.3166196,22.5245429],[88.3166751,22.5244476],[88.3167877,22.5242543],[88.3169433,22.5240635],[88.3171928,22.5238133],[88.3175468,22.5235779],[88.3177143,22.5234851],[88.3179357,22.5233624],[88.3181898,22.5232059],[88.3182737,22.5231542],[88.318609,22.5229833],[88.3189174,22.5228668],[88.3190623,22.5228247],[88.319152,22.5228381]]}},
{"type":"Feature","properties":{"pipe_id":"P_0952","road_name":"Unnamed Street","diameter_mm":300,"depth_m":-2.2},"geometry":{"type":"LineString","coordinates":[[88.3169916,22.5237712],[88.3169428,22.5237377],[88.3167497,22.5237204],[88.3166697,22.5239396],[88.3166182,22.5240053],[88.3166,22.5241131],[88.3166196,22.5245429],[88.3166241,22.5246433],[88.3166483,22.5249579],[88.3166966,22.5250818],[88.3168006,22.525259],[88.3168387,22.5255326],[88.3169693,22.5256265]]}},
{"type":"Feature","properties":{"pipe_id":"P_0953","road_name":"Unnamed Street","diameter_mm":300,"depth_m":-2.2},"geometry":{"type":"LineString","coordinates":[[88.3181449,22.5237216],[88.3181181,22.5235036],[88.3181369,22.5233698],[88.3181898,22.5232059]]}},
{"type":"Feature","properties":{"pipe_id":"P_0954","road_name":"Unnamed Street","diameter_mm":300,"depth_m":-2.2},"geometry":{"type":"LineString","coordinates":[[88.3181235,22.5239421],[88.3178499,22.5236126],[88.3177143,22.5234851]]}},
{"type":"Feature","properties":{"pipe_id":"P_0955","road_name":"Unnamed Street","diameter_mm":300,"depth_m":-2.2},"geometry":{"type":"LineString","coordinates":[[88.3149032,22.5253856],[88.3148561,22.525559],[88.3146499,22.5263181],[88.3141886,22.5283547],[88.3137809,22.5302277],[88.3136091,22.5308809],[88.3135985,22.5309214],[88.3136146,22.5310205],[88.3137017,22.5311129],[88.3137876,22.5311872],[88.3141617,22.5313029],[88.31421,22.5313376],[88.3142154,22.5314169],[88.3140223,22.5324326],[88.3140115,22.5325615],[88.3140343,22.5326786],[88.3141993,22.5333443],[88.3143643,22.5339861],[88.3146553,22.5351179],[88.314703,22.535315],[88.3149396,22.5362922],[88.3149986,22.53654],[88.3150093,22.5367481],[88.3150201,22.536976],[88.3150737,22.5378034],[88.3152717,22.5382641],[88.3152907,22.5383208],[88.3152905,22.5383925]]}},
{"type":"Feature","properties":{"pipe_id":"P_0956","road_name":"Karl Marx Sarani","diameter_mm":900,"depth_m":-3.5},"geometry":{"type":"LineString","coordinates":[[88.322901,22.5391608],[88.3227285,22.5390711],[88.3226354,22.5390291],[88.3224507,22.5389703],[88.3223091,22.5389427],[88.3221782,22.5389325],[88.3219434,22.5389146],[88.3218036,22.5389052],[88.3217178,22.5388975],[88.3214276,22.5388731],[88.3208085,22.5388194],[88.3205224,22.5387881],[88.3202347,22.5387691],[88.3198891,22.5387376],[88.3193587,22.5386974],[88.3191603,22.5386786],[88.3185603,22.5386285],[88.3180623,22.53859],[88.317842,22.5385668]]}},
{"type":"Feature","properties":{"pipe_id":"P_0957","road_name":"Karl Marx Sarani","diameter_mm":900,"depth_m":-3.5},"geometry":{"type":"LineString","coordinates":[[88.3140127,22.538222],[88.3133702,22.5381675]]}},
{"type":"Feature","properties":{"pipe_id":"P_0958","road_name":"Unnamed Street","diameter_mm":300,"depth_m":-2.2},"geometry":{"type":"LineString","coordinates":[[88.3143012,22.5354004],[88.314703,22.535315]]}},
{"type":"Feature","properties":{"pipe_id":"P_0959","road_name":"Unnamed Street","diameter_mm":300,"depth_m":-2.2},"geometry":{"type":"LineString","coordinates":[[88.3142905,22.5368471],[88.3150093,22.5367481],[88.3152615,22.5366787],[88.3154009,22.5366242],[88.3154666,22.5365335],[88.3154117,22.5364111],[88.3153795,22.5363418],[88.3152775,22.5359801]]}},
{"type":"Feature","properties":{"pipe_id":"P_0960","road_name":"Unnamed Street","diameter_mm":300,"depth_m":-2.2},"geometry":{"type":"LineString","coordinates":[[88.3140008,22.5340678],[88.3143643,22.5339861]]}},
{"type":"Feature","properties":{"pipe_id":"P_0961","road_name":"Unnamed Street","diameter_mm":300,"depth_m":-2.2},"geometry":{"type":"LineString","coordinates":[[88.3148752,22.5323732],[88.3154117,22.5299651],[88.3157307,22.5285157],[88.3158676,22.5278939],[88.31627,22.5261992]]}},
{"type":"Feature","properties":{"pipe_id":"P_0962","road_name":"Unnamed Street","diameter_mm":300,"depth_m":-2.2},"geometry":{"type":"LineString","coordinates":[[88.3148538,22.5284637],[88.3150608,22.5275198],[88.3151619,22.5270589],[88.3152696,22.5265684],[88.3153947,22.5259979],[88.3155036,22.5255014]]}},
{"type":"Feature","properties":{"pipe_id":"P_0963","road_name":"Unnamed Street","diameter_mm":300,"depth_m":-2.2},"geometry":{"type":"LineString","coordinates":[[88.3164754,22.5285919],[88.3161466,22.5285331],[88.3159427,22.5285925],[88.3158194,22.5285628],[88.3157307,22.5285157]]}},
{"type":"Feature","properties":{"pipe_id":"P_0964","road_name":"Unnamed Street","diameter_mm":300,"depth_m":-2.2},"geometry":{"type":"LineString","coordinates":[[88.3153947,22.5259979],[88.315637,22.5260456],[88.3156584,22.526115],[88.3155726,22.526447],[88.3155364,22.5266286],[88.3152696,22.5265684]]}},
{"type":"Feature","properties":{"pipe_id":"P_0965","road_name":"Unnamed Street","diameter_mm":300,"depth_m":-2.2},"geometry":{"type":"LineString","coordinates":[[88.3154117,22.5299651],[88.3161208,22.530096]]}},
{"type":"Feature","properties":{"pipe_id":"P_0966","road_name":"Unnamed Street","diameter_mm":300,"depth_m":-2.2},"geometry":{"type":"LineString","coordinates":[[88.313636,22.5279484],[88.3132393,22.5297718],[88.3130677,22.5304853],[88.3130366,22.5306719],[88.3130945,22.5307727],[88.3132232,22.5308025],[88.3136091,22.5308809]]}},
{"type":"Feature","properties":{"pipe_id":"P_0967","road_name":"Unnamed Street","diameter_mm":300,"depth_m":-2.2},"geometry":{"type":"LineString","coordinates":[[88.3150268,22.5283678],[88.3150469,22.5282853],[88.3152145,22.5282093],[88.3153473,22.5276412],[88.3150608,22.5275198]]}},
{"type":"Feature","properties":{"pipe_id":"P_0968","road_name":"Unnamed Street","diameter_mm":300,"depth_m":-2.2},"geometry":{"type":"LineString","coordinates":[[88.3153526,22.5270911],[88.3151619,22.5270589]]}},
{"type":"Feature","properties":{"pipe_id":"P_0969","road_name":"Unnamed Street","diameter_mm":300,"depth_m":-2.2},"geometry":{"type":"LineString","coordinates":[[88.3158999,22.5246755],[88.3159214,22.524787],[88.3160823,22.5248315],[88.3161319,22.5246763],[88.3162365,22.5245202],[88.3162727,22.5244723]]}},
{"type":"Feature","properties":{"pipe_id":"P_0970","road_name":"Unnamed Street","diameter_mm":300,"depth_m":-2.2},"geometry":{"type":"LineString","coordinates":[[88.3157953,22.5251289],[88.3156424,22.5252998],[88.3155522,22.5255105]]}},
{"type":"Feature","properties":{"pipe_id":"P_0971","road_name":"Unnamed Street","diameter_mm":300,"depth_m":-2.2},"geometry":{"type":"LineString","coordinates":[[88.3165088,22.5249975],[88.3164578,22.525223],[88.3164551,22.5253518],[88.3164203,22.5254485],[88.3163452,22.525659]]}},
{"type":"Feature","properties":{"pipe_id":"P_0972","road_name":"Unnamed Street","diameter_mm":300,"depth_m":-2.2},"geometry":{"type":"LineString","coordinates":[[88.3162674,22.5241601],[88.3161976,22.5244475],[88.3162365,22.5245202]]}},
{"type":"Feature","properties":{"pipe_id":"P_0973","road_name":"Unnamed Street","diameter_mm":300,"depth_m":-2.2},"geometry":{"type":"LineString","coordinates":[[88.3172356,22.5225992],[88.3170197,22.5227438],[88.3169446,22.522771],[88.3169214,22.5227805],[88.3168534,22.5228082],[88.3167727,22.5228192],[88.316659,22.5228346],[88.3165664,22.5228393],[88.3164457,22.5228454],[88.3163384,22.5228528],[88.316254,22.5228693],[88.316211,22.5229188],[88.3161789,22.523013],[88.3161708,22.523117],[88.31614,22.5231898],[88.3160434,22.5232765],[88.3156585,22.5235184],[88.3152991,22.5237513],[88.3152575,22.5238042],[88.3152119,22.5239207],[88.3151382,22.5241329],[88.3150523,22.5245491],[88.3149544,22.5249067],[88.3149061,22.5251644],[88.3148601,22.5253769]]}},
{"type":"Feature","properties":{"pipe_id":"P_0974","road_name":"Unnamed Street","diameter_mm":300,"depth_m":-2.2},"geometry":{"type":"LineString","coordinates":[[88.3160823,22.5248315],[88.3159301,22.5255813]]}},
{"type":"Feature","properties":{"pipe_id":"P_0975","road_name":"Unnamed Street","diameter_mm":300,"depth_m":-2.2},"geometry":{"type":"LineString","coordinates":[[88.3171705,22.5221067],[88.3169983,22.5225001],[88.3169835,22.5225373],[88.3169379,22.5226612],[88.3169214,22.5227805]]}},
{"type":"Feature","properties":{"pipe_id":"P_0976","road_name":"Unnamed Street","diameter_mm":300,"depth_m":-2.2},"geometry":{"type":"LineString","coordinates":[[88.3172356,22.5225992],[88.3173628,22.5225271],[88.317476,22.5224593],[88.317549,22.5224005],[88.3176299,22.5222969],[88.3184239,22.521794],[88.3185486,22.521718]]}},
{"type":"Feature","properties":{"pipe_id":"P_0977","road_name":"Unnamed Street","diameter_mm":300,"depth_m":-2.2},"geometry":{"type":"LineString","coordinates":[[88.3165785,22.5230477],[88.3165664,22.5228393]]}},
{"type":"Feature","properties":{"pipe_id":"P_0978","road_name":"Unnamed Street","diameter_mm":300,"depth_m":-2.2},"geometry":{"type":"LineString","coordinates":[[88.3202773,22.5206592],[88.3201592,22.5206815],[88.3200117,22.520741],[88.3199179,22.5208128],[88.3197972,22.5208921],[88.3196523,22.5209243],[88.3195423,22.5209466],[88.319368,22.5210234],[88.3191145,22.5211383],[88.318904,22.5212687],[88.3188088,22.5213687],[88.3186961,22.521505],[88.3186197,22.5216428],[88.3185486,22.521718]]}},
{"type":"Feature","properties":{"pipe_id":"P_0979","road_name":"Unnamed Street","diameter_mm":300,"depth_m":-2.2},"geometry":{"type":"LineString","coordinates":[[88.3167555,22.5230947],[88.3167727,22.5228192]]}},
{"type":"Feature","properties":{"pipe_id":"P_0980","road_name":"Unnamed Street","diameter_mm":300,"depth_m":-2.2},"geometry":{"type":"LineString","coordinates":[[88.3140706,22.5243236],[88.3141726,22.5244649],[88.3143147,22.5246259],[88.3144435,22.5246928]]}},
{"type":"Feature","properties":{"pipe_id":"P_0981","road_name":"Unnamed Street","diameter_mm":300,"depth_m":-2.2},"geometry":{"type":"LineString","coordinates":[[88.3115216,22.5286795],[88.3114422,22.5284833],[88.3115012,22.5284462],[88.3115292,22.5283753],[88.311571,22.5281365],[88.3116621,22.5277599],[88.3117948,22.5274463],[88.3121944,22.5264057],[88.3123086,22.5260826],[88.3123956,22.525878],[88.3125285,22.525612],[88.312688,22.5253676],[88.3128569,22.5251718],[88.3130474,22.5250232],[88.3132956,22.524834],[88.3135585,22.5246631],[88.3139835,22.5243765],[88.3140706,22.5243236],[88.314646,22.5239529]]}},
{"type":"Feature","properties":{"pipe_id":"P_0982","road_name":"Unnamed Street","diameter_mm":300,"depth_m":-2.2},"geometry":{"type":"LineString","coordinates":[[88.3141618,22.5250768],[88.3144435,22.5246928],[88.3146259,22.5244351]]}},
{"type":"Feature","properties":{"pipe_id":"P_0983","road_name":"Unnamed Street","diameter_mm":300,"depth_m":-2.2},"geometry":{"type":"LineString","coordinates":[[88.3145212,22.523791],[88.3139566,22.5241436],[88.313537,22.5244227],[88.3132446,22.5246333],[88.3129589,22.5248324],[88.3127323,22.5250372],[88.3125392,22.5252354],[88.3124319,22.5253692],[88.312291,22.525598],[88.3121637,22.5258573],[88.3120001,22.5262882],[88.3115629,22.5274477],[88.3114449,22.527807],[88.3113859,22.5281291],[88.3113617,22.5283619],[88.3113886,22.5284462],[88.3114422,22.5284833]]}},
{"type":"Feature","properties":{"pipe_id":"P_0984","road_name":"Unnamed Street","diameter_mm":300,"depth_m":-2.2},"geometry":{"type":"LineString","coordinates":[[88.3276614,22.5327322],[88.3276668,22.5326876],[88.3276882,22.5326703],[88.3277445,22.5326728],[88.3277794,22.5326901],[88.3277794,22.5327322],[88.327762,22.5327679],[88.3277284,22.5327793],[88.3276788,22.5327729],[88.3276614,22.5327322],[88.3271109,22.5327933]]}},
{"type":"Feature","properties":{"pipe_id":"P_0985","road_name":"Unnamed Street","diameter_mm":300,"depth_m":-2.2},"geometry":{"type":"LineString","coordinates":[[88.329318,22.5283476],[88.3293418,22.5285463],[88.3293583,22.5287446],[88.329374,22.5289328],[88.3294377,22.5294069],[88.3295014,22.5298807],[88.3295577,22.5303415],[88.3296221,22.5306636]]}},
{"type":"Feature","properties":{"pipe_id":"P_0986","road_name":"Unnamed Street","diameter_mm":300,"depth_m":-2.2},"geometry":{"type":"LineString","coordinates":[[88.3279336,22.5332629],[88.3279294,22.5332097],[88.3279187,22.5330751],[88.3278747,22.532557],[88.3278602,22.53244]]}},
{"type":"Feature","properties":{"pipe_id":"P_0987","road_name":"Woodland Road (Bhanu Bhakta Sarani)","diameter_mm":300,"depth_m":-2.2},"geometry":{"type":"LineString","coordinates":[[88.3285921,22.5319692],[88.3286643,22.5319871],[88.3287316,22.5319865],[88.3287559,22.5319854],[88.3290252,22.5319738],[88.3290521,22.5319727],[88.3291219,22.5319679],[88.3295966,22.5319359],[88.3296266,22.5319333],[88.3297267,22.5319271],[88.3298159,22.5319179],[88.3299293,22.5319064],[88.330347,22.5318637],[88.3304053,22.5318577],[88.3304511,22.5318535],[88.3309471,22.5318081],[88.3310875,22.5317977],[88.3312684,22.5317843],[88.3318075,22.5317444],[88.3319508,22.5317496]]}},
{"type":"Feature","properties":{"pipe_id":"P_0988","road_name":"Unnamed Street","diameter_mm":300,"depth_m":-2.2},"geometry":{"type":"LineString","coordinates":[[88.3271839,22.5319571],[88.3271825,22.531936],[88.3271887,22.5319263],[88.327203,22.5319191],[88.3273138,22.5319081],[88.327374,22.5319043],[88.3276309,22.5318859],[88.3277943,22.5318697],[88.3283182,22.5318156],[88.3283438,22.5318175],[88.3283578,22.5318421],[88.3283975,22.532397],[88.3284078,22.5325116]]}},
{"type":"Feature","properties":{"pipe_id":"P_0989","road_name":"Unnamed Street","diameter_mm":300,"depth_m":-2.2},"geometry":{"type":"LineString","coordinates":[[88.3279936,22.53307],[88.3280606,22.5331137],[88.3285993,22.5330739]]}},
{"type":"Feature","properties":{"pipe_id":"P_0990","road_name":"Unnamed Street","diameter_mm":300,"depth_m":-2.2},"geometry":{"type":"LineString","coordinates":[[88.328613,22.5331972],[88.3286075,22.533148],[88.3285993,22.5330739],[88.3285937,22.53301],[88.3285828,22.5329909],[88.3285603,22.5329821],[88.3280534,22.5330278],[88.3279936,22.53307]]}},
{"type":"Feature","properties":{"pipe_id":"P_0991","road_name":"Unnamed Street","diameter_mm":300,"depth_m":-2.2},"geometry":{"type":"LineString","coordinates":[[88.3296266,22.5319333],[88.3296283,22.5320031],[88.3296291,22.5320382],[88.3295792,22.5320534],[88.3291404,22.5320864],[88.3287666,22.5321103]]}},
{"type":"Feature","properties":{"pipe_id":"P_0992","road_name":"Unnamed Street","diameter_mm":300,"depth_m":-2.2},"geometry":{"type":"LineString","coordinates":[[88.3298159,22.5319179],[88.3298128,22.531881],[88.3297744,22.5314286],[88.3295711,22.531439],[88.3295952,22.5319082],[88.3295966,22.5319359]]}},
{"type":"Feature","properties":{"pipe_id":"P_0993","road_name":"Unnamed Street","diameter_mm":300,"depth_m":-2.2},"geometry":{"type":"LineString","coordinates":[[88.3310322,22.5329035],[88.3308691,22.5329242],[88.3308021,22.5329182],[88.3307647,22.5328809],[88.3307218,22.5325043],[88.3307406,22.5324473],[88.3308452,22.5324226],[88.3309176,22.532425],[88.3309929,22.5324684],[88.3310198,22.5327753],[88.3310322,22.5329035],[88.331057,22.5330161],[88.3310631,22.5330436]]}},
{"type":"Feature","properties":{"pipe_id":"P_0994","road_name":"Unnamed Street","diameter_mm":300,"depth_m":-2.2},"geometry":{"type":"LineString","coordinates":[[88.3298179,22.5321054],[88.3299319,22.5320693],[88.3299413,22.5320237],[88.3299318,22.5319306],[88.3299293,22.5319064]]}},
{"type":"Feature","properties":{"pipe_id":"P_0995","road_name":"Unnamed Street","diameter_mm":300,"depth_m":-2.2},"geometry":{"type":"LineString","coordinates":[[88.3278747,22.532557],[88.3284078,22.5325116],[88.3286931,22.5324873],[88.3287014,22.5324928],[88.3287038,22.5325014],[88.3287448,22.5331352],[88.3287478,22.5331854]]}},
{"type":"Feature","properties":{"pipe_id":"P_0996","road_name":"Unnamed Street","diameter_mm":300,"depth_m":-2.2},"geometry":{"type":"LineString","coordinates":[[88.3302412,22.5321768],[88.3303785,22.5321106],[88.330347,22.5318637]]}},
{"type":"Feature","properties":{"pipe_id":"P_0997","road_name":"Unnamed Street","diameter_mm":300,"depth_m":-2.2},"geometry":{"type":"LineString","coordinates":[[88.3300351,22.532762],[88.3300497,22.5330383],[88.3300524,22.5330897]]}},
{"type":"Feature","properties":{"pipe_id":"P_0998","road_name":"Unnamed Street","diameter_mm":300,"depth_m":-2.2},"geometry":{"type":"LineString","coordinates":[[88.3290159,22.5318181],[88.3290736,22.5318166],[88.3291319,22.5317549],[88.3291205,22.5315654],[88.3290937,22.5314811],[88.3290481,22.5314241],[88.328973,22.5314093],[88.3288986,22.5314345],[88.3288711,22.5315183],[88.3289,22.5317585],[88.3289381,22.5318106],[88.3290159,22.5318181],[88.3290216,22.5319143],[88.3290252,22.5319738]]}},
{"type":"Feature","properties":{"pipe_id":"P_0999","road_name":"Unnamed Street","diameter_mm":300,"depth_m":-2.2},"geometry":{"type":"LineString","coordinates":[[88.3313548,22.5324572],[88.3313896,22.532816],[88.3314022,22.5329453],[88.3314097,22.5330225]]}},
{"type":"Feature","properties":{"pipe_id":"P_1000","road_name":"Unnamed Street","diameter_mm":300,"depth_m":-2.2},"geometry":{"type":"LineString","coordinates":[[88.3277943,22.5318697],[88.3277773,22.5317325],[88.3277719,22.5317197]]}},
{"type":"Feature","properties":{"pipe_id":"P_1001","road_name":"Unnamed Street","diameter_mm":300,"depth_m":-2.2},"geometry":{"type":"LineString","coordinates":[[88.3279323,22.531568],[88.3285311,22.5315216]]}},
{"type":"Feature","properties":{"pipe_id":"P_1002","road_name":"Unnamed Street","diameter_mm":300,"depth_m":-2.2},"geometry":{"type":"LineString","coordinates":[[88.3292358,22.5274925],[88.3291419,22.5274033],[88.3293887,22.5271779],[88.3294456,22.5271564],[88.3295228,22.5271655],[88.329628,22.5272481],[88.3296682,22.5273175],[88.3297031,22.5274438],[88.3296945,22.5276065],[88.3296837,22.5278617],[88.3296682,22.5280037],[88.3296253,22.5280781],[88.329318,22.5283476]]}},
{"type":"Feature","properties":{"pipe_id":"P_1003","road_name":"Unnamed Street","diameter_mm":300,"depth_m":-2.2},"geometry":{"type":"LineString","coordinates":[[88.3314522,22.530484],[88.3313924,22.5299902],[88.3313789,22.5298784],[88.331358,22.5297454],[88.3313398,22.5296293],[88.3312448,22.5290236],[88.331139,22.5282455]]}},
{"type":"Feature","properties":{"pipe_id":"P_1004","road_name":"Unnamed Street","diameter_mm":300,"depth_m":-2.2},"geometry":{"type":"LineString","coordinates":[[88.331139,22.5282455],[88.331038,22.528265],[88.3301424,22.5284166],[88.3299446,22.5284505]]}},
{"type":"Feature","properties":{"pipe_id":"P_1005","road_name":"Unnamed Street","diameter_mm":300,"depth_m":-2.2},"geometry":{"type":"LineString","coordinates":[[88.3302359,22.5266068],[88.3302169,22.5270799],[88.3302282,22.5271556],[88.3302771,22.527206],[88.3303468,22.5273447],[88.3303538,22.5274043],[88.3303575,22.5274364],[88.3303356,22.5275901],[88.3303307,22.5276247],[88.3303548,22.5277238],[88.3304214,22.5279756],[88.3304214,22.5280425],[88.3303838,22.5280995],[88.3303597,22.5281168],[88.3299681,22.5282159],[88.3299198,22.528211],[88.3298372,22.5281549],[88.3297352,22.5281152],[88.3296253,22.5280781]]}},
{"type":"Feature","properties":{"pipe_id":"P_1006","road_name":"Unnamed Street","diameter_mm":300,"depth_m":-2.2},"geometry":{"type":"LineString","coordinates":[[88.3263347,22.5289462],[88.3264831,22.5289159],[88.326712,22.5288693],[88.3268125,22.528843],[88.3272274,22.5287643],[88.3274899,22.5287062],[88.3283158,22.5285232],[88.3290408,22.5283962],[88.3291152,22.5283831],[88.329318,22.5283476]]}},
{"type":"Feature","properties":{"pipe_id":"P_1007","road_name":"Unnamed Street","diameter_mm":300,"depth_m":-2.2},"geometry":{"type":"LineString","coordinates":[[88.331358,22.5297454],[88.3310141,22.5297867],[88.3309658,22.5297966],[88.3309208,22.5298247],[88.3309047,22.5298668],[88.3309047,22.5299288],[88.3309202,22.52997],[88.3309476,22.5300031],[88.3309852,22.5300229],[88.3310731,22.5300245],[88.3313924,22.5299902]]}},
{"type":"Feature","properties":{"pipe_id":"P_1008","road_name":"Unnamed Street","diameter_mm":300,"depth_m":-2.2},"geometry":{"type":"LineString","coordinates":[[88.3294182,22.5287362],[88.3293583,22.5287446]]}},
{"type":"Feature","properties":{"pipe_id":"P_1009","road_name":"Unnamed Street","diameter_mm":300,"depth_m":-2.2},"geometry":{"type":"LineString","coordinates":[[88.3307513,22.5303243],[88.3309524,22.5302995],[88.3309932,22.5303252],[88.330998,22.5303689],[88.3310141,22.5305254]]}},
{"type":"Feature","properties":{"pipe_id":"P_1010","road_name":"Unnamed Street","diameter_mm":300,"depth_m":-2.2},"geometry":{"type":"LineString","coordinates":[[88.3306279,22.5277403],[88.330703,22.5280822],[88.3309953,22.5280301],[88.331038,22.528265]]}},
{"type":"Feature","properties":{"pipe_id":"P_1011","road_name":"Unnamed Street","diameter_mm":300,"depth_m":-2.2},"geometry":{"type":"LineString","coordinates":[[88.3313398,22.5296293],[88.331299,22.529629],[88.3311139,22.5295646],[88.3310597,22.5290905],[88.3311085,22.5290592],[88.3312448,22.5290236]]}},
{"type":"Feature","properties":{"pipe_id":"P_1012","road_name":"Unnamed Street","diameter_mm":300,"depth_m":-2.2},"geometry":{"type":"LineString","coordinates":[[88.3274899,22.5287062],[88.3276243,22.5292425],[88.3276619,22.5294471],[88.3277316,22.5296414],[88.3277362,22.5296608],[88.3277433,22.5296913],[88.3277955,22.5299155],[88.3279269,22.5303714]]}},
{"type":"Feature","properties":{"pipe_id":"P_1013","road_name":"Unnamed Street","diameter_mm":300,"depth_m":-2.2},"geometry":{"type":"LineString","coordinates":[[88.3289435,22.5297025],[88.328767,22.5297355],[88.3286758,22.5297752],[88.3286034,22.5298545],[88.3285143,22.52997],[88.3284204,22.5301137],[88.3283105,22.530193],[88.3282305,22.5302583],[88.3279269,22.5303714],[88.3273609,22.5306605],[88.3273449,22.5306687],[88.327104,22.5308033],[88.3269077,22.5308842],[88.3267778,22.5309234]]}},
{"type":"Feature","properties":{"pipe_id":"P_1014","road_name":"Unnamed Street","diameter_mm":300,"depth_m":-2.2},"geometry":{"type":"LineString","coordinates":[[88.3272563,22.5297644],[88.327479,22.5297124],[88.3277362,22.5296608]]}},
{"type":"Feature","properties":{"pipe_id":"P_1015","road_name":"Unnamed Street","diameter_mm":300,"depth_m":-2.2},"geometry":{"type":"LineString","coordinates":[[88.3273073,22.5299378],[88.3276184,22.5298685],[88.3276882,22.5302054],[88.327369,22.5302896],[88.3273112,22.5304905],[88.3273609,22.5306605]]}},
{"type":"Feature","properties":{"pipe_id":"P_1016","road_name":"Unnamed Street","diameter_mm":300,"depth_m":-2.2},"geometry":{"type":"LineString","coordinates":[[88.3290406,22.5286132],[88.3290596,22.52848],[88.3291152,22.5283831]]}},
{"type":"Feature","properties":{"pipe_id":"P_1017","road_name":"Unnamed Street","diameter_mm":300,"depth_m":-2.2},"geometry":{"type":"LineString","coordinates":[[88.3266931,22.5293383],[88.3268057,22.5292838],[88.3267982,22.52924],[88.326712,22.5288693]]}},
{"type":"Feature","properties":{"pipe_id":"P_1018","road_name":"Unnamed Street","diameter_mm":300,"depth_m":-2.2},"geometry":{"type":"LineString","coordinates":[[88.3294377,22.5294069],[88.3293717,22.5294164],[88.3288442,22.5294919],[88.3284446,22.5295761],[88.3283319,22.5295464],[88.3280449,22.5296182],[88.3277433,22.5296913]]}},
{"type":"Feature","properties":{"pipe_id":"P_1019","road_name":"Unnamed Street","diameter_mm":300,"depth_m":-2.2},"geometry":{"type":"LineString","coordinates":[[88.3278288,22.5294171],[88.3276619,22.5294471]]}},
{"type":"Feature","properties":{"pipe_id":"P_1020","road_name":"Unnamed Street","diameter_mm":300,"depth_m":-2.2},"geometry":{"type":"LineString","coordinates":[[88.3270733,22.5269237],[88.3271041,22.527068],[88.3272059,22.5275454],[88.3273047,22.5275297],[88.3284902,22.5273141],[88.3286806,22.527277],[88.3287925,22.5272528],[88.3287986,22.5272869],[88.3288362,22.5274207],[88.3289649,22.5280599],[88.3290408,22.5283962]]}},
{"type":"Feature","properties":{"pipe_id":"P_1021","road_name":"Unnamed Street","diameter_mm":300,"depth_m":-2.2},"geometry":{"type":"LineString","coordinates":[[88.3292412,22.5269623],[88.3294456,22.5271564]]}},
{"type":"Feature","properties":{"pipe_id":"P_1022","road_name":"Unnamed Street","diameter_mm":300,"depth_m":-2.2},"geometry":{"type":"LineString","coordinates":[[88.3328515,22.5330407],[88.3326878,22.5330386],[88.3323026,22.5330328],[88.3321701,22.5330219],[88.3321167,22.5329894],[88.3320684,22.5329952],[88.3319955,22.5330038]]}},
{"type":"Feature","properties":{"pipe_id":"P_1023","road_name":"Unnamed Street","diameter_mm":300,"depth_m":-2.2},"geometry":{"type":"LineString","coordinates":[[88.3346671,22.5316117],[88.3348068,22.53163],[88.3349401,22.5316397],[88.3350733,22.5316494]]}},
{"type":"Feature","properties":{"pipe_id":"P_1024","road_name":"Unnamed Street","diameter_mm":300,"depth_m":-2.2},"geometry":{"type":"LineString","coordinates":[[88.3347372,22.5310529],[88.3345761,22.5309386],[88.3345527,22.5308372],[88.3345504,22.5306863],[88.3345225,22.5305944],[88.3340907,22.5305944],[88.3330527,22.5306513],[88.3327389,22.5306682],[88.3323753,22.5306878],[88.331956,22.5306994]]}},
{"type":"Feature","properties":{"pipe_id":"P_1025","road_name":"Unnamed Street","diameter_mm":300,"depth_m":-2.2},"geometry":{"type":"LineString","coordinates":[[88.3339512,22.5336392],[88.3337476,22.5336119],[88.3334848,22.5336077],[88.3330963,22.5336103],[88.3329484,22.533627],[88.3328735,22.5336758],[88.3328217,22.53376],[88.3328253,22.5339081],[88.3328781,22.5340088],[88.3329705,22.5341677],[88.3331934,22.5345055],[88.3332914,22.534645],[88.3333757,22.5348003],[88.3334362,22.5348382],[88.3334537,22.5349332],[88.3334631,22.5349844],[88.3335001,22.5350717]]}},
{"type":"Feature","properties":{"pipe_id":"P_1026","road_name":"Unnamed Street","diameter_mm":300,"depth_m":-2.2},"geometry":{"type":"LineString","coordinates":[[88.334685,22.5299495],[88.3338064,22.5299676],[88.3329374,22.5300066],[88.3326477,22.5300196],[88.3318533,22.53006],[88.3318128,22.5300619],[88.3317517,22.5300652]]}},
{"type":"Feature","properties":{"pipe_id":"P_1027","road_name":"Unnamed Street","diameter_mm":300,"depth_m":-2.2},"geometry":{"type":"LineString","coordinates":[[88.3340161,22.5329124],[88.3340344,22.5330892],[88.3340412,22.5333574]]}},
{"type":"Feature","properties":{"pipe_id":"P_1028","road_name":"Unnamed Street","diameter_mm":300,"depth_m":-2.2},"geometry":{"type":"LineString","coordinates":[[88.3329767,22.5327845],[88.3329239,22.5327076],[88.3329078,22.5325912],[88.3328917,22.5321775],[88.3329615,22.5321081],[88.3329788,22.5319513],[88.3333504,22.5316498],[88.3333447,22.5314564],[88.3333397,22.5312856],[88.3330366,22.531241],[88.3327523,22.5312459],[88.3326811,22.5312576],[88.3326289,22.531293],[88.3324653,22.5312955],[88.3322251,22.5313022],[88.3320535,22.531317]]}},
{"type":"Feature","properties":{"pipe_id":"P_1029","road_name":"Unnamed Street","diameter_mm":300,"depth_m":-2.2},"geometry":{"type":"LineString","coordinates":[[88.3345413,22.5334707],[88.3345198,22.5331561],[88.3344474,22.5331511],[88.3344206,22.5331932],[88.3343562,22.5332353],[88.3342731,22.53327],[88.3341497,22.5332948],[88.3340412,22.5333574],[88.334021,22.5333691],[88.333967,22.5334806],[88.3339512,22.5336392],[88.3339846,22.533792],[88.3339968,22.5339439],[88.3339861,22.5340529],[88.3339244,22.5341842],[88.3338198,22.5343477],[88.333573,22.5346723],[88.333483,22.534783],[88.3334362,22.5348382]]}},
{"type":"Feature","properties":{"pipe_id":"P_1030","road_name":"Unnamed Street","diameter_mm":300,"depth_m":-2.2},"geometry":{"type":"LineString","coordinates":[[88.3344474,22.5331511],[88.3344528,22.5330941],[88.3344286,22.5330322],[88.3343643,22.5329678],[88.3342677,22.5329207],[88.3342095,22.5329095],[88.3341524,22.5328984],[88.3340161,22.5329124],[88.3339462,22.532891],[88.3338786,22.5328631],[88.3336033,22.5327573],[88.3334147,22.5326926],[88.3333103,22.5326818],[88.3331719,22.5326991],[88.3330503,22.5327409],[88.3329767,22.5327845],[88.3329285,22.5328409],[88.3328903,22.532893],[88.3328605,22.532967],[88.3328515,22.5330407],[88.3328473,22.5331182],[88.3328622,22.5334013],[88.3329484,22.533627]]}},
{"type":"Feature","properties":{"pipe_id":"P_1031","road_name":"Unnamed Street","diameter_mm":300,"depth_m":-2.2},"geometry":{"type":"LineString","coordinates":[[88.3320468,22.5310948],[88.3320535,22.531317],[88.3320576,22.5314541],[88.3320656,22.5319248],[88.3320522,22.5320288],[88.3320759,22.5324792],[88.3321167,22.5329894]]}},
{"type":"Feature","properties":{"pipe_id":"P_1032","road_name":"Belvedere Road","diameter_mm":600,"depth_m":-2.2},"geometry":{"type":"LineString","coordinates":[[88.3366998,22.5275064],[88.3364047,22.5272116],[88.3362679,22.5270506],[88.335929,22.5267884],[88.3358227,22.5267062],[88.335702,22.5266219],[88.3356034,22.5265733],[88.335567,22.5265701],[88.3354881,22.5265633],[88.3353003,22.5265757],[88.3348656,22.5266584],[88.3343931,22.5267483],[88.3336085,22.5269184],[88.333537,22.5269343],[88.3330497,22.5270429],[88.331359,22.5274319]]}},
{"type":"Feature","properties":{"pipe_id":"P_1033","road_name":"Unnamed Street","diameter_mm":300,"depth_m":-2.2},"geometry":{"type":"LineString","coordinates":[[88.334685,22.5299495],[88.3346575,22.5294851],[88.3346089,22.529425],[88.3345318,22.5293762],[88.3338251,22.5293804],[88.3325243,22.5294572],[88.3318026,22.5295505],[88.3318533,22.53006]]}},
{"type":"Feature","properties":{"pipe_id":"P_1034","road_name":"Thackery Road","diameter_mm":300,"depth_m":-2.2},"geometry":{"type":"LineString","coordinates":[[88.3388945,22.5300642],[88.3388275,22.530188],[88.3386558,22.5304333],[88.338602,22.5305316],[88.3385768,22.5305776],[88.3385391,22.5306361],[88.3381355,22.5312633],[88.3379289,22.5315556],[88.3378351,22.53163],[88.337658,22.5317464],[88.3374569,22.5318331],[88.3373976,22.5318977],[88.3373818,22.5319149],[88.3372745,22.5320833],[88.3371806,22.5322815],[88.3370879,22.532422],[88.3369672,22.5325261],[88.3367982,22.5326375],[88.3365886,22.5327539],[88.3363437,22.5328898]]}},
{"type":"Feature","properties":{"pipe_id":"P_1035","road_name":"Unnamed Street","diameter_mm":300,"depth_m":-2.2},"geometry":{"type":"LineString","coordinates":[[88.3386316,22.5311741],[88.3386987,22.5311493],[88.3387818,22.5311493],[88.3388784,22.5311567],[88.3389747,22.5310876],[88.3389876,22.5309838],[88.3390205,22.5307191]]}},
{"type":"Feature","properties":{"pipe_id":"P_1036","road_name":"Unnamed Street","diameter_mm":300,"depth_m":-2.2},"geometry":{"type":"LineString","coordinates":[[88.3399808,22.530966],[88.3398923,22.5309982],[88.3397069,22.5310306],[88.3395755,22.5310207],[88.3394765,22.5310254],[88.3392212,22.5310105],[88.3389876,22.5309838]]}},
{"type":"Feature","properties":{"pipe_id":"P_1037","road_name":"Unnamed Street","diameter_mm":300,"depth_m":-2.2},"geometry":{"type":"LineString","coordinates":[[88.3398923,22.5309982],[88.3399218,22.5310849],[88.339954,22.5312781],[88.3399615,22.5313664]]}},
{"type":"Feature","properties":{"pipe_id":"P_1038","road_name":"Unnamed Street","diameter_mm":300,"depth_m":-2.2},"geometry":{"type":"LineString","coordinates":[[88.3409196,22.5287858],[88.340925,22.5290038],[88.3410001,22.529202],[88.3410537,22.529363],[88.3411054,22.529578],[88.341118,22.5296306],[88.3411663,22.5298139],[88.341166,22.5300941],[88.3411797,22.5303144],[88.3411717,22.5304333],[88.3410939,22.5307058],[88.3410345,22.5308293],[88.3409759,22.5309511],[88.3408123,22.531179],[88.3405574,22.5313623],[88.3402544,22.531459],[88.3399027,22.5315558],[88.3396452,22.5316203]]}},
{"type":"Feature","properties":{"pipe_id":"P_1039","road_name":"Unnamed Street","diameter_mm":300,"depth_m":-2.2},"geometry":{"type":"LineString","coordinates":[[88.3404668,22.5307333],[88.3405709,22.5304804],[88.3406479,22.5303734],[88.3407839,22.5303481],[88.3408837,22.5302725],[88.3409268,22.5300072],[88.340962,22.5297467]]}},
{"type":"Feature","properties":{"pipe_id":"P_1040","road_name":"Unnamed Street","diameter_mm":300,"depth_m":-2.2},"geometry":{"type":"LineString","coordinates":[[88.3389052,22.5313326],[88.3389427,22.5312409],[88.3389582,22.5311669],[88.3389747,22.5310876]]}},
{"type":"Feature","properties":{"pipe_id":"P_1041","road_name":"Unnamed Street","diameter_mm":300,"depth_m":-2.2},"geometry":{"type":"LineString","coordinates":[[88.3396452,22.5316203],[88.3389371,22.531754],[88.3387147,22.5318281],[88.3385216,22.5319173],[88.3383553,22.5320164],[88.3381515,22.5321378],[88.3377832,22.5323456],[88.337666,22.5324499],[88.3375668,22.5325837],[88.3374702,22.5327026],[88.3372154,22.5330445]]}},
{"type":"Feature","properties":{"pipe_id":"P_1042","road_name":"Unnamed Street","diameter_mm":300,"depth_m":-2.2},"geometry":{"type":"LineString","coordinates":[[88.3399615,22.5313664],[88.3396471,22.5313704],[88.3395755,22.5310207],[88.3395058,22.5308621],[88.3394628,22.5307977],[88.3393746,22.5307603],[88.3390205,22.5307191],[88.3386719,22.5306786],[88.3385391,22.5306361]]}},
{"type":"Feature","properties":{"pipe_id":"P_1043","road_name":"Unnamed Street","diameter_mm":300,"depth_m":-2.2},"geometry":{"type":"LineString","coordinates":[[88.3375427,22.5320011],[88.3373976,22.5318977]]}},
{"type":"Feature","properties":{"pipe_id":"P_1044","road_name":"Unnamed Street","diameter_mm":300,"depth_m":-2.2},"geometry":{"type":"LineString","coordinates":[[88.3404583,22.5287065],[88.3402866,22.5292714],[88.3402737,22.5293955],[88.3402348,22.5294582],[88.339976,22.5295392],[88.3398731,22.5295768],[88.3397394,22.5296257],[88.3391144,22.5298164],[88.3388945,22.5300642]]}},
{"type":"Feature","properties":{"pipe_id":"P_1045","road_name":"Unnamed Street","diameter_mm":300,"depth_m":-2.2},"geometry":{"type":"LineString","coordinates":[[88.3403134,22.5304011],[88.3403349,22.5304754],[88.3402866,22.5307331]]}},
{"type":"Feature","properties":{"pipe_id":"P_1046","road_name":"Unnamed Street","diameter_mm":300,"depth_m":-2.2},"geometry":{"type":"LineString","coordinates":[[88.339718,22.5307281],[88.3401581,22.5308043]]}},
{"type":"Feature","properties":{"pipe_id":"P_1047","road_name":"Unnamed Street","diameter_mm":300,"depth_m":-2.2},"geometry":{"type":"LineString","coordinates":[[88.3410345,22.5308293],[88.3407264,22.5307772],[88.3404668,22.5307333],[88.3402866,22.5307331],[88.3402008,22.5307727],[88.3401581,22.5308043],[88.3401203,22.5308322],[88.3399808,22.530966]]}},
{"type":"Feature","properties":{"pipe_id":"P_1048","road_name":"Unnamed Street","diameter_mm":300,"depth_m":-2.2},"geometry":{"type":"LineString","coordinates":[[88.3398145,22.5341421],[88.3401605,22.5342441]]}},
{"type":"Feature","properties":{"pipe_id":"P_1049","road_name":"Unnamed Street","diameter_mm":300,"depth_m":-2.2},"geometry":{"type":"LineString","coordinates":[[88.3398596,22.5339561],[88.340234,22.5340934]]}},
{"type":"Feature","properties":{"pipe_id":"P_1050","road_name":"Unnamed Street","diameter_mm":300,"depth_m":-2.2},"geometry":{"type":"LineString","coordinates":[[88.3388651,22.5346202],[88.3387309,22.5343898]]}},
{"type":"Feature","properties":{"pipe_id":"P_1051","road_name":"Unnamed Street","diameter_mm":300,"depth_m":-2.2},"geometry":{"type":"LineString","coordinates":[[88.3398064,22.5342907],[88.340089,22.5343906]]}},
{"type":"Feature","properties":{"pipe_id":"P_1052","road_name":"Bijoy Bose Road","diameter_mm":300,"depth_m":-2.2},"geometry":{"type":"LineString","coordinates":[[88.3404162,22.5337737],[88.3402946,22.5336961],[88.3401197,22.5336363],[88.3399834,22.5335896],[88.3397849,22.5336992],[88.3397635,22.533711],[88.339286,22.5340226],[88.3390774,22.5341587],[88.3389509,22.5342412],[88.3387309,22.5343898],[88.3386679,22.5344323],[88.338575,22.5344951],[88.3385105,22.5345394]]}},
{"type":"Feature","properties":{"pipe_id":"P_1053","road_name":"Unnamed Street","diameter_mm":300,"depth_m":-2.2},"geometry":{"type":"LineString","coordinates":[[88.3397534,22.5340551],[88.3398596,22.5339561],[88.3398869,22.5339166],[88.3400626,22.5337102],[88.3401197,22.5336363]]}},
{"type":"Feature","properties":{"pipe_id":"P_1054","road_name":"Unnamed Street","diameter_mm":300,"depth_m":-2.2},"geometry":{"type":"LineString","coordinates":[[88.3392914,22.5350166],[88.3395157,22.5350106],[88.3395458,22.535001],[88.3395828,22.5350237],[88.3396399,22.5350322],[88.3396776,22.5350557],[88.339828,22.5350808]]}},
{"type":"Feature","properties":{"pipe_id":"P_1055","road_name":"Unnamed Street","diameter_mm":300,"depth_m":-2.2},"geometry":{"type":"LineString","coordinates":[[88.3414077,22.5344591],[88.3410811,22.5344865],[88.3409597,22.5345012],[88.3407022,22.5345136],[88.340426,22.534526],[88.3402275,22.5344913],[88.3400607,22.5344485]]}},
{"type":"Feature","properties":{"pipe_id":"P_1056","road_name":"Unnamed Street","diameter_mm":300,"depth_m":-2.2},"geometry":{"type":"LineString","coordinates":[[88.3394442,22.5364893],[88.339219,22.5358044],[88.3390878,22.5358331]]}},
{"type":"Feature","properties":{"pipe_id":"P_1057","road_name":"Unnamed Street","diameter_mm":300,"depth_m":-2.2},"geometry":{"type":"LineString","coordinates":[[88.3394282,22.5346524],[88.3395618,22.5345177],[88.3399542,22.5346817]]}},
{"type":"Feature","properties":{"pipe_id":"P_1058","road_name":"Unnamed Street","diameter_mm":300,"depth_m":-2.2},"geometry":{"type":"LineString","coordinates":[[88.3394619,22.5348628],[88.3398543,22.5349272]]}},
{"type":"Feature","properties":{"pipe_id":"P_1059","road_name":"Unnamed Street","diameter_mm":300,"depth_m":-2.2},"geometry":{"type":"LineString","coordinates":[[88.3395596,22.5342456],[88.3397242,22.5344007],[88.3399318,22.5344966],[88.3400188,22.5345345]]}},
{"type":"Feature","properties":{"pipe_id":"P_1060","road_name":"Unnamed Street","diameter_mm":300,"depth_m":-2.2},"geometry":{"type":"LineString","coordinates":[[88.341101,22.5348646],[88.3410811,22.5344865]]}},
{"type":"Feature","properties":{"pipe_id":"P_1061","road_name":"Unnamed Street","diameter_mm":300,"depth_m":-2.2},"geometry":{"type":"LineString","coordinates":[[88.3428402,22.5342365],[88.3425786,22.5342912],[88.3423185,22.5343531],[88.3422274,22.5343552],[88.3420835,22.5343558],[88.3419871,22.534365],[88.3417752,22.5344121],[88.3417185,22.5344014],[88.3416176,22.5344025],[88.3415559,22.5344117],[88.3415532,22.5344426],[88.3414077,22.5344591]]}},
{"type":"Feature","properties":{"pipe_id":"P_1062","road_name":"Unnamed Street","diameter_mm":300,"depth_m":-2.2},"geometry":{"type":"LineString","coordinates":[[88.341734,22.5341748],[88.3416089,22.5341867],[88.3414158,22.5342387],[88.341266,22.5343009]]}},
{"type":"Feature","properties":{"pipe_id":"P_1063","road_name":"Unnamed Street","diameter_mm":300,"depth_m":-2.2},"geometry":{"type":"LineString","coordinates":[[88.3416826,22.5338005],[88.3417068,22.5338583],[88.3417189,22.5339364],[88.3417323,22.5340529],[88.341734,22.5341748],[88.341735,22.5342412],[88.3417752,22.5344121]]}},
{"type":"Feature","properties":{"pipe_id":"P_1064","road_name":"Unnamed Street","diameter_mm":300,"depth_m":-2.2},"geometry":{"type":"LineString","coordinates":[[88.3419111,22.534827],[88.3419897,22.5352251]]}},
{"type":"Feature","properties":{"pipe_id":"P_1065","road_name":"Unnamed Street","diameter_mm":300,"depth_m":-2.2},"geometry":{"type":"LineString","coordinates":[[88.3417185,22.5344014],[88.3417055,22.5345484],[88.3417135,22.5346598],[88.3417618,22.5350092],[88.3418089,22.5352197]]}},
{"type":"Feature","properties":{"pipe_id":"P_1066","road_name":"Madan Pal Lane","diameter_mm":600,"depth_m":-2.2},"geometry":{"type":"LineString","coordinates":[[88.3404162,22.5337737],[88.3404314,22.5335351],[88.3404693,22.5333743],[88.3405109,22.5331975],[88.3405172,22.5331709],[88.3405281,22.5331497],[88.34061,22.5329894],[88.3407128,22.5327798],[88.3408004,22.532529],[88.3408249,22.5324531]]}},
{"type":"Feature","properties":{"pipe_id":"P_1067","road_name":"Sashi Sehkar Bose Row","diameter_mm":300,"depth_m":-2.2},"geometry":{"type":"LineString","coordinates":[[88.3408249,22.5324531],[88.340474,22.5323917],[88.3402973,22.5323608],[88.3401638,22.5323183],[88.3401432,22.5323117],[88.3399352,22.5322567],[88.3399019,22.5322561],[88.3397488,22.532253],[88.3397114,22.5322523],[88.3396065,22.5322736],[88.3394673,22.5323018],[88.3393573,22.5323489],[88.3389711,22.5325496],[88.3387297,22.5326611],[88.3385759,22.5327363],[88.3382697,22.532886],[88.338091,22.5329758],[88.338204,22.5332589],[88.3382477,22.5333619],[88.3383099,22.5335153],[88.3383582,22.5336342],[88.3384671,22.5338636],[88.3384923,22.5339166],[88.3386679,22.5344323]]}},
{"type":"Feature","properties":{"pipe_id":"P_1068","road_name":"Madan Pal Lane","diameter_mm":600,"depth_m":-2.2},"geometry":{"type":"LineString","coordinates":[[88.3408249,22.5324531],[88.3409571,22.5319545]]}},
{"type":"Feature","properties":{"pipe_id":"P_1069","road_name":"Gobind Bose Lane","diameter_mm":300,"depth_m":-2.2},"geometry":{"type":"LineString","coordinates":[[88.3434823,22.5320467],[88.3428147,22.5321441],[88.3424028,22.5321997],[88.3420282,22.5322579],[88.3419054,22.532277],[88.3417529,22.5322974],[88.3415016,22.5323558],[88.3414989,22.5323831],[88.3414936,22.5325193],[88.3413097,22.5325389]]}},
{"type":"Feature","properties":{"pipe_id":"P_1070","road_name":"Katua Khati Lane","diameter_mm":300,"depth_m":-2.2},"geometry":{"type":"LineString","coordinates":[[88.3389711,22.5325496],[88.3391387,22.5328637],[88.3392369,22.5330287],[88.3392658,22.5330774],[88.3393414,22.5332155],[88.3394069,22.5333146],[88.3396215,22.5335599],[88.3397849,22.5336992]]}},
{"type":"Feature","properties":{"pipe_id":"P_1071","road_name":"Unnamed Street","diameter_mm":300,"depth_m":-2.2},"geometry":{"type":"LineString","coordinates":[[88.3386127,22.5337021],[88.3386065,22.533681],[88.3386356,22.5336516],[88.3387643,22.5335765],[88.3388475,22.5334956],[88.3389257,22.5334122],[88.3390652,22.5332961],[88.3391613,22.5332217]]}},
{"type":"Feature","properties":{"pipe_id":"P_1072","road_name":"Unnamed Street","diameter_mm":300,"depth_m":-2.2},"geometry":{"type":"LineString","coordinates":[[88.3387203,22.5330223],[88.3385759,22.5327363]]}},
{"type":"Feature","properties":{"pipe_id":"P_1073","road_name":"Unnamed Street","diameter_mm":300,"depth_m":-2.2},"geometry":{"type":"LineString","coordinates":[[88.3378324,22.5330569],[88.338091,22.5329758]]}},
{"type":"Feature","properties":{"pipe_id":"P_1074","road_name":"Unnamed Street","diameter_mm":300,"depth_m":-2.2},"geometry":{"type":"LineString","coordinates":[[88.3391343,22.5333652],[88.3390748,22.5333068],[88.3390652,22.5332961]]}},
{"type":"Feature","properties":{"pipe_id":"P_1075","road_name":"Unnamed Street","diameter_mm":300,"depth_m":-2.2},"geometry":{"type":"LineString","coordinates":[[88.3386127,22.5337021],[88.3390774,22.5341587]]}},
{"type":"Feature","properties":{"pipe_id":"P_1076","road_name":"Unnamed Street","diameter_mm":300,"depth_m":-2.2},"geometry":{"type":"LineString","coordinates":[[88.3382281,22.5325991],[88.3381034,22.532668],[88.3380578,22.5327349],[88.3380497,22.5327943],[88.338091,22.5329758]]}},
{"type":"Feature","properties":{"pipe_id":"P_1077","road_name":"Unnamed Street","diameter_mm":300,"depth_m":-2.2},"geometry":{"type":"LineString","coordinates":[[88.3389456,22.5336416],[88.339286,22.5340226]]}},
{"type":"Feature","properties":{"pipe_id":"P_1078","road_name":"Unnamed Street","diameter_mm":300,"depth_m":-2.2},"geometry":{"type":"LineString","coordinates":[[88.3393414,22.5332155],[88.3391343,22.5333652],[88.3390331,22.5334364],[88.3393166,22.5337281]]}},
{"type":"Feature","properties":{"pipe_id":"P_1079","road_name":"Unnamed Street","diameter_mm":300,"depth_m":-2.2},"geometry":{"type":"LineString","coordinates":[[88.3403536,22.5327547],[88.3403724,22.5326457],[88.340449,22.5325099],[88.340474,22.5323917]]}},
{"type":"Feature","properties":{"pipe_id":"P_1080","road_name":"Unnamed Street","diameter_mm":300,"depth_m":-2.2},"geometry":{"type":"LineString","coordinates":[[88.3401755,22.5331009],[88.3400315,22.5330098]]}},
{"type":"Feature","properties":{"pipe_id":"P_1081","road_name":"Unnamed Street","diameter_mm":300,"depth_m":-2.2},"geometry":{"type":"LineString","coordinates":[[88.3401578,22.5327745],[88.3403536,22.5327547],[88.3402919,22.5328711],[88.3405387,22.5329653],[88.34061,22.5329894]]}},
{"type":"Feature","properties":{"pipe_id":"P_1082","road_name":"Unnamed Street","diameter_mm":300,"depth_m":-2.2},"geometry":{"type":"LineString","coordinates":[[88.3400824,22.5332064],[88.3401833,22.5332759],[88.3402557,22.5333072],[88.3403348,22.5333196],[88.3404693,22.5333743]]}},
{"type":"Feature","properties":{"pipe_id":"P_1083","road_name":"Unnamed Street","diameter_mm":300,"depth_m":-2.2},"geometry":{"type":"LineString","coordinates":[[88.3405281,22.5331497],[88.3402171,22.5330437],[88.3401755,22.5331009],[88.3400824,22.5332064],[88.3400329,22.5332505],[88.3398596,22.533419]]}},
{"type":"Feature","properties":{"pipe_id":"P_1084","road_name":"Unnamed Street","diameter_mm":300,"depth_m":-2.2},"geometry":{"type":"LineString","coordinates":[[88.3397421,22.5328612],[88.3393057,22.5330593],[88.3392658,22.5330774]]}},
{"type":"Feature","properties":{"pipe_id":"P_1085","road_name":"Unnamed Street","diameter_mm":300,"depth_m":-2.2},"geometry":{"type":"LineString","coordinates":[[88.340072,22.5320238],[88.3401122,22.5321428],[88.3401573,22.5322374],[88.3401638,22.5323183]]}},
{"type":"Feature","properties":{"pipe_id":"P_1086","road_name":"Unnamed Street","diameter_mm":300,"depth_m":-2.2},"geometry":{"type":"LineString","coordinates":[[88.3405634,22.5318665],[88.3405294,22.5320784],[88.340474,22.5323917]]}},
{"type":"Feature","properties":{"pipe_id":"P_1087","road_name":"Unnamed Street","diameter_mm":300,"depth_m":-2.2},"geometry":{"type":"LineString","coordinates":[[88.3401122,22.5321428],[88.3402014,22.5321089],[88.3402629,22.5320961],[88.3403402,22.5320759],[88.3404448,22.5320709],[88.3405294,22.5320784]]}},
{"type":"Feature","properties":{"pipe_id":"P_1088","road_name":"Unnamed Street","diameter_mm":300,"depth_m":-2.2},"geometry":{"type":"LineString","coordinates":[[88.3409571,22.5319545],[88.340933,22.5319223],[88.340742,22.5318951],[88.3405634,22.5318665]]}},
{"type":"Feature","properties":{"pipe_id":"P_1089","road_name":"Unnamed Street","diameter_mm":300,"depth_m":-2.2},"geometry":{"type":"LineString","coordinates":[[88.340249,22.5319891],[88.3402629,22.5320961],[88.3402973,22.5323608]]}},
{"type":"Feature","properties":{"pipe_id":"P_1090","road_name":"Unnamed Street","diameter_mm":300,"depth_m":-2.2},"geometry":{"type":"LineString","coordinates":[[88.3408654,22.5332358],[88.3406913,22.5332376],[88.3405109,22.5331975]]}},
{"type":"Feature","properties":{"pipe_id":"P_1091","road_name":"Unnamed Street","diameter_mm":300,"depth_m":-2.2},"geometry":{"type":"LineString","coordinates":[[88.3414332,22.53304],[88.3414487,22.5332189],[88.3414743,22.5334216],[88.3414796,22.5338107]]}},
{"type":"Feature","properties":{"pipe_id":"P_1092","road_name":"Unnamed Street","diameter_mm":300,"depth_m":-2.2},"geometry":{"type":"LineString","coordinates":[[88.3418047,22.5334558],[88.3417396,22.5329846]]}},
{"type":"Feature","properties":{"pipe_id":"P_1093","road_name":"Unnamed Street","diameter_mm":300,"depth_m":-2.2},"geometry":{"type":"LineString","coordinates":[[88.3414332,22.53304],[88.3417396,22.5329846],[88.3418385,22.5329577],[88.3420831,22.532941],[88.3420882,22.5330102],[88.3420949,22.5331205],[88.3421755,22.5334393],[88.3422734,22.5337577]]}},
{"type":"Feature","properties":{"pipe_id":"P_1094","road_name":"Unnamed Street","diameter_mm":300,"depth_m":-2.2},"geometry":{"type":"LineString","coordinates":[[88.3417529,22.5322974],[88.3418042,22.5325955],[88.3418364,22.5327887],[88.3418385,22.5329577]]}},
{"type":"Feature","properties":{"pipe_id":"P_1095","road_name":"Unnamed Street","diameter_mm":300,"depth_m":-2.2},"geometry":{"type":"LineString","coordinates":[[88.3410671,22.5328191],[88.3409062,22.5328191],[88.3407128,22.5327798]]}},
{"type":"Feature","properties":{"pipe_id":"P_1096","road_name":"Unnamed Street","diameter_mm":300,"depth_m":-2.2},"geometry":{"type":"LineString","coordinates":[[88.3409493,22.5332273],[88.3408741,22.5332215],[88.3408654,22.5332358],[88.3408949,22.5338141]]}},
{"type":"Feature","properties":{"pipe_id":"P_1097","road_name":"Unnamed Street","diameter_mm":300,"depth_m":-2.2},"geometry":{"type":"LineString","coordinates":[[88.341741,22.5309562],[88.3422366,22.5309339],[88.3422446,22.5311196],[88.3427585,22.5309917],[88.3428025,22.5309808],[88.3431238,22.5309219],[88.3434631,22.5308723]]}},
{"type":"Feature","properties":{"pipe_id":"P_1098","road_name":"Unnamed Street","diameter_mm":300,"depth_m":-2.2},"geometry":{"type":"LineString","coordinates":[[88.340767,22.5316836],[88.3410235,22.5317664]]}},
{"type":"Feature","properties":{"pipe_id":"P_1099","road_name":"Unnamed Street","diameter_mm":300,"depth_m":-2.2},"geometry":{"type":"LineString","coordinates":[[88.3415205,22.531624],[88.341517,22.5316987],[88.3415288,22.5318909]]}},
{"type":"Feature","properties":{"pipe_id":"P_1100","road_name":"Unnamed Street","diameter_mm":300,"depth_m":-2.2},"geometry":{"type":"LineString","coordinates":[[88.341625,22.5316076],[88.3415205,22.531624],[88.3412747,22.5316263],[88.3410632,22.5315988]]}},
{"type":"Feature","properties":{"pipe_id":"P_1101","road_name":"Harish Chatterjee Road","diameter_mm":300,"depth_m":-2.2},"geometry":{"type":"LineString","coordinates":[[88.3414433,22.5248121],[88.3414668,22.5251264],[88.3414778,22.525246],[88.3414883,22.5253593],[88.341497,22.5254512],[88.3415133,22.5256228],[88.3415231,22.5257261],[88.3415358,22.5258605],[88.3415548,22.5259935],[88.3415634,22.5260541],[88.3415795,22.5261669],[88.341602,22.5264257],[88.3416189,22.5266211],[88.3416194,22.5266482],[88.3416246,22.5269033],[88.3416291,22.5271263],[88.3416291,22.5272304],[88.3416291,22.5273793],[88.3416513,22.5278943],[88.3416483,22.5280355],[88.3416438,22.5282531],[88.3416542,22.5285807],[88.3416566,22.5286574],[88.3416929,22.5290222],[88.3416931,22.5291038],[88.3417385,22.529526],[88.3417484,22.529642],[88.3417639,22.5298767],[88.3417557,22.5302451],[88.3417564,22.5304159],[88.3417362,22.5308102],[88.341741,22.5309562],[88.3417752,22.531127],[88.3417778,22.5311642],[88.3417934,22.5312935],[88.3418194,22.5315309],[88.3418553,22.5318598]]}},
{"type":"Feature","properties":{"pipe_id":"P_1102","road_name":"Unnamed Street","diameter_mm":300,"depth_m":-2.2},"geometry":{"type":"LineString","coordinates":[[88.3417362,22.5308102],[88.3420426,22.5308193],[88.3421478,22.5307939],[88.3421967,22.5307736],[88.3424273,22.5307488],[88.3427198,22.5307159],[88.3428243,22.5307042],[88.3430335,22.5306695],[88.3434399,22.5306502]]}},
{"type":"Feature","properties":{"pipe_id":"P_1103","road_name":"Kalighat Road","diameter_mm":300,"depth_m":-2.2},"geometry":{"type":"LineString","coordinates":[[88.3415598,22.5236708],[88.3417324,22.5237315],[88.3418529,22.5238281],[88.3420595,22.5240065],[88.3421024,22.5240696],[88.3421775,22.5241799],[88.3422024,22.5242947],[88.342226,22.5244034],[88.342268,22.5245969],[88.3422985,22.5247821],[88.3423055,22.5248244],[88.3423249,22.5249428],[88.3423331,22.5249926],[88.3423532,22.5251089],[88.3423975,22.5253643],[88.3424614,22.5257336],[88.3424947,22.5259821],[88.3424998,22.5261154],[88.3425003,22.5261299],[88.3424921,22.5262632],[88.3425057,22.5263222],[88.3425335,22.5264401],[88.3426858,22.526637],[88.3427114,22.52667],[88.3427537,22.5266984],[88.3429475,22.5268286],[88.3430282,22.5268643],[88.343205,22.5269425],[88.3434356,22.5270714],[88.3435749,22.5272517],[88.3437629,22.5274975],[88.3438556,22.5276794],[88.3439396,22.5278444],[88.3439974,22.5279632],[88.344099,22.5281719],[88.3442025,22.5283845],[88.3442312,22.5284438],[88.344344,22.5286764],[88.3443934,22.5287514],[88.344479,22.5289847]]}},
{"type":"Feature","properties":{"pipe_id":"P_1104","road_name":"Mahim Halder Street","diameter_mm":300,"depth_m":-2.2},"geometry":{"type":"LineString","coordinates":[[88.3465805,22.5220285],[88.3463511,22.5220294],[88.34593,22.5220864],[88.3457744,22.5221236],[88.345474,22.5222623],[88.345187,22.5223689],[88.3449106,22.5224176],[88.344892,22.5224209],[88.344605,22.5224432],[88.3443666,22.5224552],[88.3443099,22.5224581],[88.3439252,22.5224583],[88.3437547,22.5224531],[88.3435321,22.5224407],[88.3433128,22.5224315],[88.343111,22.5224159],[88.3430397,22.5224251],[88.3429769,22.5224333],[88.3428565,22.5224651],[88.3427516,22.5224927],[88.3424793,22.5225577],[88.342419,22.522572],[88.342191,22.522629],[88.3419496,22.5226662],[88.3418724,22.5226686],[88.3418215,22.5226768],[88.3414775,22.522691]]}},
{"type":"Feature","properties":{"pipe_id":"P_1105","road_name":"Kalighat Road","diameter_mm":300,"depth_m":-2.2},"geometry":{"type":"LineString","coordinates":[[88.3404235,22.522406],[88.3404423,22.5225968],[88.3405362,22.5225943],[88.3409948,22.5225745],[88.3414763,22.5225727]]}},
{"type":"Feature","properties":{"pipe_id":"P_1106","road_name":"Unnamed Street","diameter_mm":300,"depth_m":-2.2},"geometry":{"type":"LineString","coordinates":[[88.3404324,22.5216958],[88.3405952,22.5216801],[88.3406306,22.5216288],[88.3408017,22.5215735],[88.3408205,22.5215215]]}},
{"type":"Feature","properties":{"pipe_id":"P_1107","road_name":"Unnamed Street","diameter_mm":300,"depth_m":-2.2},"geometry":{"type":"LineString","coordinates":[[88.3408205,22.5215215],[88.3409819,22.5215066],[88.3410619,22.5214992],[88.341196,22.5214858],[88.3413753,22.521468]]}},
{"type":"Feature","properties":{"pipe_id":"P_1108","road_name":"Kalighat Road","diameter_mm":300,"depth_m":-2.2},"geometry":{"type":"LineString","coordinates":[[88.3413801,22.5168696],[88.3413745,22.516964],[88.3413756,22.5170939],[88.3413642,22.5172346],[88.3413649,22.5172579],[88.3413548,22.5173498],[88.3413562,22.5174387],[88.3413783,22.5176563],[88.3414357,22.5178058],[88.3414582,22.5178734],[88.3414648,22.5179135],[88.3414916,22.5180337],[88.3414829,22.518246],[88.3414449,22.5183864],[88.3414131,22.5185037],[88.3414065,22.5185695],[88.3413944,22.5186895],[88.3413969,22.5187272],[88.3414078,22.5188928],[88.3414104,22.5189323],[88.3414353,22.5190594],[88.3415124,22.5193511],[88.341511,22.519378],[88.3414943,22.5196962],[88.341448,22.5199036],[88.3414139,22.5201036],[88.3413805,22.5202997],[88.3413736,22.5203404],[88.3413494,22.5205485],[88.3413448,22.5207631],[88.3413441,22.5207963],[88.3413511,22.5211248],[88.3413518,22.521157],[88.3413521,22.5211729],[88.3413753,22.521468],[88.3413843,22.5215817],[88.3414087,22.5217685],[88.3414299,22.5219312],[88.3414476,22.5220665],[88.3414487,22.5220748],[88.3414544,22.5221517],[88.3414648,22.5222732],[88.3414748,22.5224234],[88.3414763,22.5225727],[88.3414775,22.522691],[88.3414777,22.5227982],[88.3414778,22.5228431],[88.3414721,22.5229932],[88.3414766,22.523063],[88.3414855,22.5232013],[88.3415012,22.5233748],[88.3415153,22.5234746],[88.3415278,22.523533],[88.3415357,22.5235902],[88.3415598,22.5236708]]}},
{"type":"Feature","properties":{"pipe_id":"P_1109","road_name":"Unnamed Street","diameter_mm":300,"depth_m":-2.2},"geometry":{"type":"LineString","coordinates":[[88.3434167,22.5229982],[88.3431004,22.522996],[88.3429095,22.523007],[88.3427549,22.5230113],[88.3424438,22.522994],[88.3422077,22.5229959],[88.3421461,22.5229964],[88.3419308,22.5229982],[88.341644,22.5230021]]}},
{"type":"Feature","properties":{"pipe_id":"P_1110","road_name":"Unnamed Street","diameter_mm":300,"depth_m":-2.2},"geometry":{"type":"LineString","coordinates":[[88.3409814,22.5217172],[88.3409819,22.5215066]]}},
{"type":"Feature","properties":{"pipe_id":"P_1111","road_name":"Unnamed Street","diameter_mm":300,"depth_m":-2.2},"geometry":{"type":"LineString","coordinates":[[88.3405415,22.5228173],[88.3410056,22.5227975],[88.3414777,22.5227982]]}},
{"type":"Feature","properties":{"pipe_id":"P_1112","road_name":"Unnamed Street","diameter_mm":300,"depth_m":-2.2},"geometry":{"type":"LineString","coordinates":[[88.3406086,22.5235507],[88.3413327,22.5234665],[88.3415153,22.5234746]]}},
{"type":"Feature","properties":{"pipe_id":"P_1113","road_name":"Unnamed Street","diameter_mm":300,"depth_m":-2.2},"geometry":{"type":"LineString","coordinates":[[88.340453,22.5231716],[88.3406086,22.5231419],[88.3406059,22.5230849],[88.3408366,22.5230601],[88.3410832,22.5230502],[88.3414766,22.523063]]}},
{"type":"Feature","properties":{"pipe_id":"P_1114","road_name":"Unnamed Street","diameter_mm":300,"depth_m":-2.2},"geometry":{"type":"LineString","coordinates":[[88.3406408,22.5222004],[88.3410378,22.5221979],[88.3413193,22.5221657],[88.3414544,22.5221517]]}},
{"type":"Feature","properties":{"pipe_id":"P_1115","road_name":"Unnamed Street","diameter_mm":300,"depth_m":-2.2},"geometry":{"type":"LineString","coordinates":[[88.3411425,22.5217192],[88.3409814,22.5217172],[88.3406467,22.5217229],[88.3406649,22.5219229],[88.341217,22.5219323],[88.341196,22.5214858]]}},
{"type":"Feature","properties":{"pipe_id":"P_1116","road_name":"Debnarayan Banerjee Road","diameter_mm":300,"depth_m":-2.2},"geometry":{"type":"LineString","coordinates":[[88.3425081,22.5208116],[88.342266,22.5209045],[88.3421131,22.5209441],[88.3419092,22.5209953],[88.3418006,22.5210183],[88.3416531,22.521048],[88.3414948,22.5210852],[88.3414144,22.5211372],[88.3413518,22.521157]]}},
{"type":"Feature","properties":{"pipe_id":"P_1117","road_name":"Unnamed Street","diameter_mm":300,"depth_m":-2.2},"geometry":{"type":"LineString","coordinates":[[88.3425932,22.5219203],[88.342246,22.521919],[88.3420809,22.5219624],[88.3420046,22.5219755],[88.3418925,22.5219948],[88.3417349,22.5220219],[88.3414476,22.5220665]]}},
{"type":"Feature","properties":{"pipe_id":"P_1118","road_name":"Unnamed Street","diameter_mm":300,"depth_m":-2.2},"geometry":{"type":"LineString","coordinates":[[88.3420046,22.5219755],[88.3419656,22.5217271],[88.3414087,22.5217685]]}},
{"type":"Feature","properties":{"pipe_id":"P_1119","road_name":"Unnamed Street","diameter_mm":300,"depth_m":-2.2},"geometry":{"type":"LineString","coordinates":[[88.341847,22.5222644],[88.3418674,22.5223864],[88.3418724,22.5226686]]}},
{"type":"Feature","properties":{"pipe_id":"P_1120","road_name":"Unnamed Street","diameter_mm":300,"depth_m":-2.2},"geometry":{"type":"LineString","coordinates":[[88.3430036,22.5221492],[88.3426968,22.5221541],[88.3424886,22.5221616],[88.342215,22.5221963],[88.3421238,22.522226],[88.341847,22.5222644],[88.3414648,22.5222732]]}},
{"type":"Feature","properties":{"pipe_id":"P_1121","road_name":"Unnamed Street","diameter_mm":300,"depth_m":-2.2},"geometry":{"type":"LineString","coordinates":[[88.3403435,22.5208289],[88.3413448,22.5207631]]}},
{"type":"Feature","properties":{"pipe_id":"P_1122","road_name":"Unnamed Street","diameter_mm":300,"depth_m":-2.2},"geometry":{"type":"LineString","coordinates":[[88.3402974,22.5205898],[88.3408982,22.520565],[88.3411538,22.5205519],[88.3413494,22.5205485]]}},
{"type":"Feature","properties":{"pipe_id":"P_1123","road_name":"Unnamed Street","diameter_mm":300,"depth_m":-2.2},"geometry":{"type":"LineString","coordinates":[[88.340313,22.5191149],[88.3403886,22.5190834],[88.3404717,22.5190958],[88.3405897,22.5191428],[88.3406809,22.5191651],[88.3407733,22.5192121],[88.3407909,22.5192494],[88.3409476,22.5192668],[88.3409921,22.5192717],[88.3410777,22.5193064],[88.3411103,22.5193562],[88.3411526,22.5193517],[88.3415124,22.5193511]]}},
{"type":"Feature","properties":{"pipe_id":"P_1124","road_name":"Unnamed Street","diameter_mm":300,"depth_m":-2.2},"geometry":{"type":"LineString","coordinates":[[88.3411566,22.5197609],[88.3411548,22.5195799],[88.3411526,22.5193517]]}},
{"type":"Feature","properties":{"pipe_id":"P_1125","road_name":"Unnamed Street","diameter_mm":300,"depth_m":-2.2},"geometry":{"type":"LineString","coordinates":[[88.3409476,22.5192668],[88.3409894,22.5196062],[88.3411548,22.5195799]]}},
{"type":"Feature","properties":{"pipe_id":"P_1126","road_name":"Unnamed Street","diameter_mm":300,"depth_m":-2.2},"geometry":{"type":"LineString","coordinates":[[88.3404172,22.5212908],[88.3406017,22.5212487],[88.3407025,22.5211821],[88.3409196,22.5211349],[88.3412521,22.5211225],[88.3413511,22.5211248]]}},
{"type":"Feature","properties":{"pipe_id":"P_1127","road_name":"Unnamed Street","diameter_mm":300,"depth_m":-2.2},"geometry":{"type":"LineString","coordinates":[[88.3403204,22.5203271],[88.3406287,22.5202953],[88.3409317,22.5202805],[88.3411516,22.5202829],[88.3413805,22.5202997]]}},
{"type":"Feature","properties":{"pipe_id":"P_1128","road_name":"Unnamed Street","diameter_mm":300,"depth_m":-2.2},"geometry":{"type":"LineString","coordinates":[[88.3406605,22.5200993],[88.3406595,22.5199729],[88.3406731,22.5197972],[88.3407143,22.5196853],[88.3408016,22.5196755],[88.3407936,22.519517],[88.3407667,22.5193634],[88.3407748,22.5192766],[88.3407909,22.5192494]]}},
{"type":"Feature","properties":{"pipe_id":"P_1129","road_name":"Unnamed Street","diameter_mm":300,"depth_m":-2.2},"geometry":{"type":"LineString","coordinates":[[88.3404005,22.520097],[88.3406605,22.5200993],[88.3411998,22.5200917],[88.3414139,22.5201036]]}},
{"type":"Feature","properties":{"pipe_id":"P_1130","road_name":"Unnamed Street","diameter_mm":300,"depth_m":-2.2},"geometry":{"type":"LineString","coordinates":[[88.3402974,22.5205898],[88.3401672,22.5199508],[88.3402008,22.5197548],[88.3402196,22.5195145],[88.3402839,22.5191899],[88.340313,22.5191149]]}},
{"type":"Feature","properties":{"pipe_id":"P_1131","road_name":"Unnamed Street","diameter_mm":300,"depth_m":-2.2},"geometry":{"type":"LineString","coordinates":[[88.3400136,22.5199772],[88.3401672,22.5199508]]}},
{"type":"Feature","properties":{"pipe_id":"P_1132","road_name":"Unnamed Street","diameter_mm":300,"depth_m":-2.2},"geometry":{"type":"LineString","coordinates":[[88.3405468,22.5195269],[88.3402196,22.5195145]]}},
{"type":"Feature","properties":{"pipe_id":"P_1133","road_name":"Unnamed Street","diameter_mm":300,"depth_m":-2.2},"geometry":{"type":"LineString","coordinates":[[88.3414139,22.5201036],[88.3417721,22.5201065],[88.3418069,22.5200319],[88.3418386,22.520013],[88.342154,22.5200237],[88.3422953,22.520041],[88.3423044,22.5200579],[88.3423017,22.5201615],[88.3423071,22.5201677],[88.3423391,22.520157],[88.342505,22.5201497],[88.3426212,22.5201619]]}},
{"type":"Feature","properties":{"pipe_id":"P_1134","road_name":"Iswar Ganguli Street","diameter_mm":300,"depth_m":-2.2},"geometry":{"type":"LineString","coordinates":[[88.341511,22.519378],[88.3418596,22.5193484],[88.3420755,22.5193361]]}},
{"type":"Feature","properties":{"pipe_id":"P_1135","road_name":"Nepal Battacharjee Street","diameter_mm":300,"depth_m":-2.2},"geometry":{"type":"LineString","coordinates":[[88.3450241,22.5173969],[88.3448811,22.5174159],[88.3446961,22.5174655],[88.3445351,22.5175224],[88.3443132,22.5176607],[88.3439871,22.5177769],[88.3437768,22.5178638],[88.3437408,22.5178908],[88.3436674,22.5179177],[88.3434904,22.5179858],[88.3433621,22.5180169],[88.3433107,22.5180317],[88.3432167,22.5180465],[88.3431109,22.5180588],[88.3429815,22.5180745],[88.3427903,22.5180724],[88.3426174,22.518049],[88.3424256,22.5180056],[88.3423518,22.5180029],[88.3422028,22.5179712],[88.3420727,22.5179459],[88.3419548,22.5179127],[88.341806,22.5179027],[88.341649,22.5178944],[88.3415405,22.5178867],[88.3414582,22.5178734]]}},
{"type":"Feature","properties":{"pipe_id":"P_1136","road_name":"Unnamed Street","diameter_mm":300,"depth_m":-2.2},"geometry":{"type":"LineString","coordinates":[[88.3423384,22.5184206],[88.3419472,22.518419],[88.3416303,22.518402],[88.3414449,22.5183864]]}},
{"type":"Feature","properties":{"pipe_id":"P_1137","road_name":"Unnamed Street","diameter_mm":300,"depth_m":-2.2},"geometry":{"type":"LineString","coordinates":[[88.3422937,22.5195872],[88.3423295,22.5194955],[88.3423495,22.519352],[88.3423939,22.5193419],[88.3424073,22.5192675],[88.3424166,22.5191687],[88.3424648,22.5189531],[88.3422985,22.5189085],[88.3421383,22.5188913],[88.3420695,22.5188969],[88.3419398,22.5188999],[88.3419338,22.5189828],[88.3418023,22.5190002],[88.3416482,22.5190099],[88.3416,22.5188488]]}},
{"type":"Feature","properties":{"pipe_id":"P_1138","road_name":"Unnamed Street","diameter_mm":300,"depth_m":-2.2},"geometry":{"type":"LineString","coordinates":[[88.3417215,22.518734],[88.3417215,22.5188431],[88.3416,22.5188488],[88.3414078,22.5188928]]}},
{"type":"Feature","properties":{"pipe_id":"P_1139","road_name":"Iswar Ganguli Street","diameter_mm":300,"depth_m":-2.2},"geometry":{"type":"LineString","coordinates":[[88.3419338,22.5189828],[88.3419532,22.5191108],[88.3420809,22.5191131],[88.3420755,22.5193361],[88.3420849,22.5194698],[88.3421198,22.5195119],[88.3421358,22.5195381],[88.3422002,22.5195519],[88.3422359,22.5195669],[88.3422937,22.5195872],[88.3423994,22.5196244],[88.3425342,22.519626],[88.3426888,22.5196139],[88.3426938,22.5196135],[88.3427461,22.5195789],[88.3428399,22.51958],[88.3429607,22.5195814],[88.3429526,22.5196731],[88.3429646,22.5196935],[88.3430988,22.5197423],[88.3431976,22.5197759]]}},
{"type":"Feature","properties":{"pipe_id":"P_1140","road_name":"Unnamed Street","diameter_mm":300,"depth_m":-2.2},"geometry":{"type":"LineString","coordinates":[[88.3419398,22.5188999],[88.3419443,22.5188339],[88.341951,22.5187534],[88.341955,22.5186828],[88.3419472,22.518419]]}},
{"type":"Feature","properties":{"pipe_id":"P_1141","road_name":"Unnamed Street","diameter_mm":300,"depth_m":-2.2},"geometry":{"type":"LineString","coordinates":[[88.3427407,22.5175348],[88.3427391,22.517361],[88.3425449,22.5173652],[88.3425031,22.5173855],[88.342345,22.5174583],[88.3421319,22.5174432],[88.3419093,22.5174283],[88.3416924,22.5174308]]}},
{"type":"Feature","properties":{"pipe_id":"P_1142","road_name":"Unnamed Street","diameter_mm":300,"depth_m":-2.2},"geometry":{"type":"LineString","coordinates":[[88.3416924,22.5174308],[88.341641,22.5174357],[88.3413562,22.5174387]]}},
{"type":"Feature","properties":{"pipe_id":"P_1143","road_name":"Unnamed Street","diameter_mm":300,"depth_m":-2.2},"geometry":{"type":"LineString","coordinates":[[88.3413649,22.5172579],[88.3417137,22.517265],[88.3416924,22.5174308],[88.3416635,22.5175335],[88.341649,22.5178944]]}},
{"type":"Feature","properties":{"pipe_id":"P_1144","road_name":"Unnamed Street","diameter_mm":300,"depth_m":-2.2},"geometry":{"type":"LineString","coordinates":[[88.3400371,22.5169816],[88.3398838,22.5169843]]}},
{"type":"Feature","properties":{"pipe_id":"P_1145","road_name":"Rash Behari Avenue","diameter_mm":900,"depth_m":-3.5},"geometry":{"type":"LineString","coordinates":[[88.3412445,22.5168756],[88.3413801,22.5168696],[88.3416275,22.5168548],[88.342094,22.5168692],[88.3422351,22.5168736],[88.3426724,22.5168833],[88.3427879,22.5168858],[88.3429233,22.5168888],[88.3430721,22.5168931],[88.3431873,22.5169063],[88.3432771,22.5169074],[88.3436753,22.5169264],[88.3439248,22.5169316],[88.3447509,22.5169767],[88.3450089,22.5169962],[88.3457099,22.5170587]]}},
{"type":"Feature","properties":{"pipe_id":"P_1146","road_name":"Unnamed Street","diameter_mm":300,"depth_m":-2.2},"geometry":{"type":"LineString","coordinates":[[88.3414065,22.5185695],[88.3411153,22.5185061],[88.34089,22.5184664],[88.3407183,22.5184664],[88.3405601,22.5184788],[88.3404903,22.5184813],[88.340503,22.518709],[88.3405118,22.5188678]]}},
{"type":"Feature","properties":{"pipe_id":"P_1147","road_name":"Unnamed Street","diameter_mm":300,"depth_m":-2.2},"geometry":{"type":"LineString","coordinates":[[88.3411688,22.5180421],[88.3411153,22.5185061]]}},
{"type":"Feature","properties":{"pipe_id":"P_1148","road_name":"Unnamed Street","diameter_mm":300,"depth_m":-2.2},"geometry":{"type":"LineString","coordinates":[[88.340374,22.5188989],[88.3404462,22.5188864],[88.3405118,22.5188678],[88.3407827,22.5188703],[88.3407908,22.5189174],[88.3409946,22.5189199],[88.3410818,22.5189124],[88.3414078,22.5188928]]}},
{"type":"Feature","properties":{"pipe_id":"P_1149","road_name":"Unnamed Street","diameter_mm":300,"depth_m":-2.2},"geometry":{"type":"LineString","coordinates":[[88.3403297,22.5174953],[88.3405467,22.5175348],[88.3405631,22.5175417],[88.3406442,22.5175756],[88.3406747,22.5175883],[88.3408122,22.5176983],[88.3410026,22.5177677],[88.3410477,22.5177813],[88.3411468,22.5178113],[88.3413245,22.5178197],[88.3414357,22.5178058]]}},
{"type":"Feature","properties":{"pipe_id":"P_1150","road_name":"Unnamed Street","diameter_mm":300,"depth_m":-2.2},"geometry":{"type":"LineString","coordinates":[[88.34089,22.5184664],[88.3409168,22.518184],[88.3409624,22.518018],[88.3409737,22.5179868],[88.3410477,22.5177813]]}},
{"type":"Feature","properties":{"pipe_id":"P_1151","road_name":"Unnamed Street","diameter_mm":300,"depth_m":-2.2},"geometry":{"type":"LineString","coordinates":[[88.3403211,22.5178745],[88.3405225,22.5179139],[88.3406119,22.5179253]]}},
{"type":"Feature","properties":{"pipe_id":"P_1152","road_name":"Unnamed Street","diameter_mm":300,"depth_m":-2.2},"geometry":{"type":"LineString","coordinates":[[88.3406442,22.5175756],[88.3406325,22.517624],[88.3406191,22.5177553],[88.3406119,22.5179253],[88.3406084,22.5180081],[88.3408685,22.5179758],[88.3409737,22.5179868]]}},
{"type":"Feature","properties":{"pipe_id":"P_1153","road_name":"Unnamed Street","diameter_mm":900,"depth_m":-3.5},"geometry":{"type":"LineString","coordinates":[[88.3390638,22.5170829],[88.3395373,22.5169896],[88.3398259,22.516952]]}},
{"type":"Feature","properties":{"pipe_id":"P_1154","road_name":"Unnamed Street","diameter_mm":300,"depth_m":-2.2},"geometry":{"type":"LineString","coordinates":[[88.3406499,22.5170148],[88.3406513,22.5170963],[88.3406593,22.5172647],[88.3406191,22.5173861],[88.3405631,22.5175417]]}},
{"type":"Feature","properties":{"pipe_id":"P_1155","road_name":"Unnamed Street","diameter_mm":300,"depth_m":-2.2},"geometry":{"type":"LineString","coordinates":[[88.3408764,22.5172286],[88.3413642,22.5172346]]}},
{"type":"Feature","properties":{"pipe_id":"P_1156","road_name":"Unnamed Street","diameter_mm":300,"depth_m":-2.2},"geometry":{"type":"LineString","coordinates":[[88.3410818,22.5189124],[88.341088,22.5190203],[88.3410927,22.5192644],[88.3410777,22.5193064]]}},
{"type":"Feature","properties":{"pipe_id":"P_1157","road_name":"Unnamed Street","diameter_mm":300,"depth_m":-2.2},"geometry":{"type":"LineString","coordinates":[[88.3406499,22.5170148],[88.3406144,22.5169659],[88.3400371,22.5169816]]}},
{"type":"Feature","properties":{"pipe_id":"P_1158","road_name":"Unnamed Street","diameter_mm":300,"depth_m":-2.2},"geometry":{"type":"LineString","coordinates":[[88.3413745,22.516964],[88.3406499,22.5170148],[88.3404304,22.517031]]}},
{"type":"Feature","properties":{"pipe_id":"P_1159","road_name":"Gopalnagar Road","diameter_mm":900,"depth_m":-3.5},"geometry":{"type":"LineString","coordinates":[[88.3375319,22.5233648],[88.3375258,22.5231098],[88.3375239,22.5230278],[88.3375309,22.5228223],[88.3375346,22.5227132],[88.3375369,22.5225523],[88.3375422,22.5221733],[88.3375427,22.5221408],[88.3375463,22.5220245],[88.33755,22.5219033],[88.3375527,22.5218154],[88.337572,22.5217005],[88.3375858,22.5216182],[88.337607,22.5214917],[88.3376546,22.5213599],[88.3376841,22.521278],[88.3377009,22.5212315],[88.3377486,22.5211185],[88.3377561,22.5211007],[88.3378002,22.5209962],[88.3379315,22.520731],[88.3379718,22.5205997],[88.3379959,22.5204461],[88.3380043,22.5203673],[88.3380093,22.5203197],[88.3380278,22.5202889],[88.3380764,22.5202082],[88.3382319,22.5200076],[88.3382868,22.5199412],[88.3383714,22.5198391],[88.3384975,22.5196681],[88.338522,22.5196124],[88.3385618,22.5195219]]}},
{"type":"Feature","properties":{"pipe_id":"P_1160","road_name":"Unnamed Street","diameter_mm":300,"depth_m":-2.2},"geometry":{"type":"LineString","coordinates":[[88.339424,22.5192978],[88.3398144,22.5192866],[88.3398117,22.5189521],[88.3398493,22.5188084]]}},
{"type":"Feature","properties":{"pipe_id":"P_1161","road_name":"Unnamed Street","diameter_mm":300,"depth_m":-2.2},"geometry":{"type":"LineString","coordinates":[[88.3393853,22.5206418],[88.3392448,22.5206614],[88.3391895,22.5206691],[88.3389519,22.5207085]]}},
{"type":"Feature","properties":{"pipe_id":"P_1162","road_name":"Unnamed Street","diameter_mm":300,"depth_m":-2.2},"geometry":{"type":"LineString","coordinates":[[88.3387141,22.519948],[88.3389159,22.5198762],[88.3390554,22.5198564],[88.3393477,22.5198614],[88.3396575,22.5198287],[88.3397417,22.5200093]]}},
{"type":"Feature","properties":{"pipe_id":"P_1163","road_name":"Unnamed Street","diameter_mm":300,"depth_m":-2.2},"geometry":{"type":"LineString","coordinates":[[88.3385834,22.5171475],[88.3386208,22.5172325],[88.3386359,22.5174433],[88.3386068,22.5174843],[88.3386343,22.5176711]]}},
{"type":"Feature","properties":{"pipe_id":"P_1164","road_name":"Unnamed Street","diameter_mm":300,"depth_m":-2.2},"geometry":{"type":"LineString","coordinates":[[88.3396924,22.520395],[88.339632,22.52002],[88.3397417,22.5200093]]}},
{"type":"Feature","properties":{"pipe_id":"P_1165","road_name":"Unnamed Street","diameter_mm":300,"depth_m":-2.2},"geometry":{"type":"LineString","coordinates":[[88.3386359,22.5174433],[88.3390912,22.5174642]]}},
{"type":"Feature","properties":{"pipe_id":"P_1166","road_name":"Chetla Central Road","diameter_mm":900,"depth_m":-3.5},"geometry":{"type":"LineString","coordinates":[[88.333163,22.5181763],[88.3338629,22.5180879],[88.3342696,22.5180115],[88.3347212,22.5179288],[88.3347638,22.5179245],[88.3353131,22.51781],[88.3353298,22.5178061],[88.3356201,22.5177375],[88.3358704,22.5176918],[88.336844,22.5175127],[88.3369256,22.5174867],[88.3369772,22.5174814],[88.3376861,22.5173401]]}},
{"type":"Feature","properties":{"pipe_id":"P_1167","road_name":"Unnamed Street","diameter_mm":300,"depth_m":-2.2},"geometry":{"type":"LineString","coordinates":[[88.3394523,22.5196235],[88.3392994,22.5196458],[88.3389937,22.5196384],[88.3388247,22.5196656],[88.3386247,22.5197137]]}},
{"type":"Feature","properties":{"pipe_id":"P_1168","road_name":"Unnamed Street","diameter_mm":300,"depth_m":-2.2},"geometry":{"type":"LineString","coordinates":[[88.3393664,22.5190442],[88.3394201,22.5192568],[88.339424,22.5192978],[88.3394362,22.5194278],[88.3394425,22.5195035],[88.3394523,22.5196235]]}},
{"type":"Feature","properties":{"pipe_id":"P_1169","road_name":"Unnamed Street","diameter_mm":300,"depth_m":-2.2},"geometry":{"type":"LineString","coordinates":[[88.3391144,22.5193163],[88.33916,22.5192271],[88.3391466,22.5190908]]}},
{"type":"Feature","properties":{"pipe_id":"P_1170","road_name":"Unnamed Street","diameter_mm":300,"depth_m":-2.2},"geometry":{"type":"LineString","coordinates":[[88.3396671,22.5195448],[88.3395218,22.5195181],[88.3394425,22.5195035]]}},
{"type":"Feature","properties":{"pipe_id":"P_1171","road_name":"Unnamed Street","diameter_mm":300,"depth_m":-2.2},"geometry":{"type":"LineString","coordinates":[[88.3382447,22.5177151],[88.3382507,22.5177801],[88.3382822,22.518038]]}},
{"type":"Feature","properties":{"pipe_id":"P_1172","road_name":"Unnamed Street","diameter_mm":300,"depth_m":-2.2},"geometry":{"type":"LineString","coordinates":[[88.3391707,22.5203297],[88.3392448,22.5206614]]}},
{"type":"Feature","properties":{"pipe_id":"P_1173","road_name":"Unnamed Street","diameter_mm":300,"depth_m":-2.2},"geometry":{"type":"LineString","coordinates":[[88.339483,22.5189486],[88.3398117,22.5189521]]}},
{"type":"Feature","properties":{"pipe_id":"P_1174","road_name":"Unnamed Street","diameter_mm":300,"depth_m":-2.2},"geometry":{"type":"LineString","coordinates":[[88.3397152,22.5184417],[88.3395945,22.5184194],[88.3395006,22.518402],[88.3392941,22.5184144],[88.3390607,22.5184094],[88.3389157,22.518399]]}},
{"type":"Feature","properties":{"pipe_id":"P_1175","road_name":"Unnamed Street","diameter_mm":300,"depth_m":-2.2},"geometry":{"type":"LineString","coordinates":[[88.3387933,22.5188002],[88.3387787,22.5187252]]}},
{"type":"Feature","properties":{"pipe_id":"P_1176","road_name":"Unnamed Street","diameter_mm":300,"depth_m":-2.2},"geometry":{"type":"LineString","coordinates":[[88.3379945,22.518064],[88.3382695,22.5180378],[88.3382822,22.518038],[88.3386289,22.5180427],[88.3387818,22.5180403],[88.3389347,22.5180403],[88.3390607,22.5180353],[88.3390822,22.5181022],[88.3392584,22.5180935],[88.3394818,22.5180824],[88.3397801,22.5181068]]}},
{"type":"Feature","properties":{"pipe_id":"P_1177","road_name":"Chetla Road","diameter_mm":900,"depth_m":-3.5},"geometry":{"type":"LineString","coordinates":[[88.3385618,22.5195219],[88.3387201,22.519289],[88.3387925,22.5191899],[88.338873,22.5191478],[88.3389937,22.5191007],[88.3391466,22.5190908],[88.3393477,22.5190536],[88.3393664,22.5190442],[88.3394309,22.5190115],[88.339483,22.5189486],[88.3395274,22.5188951],[88.3395832,22.5187513],[88.3395918,22.5187291],[88.3397152,22.5184417],[88.3397628,22.5182697],[88.3397801,22.5181068],[88.3397869,22.5180418],[88.3397986,22.5179035],[88.3398198,22.5176537],[88.3398287,22.5175499],[88.3398573,22.5173292],[88.3398838,22.5169843],[88.3398895,22.5167717],[88.3398956,22.5163117],[88.3398967,22.5162277],[88.3399459,22.5157657],[88.3399504,22.5156511],[88.3399578,22.5154655],[88.339962,22.5153593],[88.3399595,22.5152991],[88.3399493,22.5150467],[88.3399473,22.5149986],[88.3399401,22.5149241],[88.3399195,22.514557],[88.3399061,22.5144438],[88.3398883,22.5142824],[88.3398928,22.5141435],[88.3398903,22.5140134],[88.3398816,22.5137513],[88.3398836,22.5134905],[88.3398842,22.5134168],[88.3398822,22.5133011],[88.3398794,22.5130317],[88.3398765,22.5129107],[88.3398735,22.5127849],[88.3398682,22.5119905],[88.3398699,22.5117669],[88.3398682,22.511717],[88.3398521,22.5116674],[88.3397955,22.51157],[88.3395089,22.5112627],[88.3394388,22.5111788],[88.3394149,22.5110628],[88.3394412,22.510862],[88.3394658,22.5106738],[88.3394819,22.5104929],[88.3394605,22.510431],[88.3394175,22.5104012],[88.3392257,22.510348],[88.3390783,22.5103542],[88.3389066,22.5103963],[88.3388463,22.5103938],[88.3387921,22.510382],[88.338675,22.5102988],[88.3385949,22.5102288],[88.3385532,22.5101342],[88.3385503,22.5100355]]}},
{"type":"Feature","properties":{"pipe_id":"P_1178","road_name":"Unnamed Street","diameter_mm":300,"depth_m":-2.2},"geometry":{"type":"LineString","coordinates":[[88.3397986,22.5179035],[88.3395563,22.5178881],[88.3394845,22.5178544],[88.3393792,22.517846],[88.339304,22.5177861],[88.3392736,22.5177769],[88.3392431,22.5177677],[88.3391251,22.5177182],[88.3390876,22.5176835],[88.3389695,22.5176562],[88.3388783,22.5176562],[88.3386343,22.5176711],[88.3383392,22.5177058],[88.3382447,22.5177151],[88.3379496,22.517744]]}},
{"type":"Feature","properties":{"pipe_id":"P_1179","road_name":"Unnamed Street","diameter_mm":300,"depth_m":-2.2},"geometry":{"type":"LineString","coordinates":[[88.3372353,22.5194567],[88.3371546,22.5194648],[88.3370623,22.5194634],[88.3369847,22.5194253],[88.336872,22.5193475],[88.3367299,22.5191691],[88.3366634,22.5190857],[88.336644,22.5190403],[88.3365958,22.5189164],[88.336566,22.5186623],[88.3362967,22.5186579],[88.336184,22.5186474],[88.336135,22.5186443],[88.3361319,22.5185829],[88.3361265,22.5183153]]}},
{"type":"Feature","properties":{"pipe_id":"P_1180","road_name":"Pitambar Ghatak Lane","diameter_mm":300,"depth_m":-2.2},"geometry":{"type":"LineString","coordinates":[[88.3347638,22.5179245],[88.3348256,22.5182705],[88.3348431,22.5183686],[88.3348391,22.5184232],[88.33485,22.5185889],[88.3348525,22.5186275],[88.3348679,22.5188811],[88.3348717,22.5189433],[88.3348739,22.5189793],[88.3348691,22.5191016],[88.3348674,22.5191438],[88.3348605,22.5193188],[88.3348458,22.5196173],[88.3348331,22.5198747]]}},
{"type":"Feature","properties":{"pipe_id":"P_1181","road_name":"Unnamed Street","diameter_mm":300,"depth_m":-2.2},"geometry":{"type":"LineString","coordinates":[[88.336566,22.5186623],[88.3366709,22.518657],[88.3371316,22.5186282]]}},
{"type":"Feature","properties":{"pipe_id":"P_1182","road_name":"Unnamed Street","diameter_mm":300,"depth_m":-2.2},"geometry":{"type":"LineString","coordinates":[[88.3371795,22.5187755],[88.337152,22.5186792],[88.3371316,22.5186282],[88.3370937,22.5185477],[88.3370517,22.518236],[88.3370732,22.5181988],[88.3371242,22.5181914],[88.3372905,22.5181617],[88.3373476,22.5181224],[88.3373678,22.518073],[88.3373707,22.5180261]]}},
{"type":"Feature","properties":{"pipe_id":"P_1183","road_name":"Unnamed Street","diameter_mm":300,"depth_m":-2.2},"geometry":{"type":"LineString","coordinates":[[88.3370623,22.5194634],[88.3370669,22.5195263],[88.3370693,22.5196392],[88.3370775,22.5197879],[88.337116,22.5198937],[88.3371937,22.5199858],[88.3372019,22.5200066],[88.337167,22.5202068]]}},
{"type":"Feature","properties":{"pipe_id":"P_1184","road_name":"Chetla Hat Road","diameter_mm":300,"depth_m":-2.2},"geometry":{"type":"LineString","coordinates":[[88.3335471,22.5198551],[88.3336803,22.519844],[88.3339378,22.519849],[88.3340106,22.5198558],[88.3341229,22.5198663],[88.3341802,22.5198656],[88.334345,22.5198636],[88.3345252,22.5198614],[88.3347447,22.5198635],[88.3347774,22.5198638],[88.3348331,22.5198747],[88.3350728,22.5199214],[88.3351716,22.5199407],[88.3353701,22.5199828],[88.335665,22.5200125],[88.3357398,22.5200151],[88.3358289,22.5200181]]}},
{"type":"Feature","properties":{"pipe_id":"P_1185","road_name":"Unnamed Street","diameter_mm":300,"depth_m":-2.2},"geometry":{"type":"LineString","coordinates":[[88.3380681,22.5185055],[88.3378526,22.5185413],[88.3375378,22.5185664],[88.3374795,22.5185688]]}},
{"type":"Feature","properties":{"pipe_id":"P_1186","road_name":"Unnamed Street","diameter_mm":300,"depth_m":-2.2},"geometry":{"type":"LineString","coordinates":[[88.3370779,22.518795],[88.3371795,22.5187755],[88.3374648,22.518739],[88.3375333,22.5187357],[88.3377089,22.5187266],[88.337902,22.518682],[88.3381289,22.5186404]]}},
{"type":"Feature","properties":{"pipe_id":"P_1187","road_name":"Unnamed Street","diameter_mm":300,"depth_m":-2.2},"geometry":{"type":"LineString","coordinates":[[88.3369125,22.5180255],[88.3368763,22.5180156],[88.336867,22.5179875],[88.336844,22.5175127]]}},
{"type":"Feature","properties":{"pipe_id":"P_1188","road_name":"New Road","diameter_mm":900,"depth_m":-3.5},"geometry":{"type":"LineString","coordinates":[[88.3273511,22.5222271],[88.3275873,22.5234219],[88.3275516,22.5234986],[88.3275204,22.5235657],[88.3274559,22.5237043],[88.3274731,22.5238142],[88.3274798,22.5238573],[88.327588,22.5245516],[88.327691,22.5252067],[88.3278214,22.5260455],[88.3279294,22.5267404]]}},
{"type":"Feature","properties":{"pipe_id":"P_1189","road_name":"New Road","diameter_mm":300,"depth_m":-2.2},"geometry":{"type":"LineString","coordinates":[[88.3275204,22.5235657],[88.3271574,22.5236034],[88.3267192,22.5237138],[88.3267748,22.523985]]}},
{"type":"Feature","properties":{"pipe_id":"P_1190","road_name":"Unnamed Street","diameter_mm":300,"depth_m":-2.2},"geometry":{"type":"LineString","coordinates":[[88.3277135,22.5211603],[88.3284322,22.5210142],[88.3284494,22.5209777],[88.3283942,22.5207209]]}},
{"type":"Feature","properties":{"pipe_id":"P_1191","road_name":"Ronald Shay Road","diameter_mm":300,"depth_m":-2.2},"geometry":{"type":"LineString","coordinates":[[88.3319221,22.5209696],[88.3313238,22.5210024],[88.3312555,22.5210061],[88.3302218,22.5210781]]}},
{"type":"Feature","properties":{"pipe_id":"P_1192","road_name":"Asoka Road","diameter_mm":300,"depth_m":-2.2},"geometry":{"type":"LineString","coordinates":[[88.3330547,22.5195956],[88.3325257,22.5196333],[88.3323606,22.5196477],[88.3319938,22.5196832],[88.3314729,22.5197149],[88.3312187,22.5197303],[88.3308064,22.5197529],[88.3305857,22.519765],[88.3301065,22.5197644]]}},
{"type":"Feature","properties":{"pipe_id":"P_1193","road_name":"Chetla Central Road","diameter_mm":900,"depth_m":-3.5},"geometry":{"type":"LineString","coordinates":[[88.3299591,22.5181],[88.3309247,22.5183467],[88.3310695,22.518377],[88.3312453,22.5183975],[88.3314227,22.5184259],[88.3314726,22.5184238],[88.3316749,22.5183984],[88.3319495,22.5183596],[88.3322196,22.5183155],[88.333163,22.5181763]]}},
{"type":"Feature","properties":{"pipe_id":"P_1194","road_name":"Penn Road","diameter_mm":300,"depth_m":-2.2},"geometry":{"type":"LineString","coordinates":[[88.3332352,22.5253964],[88.3327336,22.5255104],[88.3323608,22.525607],[88.3317331,22.5257482],[88.3312021,22.5258894],[88.3310264,22.5259252]]}},
{"type":"Feature","properties":{"pipe_id":"P_1195","road_name":"Penn Road","diameter_mm":300,"depth_m":-2.2},"geometry":{"type":"LineString","coordinates":[[88.333537,22.5269343],[88.3335168,22.5268235],[88.333311,22.5257058],[88.3332352,22.5253964]]}},
{"type":"Feature","properties":{"pipe_id":"P_1196","road_name":"Unnamed Street","diameter_mm":300,"depth_m":-2.2},"geometry":{"type":"LineString","coordinates":[[88.3358154,22.5250694],[88.3357192,22.525659],[88.3356099,22.5265221],[88.3356034,22.5265733]]}},
{"type":"Feature","properties":{"pipe_id":"P_1197","road_name":"Unnamed Street","diameter_mm":300,"depth_m":-2.2},"geometry":{"type":"LineString","coordinates":[[88.3368758,22.5257332],[88.3357192,22.525659]]}},
{"type":"Feature","properties":{"pipe_id":"P_1198","road_name":"Unnamed Street","diameter_mm":300,"depth_m":-2.2},"geometry":{"type":"LineString","coordinates":[[88.3327202,22.5258671],[88.333311,22.5257058]]}},
{"type":"Feature","properties":{"pipe_id":"P_1199","road_name":"Hastings Park Road","diameter_mm":300,"depth_m":-2.2},"geometry":{"type":"LineString","coordinates":[[88.3344821,22.5242771],[88.3344858,22.5243183],[88.3345788,22.5250025],[88.3347049,22.5257556],[88.3348656,22.5266584]]}},
{"type":"Feature","properties":{"pipe_id":"P_1200","road_name":"Unnamed Street","diameter_mm":300,"depth_m":-2.2},"geometry":{"type":"LineString","coordinates":[[88.3369358,22.5250756],[88.3358754,22.5250307],[88.335833,22.5250409],[88.3358154,22.5250694]]}},
{"type":"Feature","properties":{"pipe_id":"P_1201","road_name":"Unnamed Street","diameter_mm":300,"depth_m":-2.2},"geometry":{"type":"LineString","coordinates":[[88.3319021,22.5260852],[88.3310986,22.526228]]}},
{"type":"Feature","properties":{"pipe_id":"P_1202","road_name":"Unnamed Street","diameter_mm":300,"depth_m":-2.2},"geometry":{"type":"LineString","coordinates":[[88.3375576,22.5289062],[88.33726,22.5288498],[88.3374005,22.528305],[88.3373522,22.5282728],[88.3366288,22.5281026],[88.3365302,22.5280794]]}},
{"type":"Feature","properties":{"pipe_id":"P_1203","road_name":"Unnamed Street","diameter_mm":300,"depth_m":-2.2},"geometry":{"type":"LineString","coordinates":[[88.3396214,22.5274998],[88.3395624,22.5274156],[88.3395651,22.5271778]]}},
{"type":"Feature","properties":{"pipe_id":"P_1204","road_name":"Unnamed Street","diameter_mm":300,"depth_m":-2.2},"geometry":{"type":"LineString","coordinates":[[88.3370458,22.5263339],[88.3371229,22.5261222],[88.3374825,22.5262042],[88.3380925,22.5263552],[88.3380255,22.5265534],[88.3377049,22.5264816],[88.3370458,22.5263339],[88.3369475,22.5263119],[88.3368493,22.5262899]]}},
{"type":"Feature","properties":{"pipe_id":"P_1205","road_name":"Unnamed Street","diameter_mm":300,"depth_m":-2.2},"geometry":{"type":"LineString","coordinates":[[88.3377049,22.5264816],[88.3375185,22.5270649],[88.3374855,22.5271679],[88.3372811,22.5274237],[88.3370277,22.5274429],[88.3367451,22.5274456]]}},
{"type":"Feature","properties":{"pipe_id":"P_1206","road_name":"Unnamed Street","diameter_mm":300,"depth_m":-2.2},"geometry":{"type":"LineString","coordinates":[[88.3373816,22.5296839],[88.3375576,22.5289062]]}},
{"type":"Feature","properties":{"pipe_id":"P_1207","road_name":"Unnamed Street","diameter_mm":300,"depth_m":-2.2},"geometry":{"type":"LineString","coordinates":[[88.3410349,22.527148],[88.3395651,22.5271778],[88.3391037,22.5271852],[88.3391064,22.5271208],[88.339211,22.5266451],[88.3392903,22.526176],[88.3393049,22.5260529],[88.33925,22.5259579],[88.3391922,22.5258969],[88.3391305,22.5258547],[88.3388623,22.5257953],[88.3385124,22.5257424],[88.3385002,22.5256887],[88.3385271,22.5250743],[88.3385485,22.5246308],[88.3385614,22.5244552],[88.3385887,22.5240833],[88.3385903,22.5240445],[88.3385954,22.5239178]]}},
{"type":"Feature","properties":{"pipe_id":"P_1208","road_name":"Unnamed Street","diameter_mm":300,"depth_m":-2.2},"geometry":{"type":"LineString","coordinates":[[88.3423975,22.5253643],[88.3420139,22.5254187],[88.3416894,22.525441],[88.341497,22.5254512]]}},
{"type":"Feature","properties":{"pipe_id":"P_1209","road_name":"Unnamed Street","diameter_mm":300,"depth_m":-2.2},"geometry":{"type":"LineString","coordinates":[[88.3414695,22.5237908],[88.341148,22.5238191],[88.3409162,22.5238436],[88.3407425,22.5238999],[88.3407204,22.5239724],[88.3407265,22.5240536],[88.3407989,22.5240932],[88.340992,22.5241105],[88.341257,22.5241157],[88.3414273,22.5241061]]}},
{"type":"Feature","properties":{"pipe_id":"P_1210","road_name":"Unnamed Street","diameter_mm":300,"depth_m":-2.2},"geometry":{"type":"LineString","coordinates":[[88.3416291,22.5272304],[88.3418852,22.5272174],[88.3418899,22.5270743],[88.3418932,22.5269152]]}},
{"type":"Feature","properties":{"pipe_id":"P_1211","road_name":"Unnamed Street","diameter_mm":300,"depth_m":-2.2},"geometry":{"type":"LineString","coordinates":[[88.3413829,22.5260709],[88.3415634,22.5260541]]}},
{"type":"Feature","properties":{"pipe_id":"P_1212","road_name":"Unnamed Street","diameter_mm":300,"depth_m":-2.2},"geometry":{"type":"LineString","coordinates":[[88.3415231,22.5257261],[88.3419188,22.5257029],[88.3419326,22.5259499]]}},
{"type":"Feature","properties":{"pipe_id":"P_1213","road_name":"Unnamed Street","diameter_mm":300,"depth_m":-2.2},"geometry":{"type":"LineString","coordinates":[[88.3409544,22.5246407],[88.3412327,22.5245992],[88.3414358,22.5245695]]}},
{"type":"Feature","properties":{"pipe_id":"P_1214","road_name":"Unnamed Street","diameter_mm":300,"depth_m":-2.2},"geometry":{"type":"LineString","coordinates":[[88.3418503,22.5250149],[88.3420669,22.5250031],[88.3422178,22.5249579],[88.3423249,22.5249428]]}},
{"type":"Feature","properties":{"pipe_id":"P_1215","road_name":"Unnamed Street","diameter_mm":300,"depth_m":-2.2},"geometry":{"type":"LineString","coordinates":[[88.3421024,22.5240696],[88.3419174,22.5241675],[88.341963,22.5243385],[88.3422024,22.5242947]]}},
{"type":"Feature","properties":{"pipe_id":"P_1216","road_name":"Unnamed Street","diameter_mm":300,"depth_m":-2.2},"geometry":{"type":"LineString","coordinates":[[88.3416483,22.5280355],[88.3420133,22.5280446],[88.34215,22.528048]]}},
{"type":"Feature","properties":{"pipe_id":"P_1217","road_name":"Unnamed Street","diameter_mm":300,"depth_m":-2.2},"geometry":{"type":"LineString","coordinates":[[88.3424998,22.5261154],[88.3423324,22.526123],[88.342252,22.52612],[88.3421158,22.5261149],[88.3419013,22.5261149],[88.3415795,22.5261669]]}},
{"type":"Feature","properties":{"pipe_id":"P_1218","road_name":"Unnamed Street","diameter_mm":300,"depth_m":-2.2},"geometry":{"type":"LineString","coordinates":[[88.3411797,22.5256665],[88.3412756,22.5256473],[88.3415133,22.5256228]]}},
{"type":"Feature","properties":{"pipe_id":"P_1219","road_name":"Unnamed Street","diameter_mm":300,"depth_m":-2.2},"geometry":{"type":"LineString","coordinates":[[88.3400694,22.524554],[88.3400748,22.5239817],[88.3400096,22.52396],[88.3397556,22.5239569],[88.3396269,22.5239371],[88.3395641,22.5238839]]}},
{"type":"Feature","properties":{"pipe_id":"P_1220","road_name":"Unnamed Street","diameter_mm":300,"depth_m":-2.2},"geometry":{"type":"LineString","coordinates":[[88.3411725,22.5243459],[88.3412441,22.5241378],[88.341257,22.5241157]]}},
{"type":"Feature","properties":{"pipe_id":"P_1221","road_name":"Unnamed Street","diameter_mm":300,"depth_m":-2.2},"geometry":{"type":"LineString","coordinates":[[88.3416194,22.5266482],[88.3418443,22.5266259],[88.3419737,22.5266005],[88.3421339,22.526564],[88.3422803,22.5265397]]}},
{"type":"Feature","properties":{"pipe_id":"P_1222","road_name":"Unnamed Street","diameter_mm":300,"depth_m":-2.2},"geometry":{"type":"LineString","coordinates":[[88.3415548,22.5259935],[88.3418288,22.5259588],[88.3419326,22.5259499],[88.3419737,22.5259464],[88.3420863,22.525934],[88.3422231,22.525934],[88.342252,22.52612],[88.3422634,22.5262908],[88.3422656,22.5263276],[88.3422768,22.5265163],[88.3422803,22.5265397]]}},
{"type":"Feature","properties":{"pipe_id":"P_1223","road_name":"Unnamed Street","diameter_mm":300,"depth_m":-2.2},"geometry":{"type":"LineString","coordinates":[[88.3419603,22.5283868],[88.3419703,22.5282859],[88.3420079,22.5282314],[88.3421602,22.528239]]}},
{"type":"Feature","properties":{"pipe_id":"P_1224","road_name":"Unnamed Street","diameter_mm":300,"depth_m":-2.2},"geometry":{"type":"LineString","coordinates":[[88.3414344,22.5244952],[88.3418181,22.5244698],[88.342032,22.5244308],[88.342226,22.5244034]]}},
{"type":"Feature","properties":{"pipe_id":"P_1225","road_name":"Unnamed Street","diameter_mm":300,"depth_m":-2.2},"geometry":{"type":"LineString","coordinates":[[88.3423532,22.5251089],[88.3420997,22.5251635],[88.3420354,22.5251734],[88.3418879,22.5251759],[88.341737,22.5252038],[88.3415546,22.525236],[88.3414778,22.525246],[88.3412683,22.5252775],[88.3412354,22.5251691],[88.3411744,22.525166],[88.3410135,22.5252155]]}},
{"type":"Feature","properties":{"pipe_id":"P_1226","road_name":"Unnamed Street","diameter_mm":300,"depth_m":-2.2},"geometry":{"type":"LineString","coordinates":[[88.3383152,22.5203272],[88.3381141,22.5203669],[88.3380043,22.5203673]]}},
{"type":"Feature","properties":{"pipe_id":"P_1227","road_name":"Unnamed Street","diameter_mm":300,"depth_m":-2.2},"geometry":{"type":"LineString","coordinates":[[88.3381838,22.5216874],[88.3381945,22.5216131],[88.3382087,22.5214925],[88.3382214,22.5213852],[88.3382419,22.5212513],[88.3382565,22.5211559],[88.3382616,22.5211225],[88.3382906,22.5208157],[88.3380819,22.5207757],[88.3379315,22.520731]]}},
{"type":"Feature","properties":{"pipe_id":"P_1228","road_name":"Unnamed Street","diameter_mm":300,"depth_m":-2.2},"geometry":{"type":"LineString","coordinates":[[88.3395248,22.5217389],[88.3393276,22.5217479],[88.3390854,22.5217584],[88.3387277,22.52177],[88.3386208,22.5217745],[88.3384249,22.5217861],[88.3384131,22.5217803],[88.3384086,22.5217698],[88.3383922,22.5217065],[88.3383829,22.5216931],[88.3383648,22.5216886],[88.3381838,22.5216874]]}},
{"type":"Feature","properties":{"pipe_id":"P_1229","road_name":"Unnamed Street","diameter_mm":300,"depth_m":-2.2},"geometry":{"type":"LineString","coordinates":[[88.3384462,22.5229915],[88.3384388,22.5230231],[88.33845,22.5235184]]}},
{"type":"Feature","properties":{"pipe_id":"P_1230","road_name":"Unnamed Street","diameter_mm":300,"depth_m":-2.2},"geometry":{"type":"LineString","coordinates":[[88.3383341,22.5205404],[88.3383152,22.5203272],[88.3383093,22.5201764]]}},
{"type":"Feature","properties":{"pipe_id":"P_1231","road_name":"Unnamed Street","diameter_mm":300,"depth_m":-2.2},"geometry":{"type":"LineString","coordinates":[[88.3400521,22.5207204],[88.3400861,22.520902],[88.340105,22.521011],[88.3401282,22.5211612],[88.3401276,22.5211746],[88.3401222,22.5211822],[88.3401084,22.5211874],[88.3400699,22.5211915],[88.339771,22.5212098],[88.3397313,22.5212117],[88.3393531,22.5212811],[88.3392319,22.5213162]]}},
{"type":"Feature","properties":{"pipe_id":"P_1232","road_name":"Unnamed Street","diameter_mm":300,"depth_m":-2.2},"geometry":{"type":"LineString","coordinates":[[88.3388882,22.5204721],[88.3386175,22.5205218],[88.3383341,22.5205404]]}},
{"type":"Feature","properties":{"pipe_id":"P_1233","road_name":"Unnamed Street","diameter_mm":300,"depth_m":-2.2},"geometry":{"type":"LineString","coordinates":[[88.3389496,22.5207599],[88.3386531,22.5208029],[88.3384894,22.5207881],[88.3384277,22.5208104],[88.3382906,22.5208157]]}},
{"type":"Feature","properties":{"pipe_id":"P_1234","road_name":"Hazra Road","diameter_mm":900,"depth_m":-3.5},"geometry":{"type":"LineString","coordinates":[[88.3412415,22.5237297],[88.3413233,22.523714],[88.3414406,22.5236917],[88.3414663,22.5236872],[88.3415598,22.5236708],[88.3416719,22.5236475],[88.3419006,22.5236038],[88.342381,22.5235486],[88.342397,22.5235473],[88.3431533,22.5234897],[88.3435787,22.523505],[88.3437843,22.5235271],[88.3439118,22.5235403],[88.3445887,22.5235895],[88.3448525,22.5236107]]}},
{"type":"Feature","properties":{"pipe_id":"P_1235","road_name":"Unnamed Street","diameter_mm":300,"depth_m":-2.2},"geometry":{"type":"LineString","coordinates":[[88.3387122,22.5215218],[88.3388033,22.5215214],[88.3388354,22.5214868],[88.3390523,22.5214648],[88.3392319,22.5213162]]}},
{"type":"Feature","properties":{"pipe_id":"P_1236","road_name":"Unnamed Street","diameter_mm":300,"depth_m":-2.2},"geometry":{"type":"LineString","coordinates":[[88.338216,22.5226537],[88.3382074,22.5219158],[88.3381833,22.5218687],[88.3381833,22.5218588],[88.3381838,22.5216874]]}},
{"type":"Feature","properties":{"pipe_id":"P_1237","road_name":"Unnamed Street","diameter_mm":300,"depth_m":-2.2},"geometry":{"type":"LineString","coordinates":[[88.3391282,22.5211558],[88.3390228,22.5212146],[88.3388998,22.5212142],[88.338704,22.5212266],[88.3384408,22.5211749],[88.3382565,22.5211559]]}},
{"type":"Feature","properties":{"pipe_id":"P_1238","road_name":"Unnamed Street","diameter_mm":300,"depth_m":-2.2},"geometry":{"type":"LineString","coordinates":[[88.33894,22.5226364],[88.338216,22.5226537],[88.338216,22.5228173]]}},
{"type":"Feature","properties":{"pipe_id":"P_1239","road_name":"Unnamed Street","diameter_mm":300,"depth_m":-2.2},"geometry":{"type":"LineString","coordinates":[[88.3389496,22.5207599],[88.3389885,22.520879],[88.3389972,22.5209055],[88.3390684,22.5210585],[88.3391282,22.5211558],[88.3392083,22.5212861],[88.3392319,22.5213162],[88.3392861,22.5213852],[88.3394064,22.5214921],[88.3394819,22.5216156],[88.3395248,22.5217389],[88.3395301,22.5217543],[88.3395462,22.5219575],[88.3395566,22.5222106],[88.3395677,22.5224283],[88.3395805,22.522503],[88.339616,22.5227107],[88.3396649,22.5229393],[88.3397125,22.5231765],[88.3397366,22.5233053],[88.3397608,22.5234342],[88.339784,22.5235826],[88.339801,22.5236919],[88.3398174,22.5238198],[88.3398247,22.5238748]]}},
{"type":"Feature","properties":{"pipe_id":"P_1240","road_name":"Unnamed Street","diameter_mm":300,"depth_m":-2.2},"geometry":{"type":"LineString","coordinates":[[88.3382419,22.5212513],[88.3380685,22.5212093],[88.3377486,22.5211185]]}},
{"type":"Feature","properties":{"pipe_id":"P_1241","road_name":"Unnamed Street","diameter_mm":300,"depth_m":-2.2},"geometry":{"type":"LineString","coordinates":[[88.3389885,22.520879],[88.3390979,22.5208553],[88.3393451,22.5208153],[88.3397064,22.5207838],[88.339771,22.5212098],[88.3398359,22.5215413],[88.34008,22.5215115]]}},
{"type":"Feature","properties":{"pipe_id":"P_1242","road_name":"Unnamed Street","diameter_mm":300,"depth_m":-2.2},"geometry":{"type":"LineString","coordinates":[[88.3385484,22.5203619],[88.3386982,22.5203325],[88.3388363,22.5203049]]}},
{"type":"Feature","properties":{"pipe_id":"P_1243","road_name":"Unnamed Street","diameter_mm":300,"depth_m":-2.2},"geometry":{"type":"LineString","coordinates":[[88.3387277,22.52177],[88.3387308,22.5217296],[88.3387122,22.5215218],[88.3386987,22.5213703],[88.3386822,22.5213013],[88.338704,22.5212266]]}},
{"type":"Feature","properties":{"pipe_id":"P_1244","road_name":"Unnamed Street","diameter_mm":300,"depth_m":-2.2},"geometry":{"type":"LineString","coordinates":[[88.3379934,22.5218584],[88.3381833,22.5218588]]}},
{"type":"Feature","properties":{"pipe_id":"P_1245","road_name":"Unnamed Street","diameter_mm":300,"depth_m":-2.2},"geometry":{"type":"LineString","coordinates":[[88.3401761,22.523546],[88.339784,22.5235826]]}},
{"type":"Feature","properties":{"pipe_id":"P_1246","road_name":"Unnamed Street","diameter_mm":300,"depth_m":-2.2},"geometry":{"type":"LineString","coordinates":[[88.3380139,22.521706],[88.3376589,22.5216535],[88.3376224,22.5216358],[88.3375858,22.5216182]]}},
{"type":"Feature","properties":{"pipe_id":"P_1247","road_name":"Unnamed Street","diameter_mm":300,"depth_m":-2.2},"geometry":{"type":"LineString","coordinates":[[88.3382087,22.5214925],[88.337937,22.5214323],[88.3376546,22.5213599]]}},
{"type":"Feature","properties":{"pipe_id":"P_1248","road_name":"Remount Road","diameter_mm":600,"depth_m":-2.2},"geometry":{"type":"LineString","coordinates":[[88.3169693,22.5256265],[88.3171673,22.5256029],[88.317356,22.5255804],[88.3176665,22.5255434],[88.3180294,22.5255002],[88.3185595,22.5254371],[88.3191292,22.5253692],[88.3194693,22.5253287],[88.3196993,22.5253013],[88.3211842,22.5251244],[88.3241283,22.5248026],[88.3251441,22.5246602],[88.3252125,22.5246446]]}},
{"type":"Feature","properties":{"pipe_id":"P_1249","road_name":"Unnamed Street","diameter_mm":300,"depth_m":-2.2},"geometry":{"type":"LineString","coordinates":[[88.3309941,22.5238096],[88.3306527,22.5238689],[88.3305831,22.523881]]}},
{"type":"Feature","properties":{"pipe_id":"P_1250","road_name":"Unnamed Street","diameter_mm":300,"depth_m":-2.2},"geometry":{"type":"LineString","coordinates":[[88.3313475,22.5233779],[88.3312557,22.5232448],[88.3312369,22.5232362],[88.331213,22.5232382],[88.3305863,22.5233551],[88.3304998,22.5233712]]}},
{"type":"Feature","properties":{"pipe_id":"P_1251","road_name":"Unnamed Street","diameter_mm":300,"depth_m":-2.2},"geometry":{"type":"LineString","coordinates":[[88.3368173,22.5230484],[88.3367137,22.5230479],[88.3365797,22.5230428],[88.3363571,22.5230329],[88.3363597,22.5229437],[88.3362121,22.5229265],[88.3361558,22.5229587],[88.3359789,22.5230329],[88.3359557,22.5231373],[88.3359386,22.5232137],[88.3359177,22.523362],[88.3359145,22.5233847],[88.3359011,22.5234764],[88.3358635,22.5237985],[88.335864,22.524101]]}},
{"type":"Feature","properties":{"pipe_id":"P_1252","road_name":"Unnamed Street","diameter_mm":300,"depth_m":-2.2},"geometry":{"type":"LineString","coordinates":[[88.3359557,22.5231373],[88.3362337,22.5231766],[88.3365018,22.523199],[88.3367594,22.523184]]}},
{"type":"Feature","properties":{"pipe_id":"P_1253","road_name":"Unnamed Street","diameter_mm":300,"depth_m":-2.2},"geometry":{"type":"LineString","coordinates":[[88.3368372,22.5229957],[88.3370896,22.5230417],[88.3371643,22.5230553],[88.3373736,22.5230973],[88.3375258,22.5231098]]}},
{"type":"Feature","properties":{"pipe_id":"P_1254","road_name":"Unnamed Street","diameter_mm":300,"depth_m":-2.2},"geometry":{"type":"LineString","coordinates":[[88.3366253,22.5227553],[88.3368229,22.5227636],[88.3368252,22.5228099],[88.3368265,22.5228371],[88.3368372,22.5229957],[88.3368173,22.5230484],[88.3367969,22.5231022],[88.3367594,22.523184],[88.3367594,22.5233799],[88.3367594,22.5234169],[88.3367535,22.5235285],[88.3366656,22.5235357],[88.3364778,22.5235208],[88.3363161,22.5235087]]}},
{"type":"Feature","properties":{"pipe_id":"P_1255","road_name":"Unnamed Street","diameter_mm":300,"depth_m":-2.2},"geometry":{"type":"LineString","coordinates":[[88.3363115,22.5236819],[88.3363161,22.5235087],[88.3363193,22.5233921]]}},
{"type":"Feature","properties":{"pipe_id":"P_1256","road_name":"Unnamed Street","diameter_mm":300,"depth_m":-2.2},"geometry":{"type":"LineString","coordinates":[[88.3363947,22.5237389],[88.3362284,22.5237587],[88.3362069,22.5237884],[88.3362338,22.5240642]]}},
{"type":"Feature","properties":{"pipe_id":"P_1257","road_name":"Unnamed Street","diameter_mm":300,"depth_m":-2.2},"geometry":{"type":"LineString","coordinates":[[88.3366656,22.5235357],[88.3366811,22.5236648],[88.3366235,22.5236767],[88.3366302,22.5237267],[88.3367675,22.5237191],[88.3369869,22.5237119],[88.3370861,22.5237044]]}},
{"type":"Feature","properties":{"pipe_id":"P_1258","road_name":"Unnamed Street","diameter_mm":300,"depth_m":-2.2},"geometry":{"type":"LineString","coordinates":[[88.3366361,22.5238974],[88.3364145,22.523925]]}},
{"type":"Feature","properties":{"pipe_id":"P_1259","road_name":"Unnamed Street","diameter_mm":300,"depth_m":-2.2},"geometry":{"type":"LineString","coordinates":[[88.3367675,22.5237191],[88.3368035,22.5240014]]}},
{"type":"Feature","properties":{"pipe_id":"P_1260","road_name":"Unnamed Street","diameter_mm":300,"depth_m":-2.2},"geometry":{"type":"LineString","coordinates":[[88.3359177,22.523362],[88.3363193,22.5233921],[88.3364832,22.5234044],[88.3365899,22.5233898],[88.3367594,22.5233799]]}},
{"type":"Feature","properties":{"pipe_id":"P_1261","road_name":"Unnamed Street","diameter_mm":300,"depth_m":-2.2},"geometry":{"type":"LineString","coordinates":[[88.3367594,22.5234169],[88.3371053,22.5234269],[88.3374191,22.5234294],[88.3375303,22.5234293]]}},
{"type":"Feature","properties":{"pipe_id":"P_1262","road_name":"Unnamed Street","diameter_mm":300,"depth_m":-2.2},"geometry":{"type":"LineString","coordinates":[[88.3366235,22.5236767],[88.3364671,22.5237091],[88.3363947,22.5237389],[88.3364145,22.523925],[88.3364288,22.524044]]}},
{"type":"Feature","properties":{"pipe_id":"P_1263","road_name":"Unnamed Street","diameter_mm":300,"depth_m":-2.2},"geometry":{"type":"LineString","coordinates":[[88.3370652,22.5232855],[88.3370896,22.5230417],[88.3371211,22.5228051],[88.3371269,22.5225917],[88.3371477,22.5225487],[88.3371639,22.5225152],[88.3372154,22.5222597],[88.3372168,22.5221437],[88.3372154,22.5220937],[88.3372524,22.5219974],[88.3372825,22.5218782],[88.3372605,22.5217124]]}},
{"type":"Feature","properties":{"pipe_id":"P_1264","road_name":"Unnamed Street","diameter_mm":300,"depth_m":-2.2},"geometry":{"type":"LineString","coordinates":[[88.3369869,22.5237119],[88.3370146,22.5239774]]}},
{"type":"Feature","properties":{"pipe_id":"P_1265","road_name":"Unnamed Street","diameter_mm":300,"depth_m":-2.2},"geometry":{"type":"LineString","coordinates":[[88.3371477,22.5225487],[88.3372208,22.5225645],[88.3372932,22.522557],[88.3375369,22.5225523]]}},
{"type":"Feature","properties":{"pipe_id":"P_1266","road_name":"Unnamed Street","diameter_mm":300,"depth_m":-2.2},"geometry":{"type":"LineString","coordinates":[[88.3375309,22.5228223],[88.3372744,22.5228172],[88.3371211,22.5228051]]}},
{"type":"Feature","properties":{"pipe_id":"P_1267","road_name":"Unnamed Street","diameter_mm":300,"depth_m":-2.2},"geometry":{"type":"LineString","coordinates":[[88.3366066,22.522121],[88.3367299,22.522121],[88.3368614,22.522116],[88.3370303,22.5221334],[88.337121,22.5221384],[88.3372168,22.5221437],[88.3375422,22.5221733]]}},
{"type":"Feature","properties":{"pipe_id":"P_1268","road_name":"Unnamed Street","diameter_mm":300,"depth_m":-2.2},"geometry":{"type":"LineString","coordinates":[[88.3361613,22.5216998],[88.3361076,22.52195],[88.3364813,22.5219784],[88.3363647,22.5223609],[88.3363464,22.5224208],[88.3363003,22.5225474],[88.3362445,22.5226165],[88.3362037,22.5227753],[88.3362069,22.5228816],[88.3362121,22.5229265]]}},
{"type":"Feature","properties":{"pipe_id":"P_1269","road_name":"Unnamed Street","diameter_mm":300,"depth_m":-2.2},"geometry":{"type":"LineString","coordinates":[[88.3370116,22.5228271],[88.3368252,22.5228099]]}},
{"type":"Feature","properties":{"pipe_id":"P_1270","road_name":"Unnamed Street","diameter_mm":300,"depth_m":-2.2},"geometry":{"type":"LineString","coordinates":[[88.3369204,22.5216007],[88.3369123,22.5217444],[88.3368984,22.5219032],[88.3371156,22.5219032],[88.3371175,22.521985],[88.337121,22.5221384]]}},
{"type":"Feature","properties":{"pipe_id":"P_1271","road_name":"Unnamed Street","diameter_mm":300,"depth_m":-2.2},"geometry":{"type":"LineString","coordinates":[[88.3369123,22.5217444],[88.3370438,22.5217518],[88.3371484,22.5217493],[88.3372605,22.5217124],[88.3373641,22.5216929],[88.3373919,22.5216876],[88.337572,22.5217005]]}},
{"type":"Feature","properties":{"pipe_id":"P_1272","road_name":"Unnamed Street","diameter_mm":300,"depth_m":-2.2},"geometry":{"type":"LineString","coordinates":[[88.337671,22.5205639],[88.337618,22.5205369],[88.3376169,22.5203827],[88.3375664,22.5202579]]}},
{"type":"Feature","properties":{"pipe_id":"P_1273","road_name":"Unnamed Street","diameter_mm":300,"depth_m":-2.2},"geometry":{"type":"LineString","coordinates":[[88.3372825,22.5218782],[88.3373361,22.5218807],[88.33755,22.5219033]]}},
{"type":"Feature","properties":{"pipe_id":"P_1274","road_name":"Unnamed Street","diameter_mm":300,"depth_m":-2.2},"geometry":{"type":"LineString","coordinates":[[88.3377084,22.5207189],[88.3375131,22.5206963],[88.3373415,22.5206963]]}},
{"type":"Feature","properties":{"pipe_id":"P_1275","road_name":"Unnamed Street","diameter_mm":300,"depth_m":-2.2},"geometry":{"type":"LineString","coordinates":[[88.3373788,22.5214809],[88.337371,22.5215809],[88.3373641,22.5216929]]}},
{"type":"Feature","properties":{"pipe_id":"P_1276","road_name":"Unnamed Street","diameter_mm":300,"depth_m":-2.2},"geometry":{"type":"LineString","coordinates":[[88.3372537,22.5212584],[88.3376841,22.521278]]}},
{"type":"Feature","properties":{"pipe_id":"P_1277","road_name":"Unnamed Street","diameter_mm":300,"depth_m":-2.2},"geometry":{"type":"LineString","coordinates":[[88.3371175,22.521985],[88.3372524,22.5219974],[88.3373093,22.5220169],[88.3375463,22.5220245]]}},
{"type":"Feature","properties":{"pipe_id":"P_1278","road_name":"Unnamed Street","diameter_mm":300,"depth_m":-2.2},"geometry":{"type":"LineString","coordinates":[[88.3375158,22.5208227],[88.337481,22.5209342],[88.3374964,22.5210365]]}},
{"type":"Feature","properties":{"pipe_id":"P_1279","road_name":"Unnamed Street","diameter_mm":300,"depth_m":-2.2},"geometry":{"type":"LineString","coordinates":[[88.3372965,22.5210275],[88.3373764,22.5210234],[88.337481,22.5210333],[88.3374964,22.5210365],[88.337577,22.5210534],[88.3377561,22.5211007]]}},
{"type":"Feature","properties":{"pipe_id":"P_1280","road_name":"Unnamed Street","diameter_mm":300,"depth_m":-2.2},"geometry":{"type":"LineString","coordinates":[[88.3361599,22.5205015],[88.3362841,22.5205114],[88.3363937,22.5205468],[88.3364505,22.5206726],[88.3365694,22.5206914],[88.3367165,22.5207162],[88.3367457,22.5206811],[88.3369123,22.5204808],[88.3371189,22.5204808]]}},
{"type":"Feature","properties":{"pipe_id":"P_1281","road_name":"Unnamed Street","diameter_mm":300,"depth_m":-2.2},"geometry":{"type":"LineString","coordinates":[[88.3371189,22.5204808],[88.3371296,22.5203767],[88.337167,22.5202068]]}},
{"type":"Feature","properties":{"pipe_id":"P_1282","road_name":"Unnamed Street","diameter_mm":300,"depth_m":-2.2},"geometry":{"type":"LineString","coordinates":[[88.3373302,22.5208477],[88.3373415,22.5206963],[88.3373281,22.5205675],[88.33732,22.5205179],[88.3373415,22.5204188],[88.3373736,22.5202429]]}},
{"type":"Feature","properties":{"pipe_id":"P_1283","road_name":"Unnamed Street","diameter_mm":300,"depth_m":-2.2},"geometry":{"type":"LineString","coordinates":[[88.3365551,22.5209543],[88.3365556,22.5208921],[88.3365604,22.5207437],[88.3365694,22.5206914],[88.3365792,22.5206346],[88.3365685,22.5205231],[88.3366066,22.5204684],[88.336624,22.5204139],[88.3366382,22.5203695],[88.3366522,22.5202677],[88.3367165,22.5202727]]}},
{"type":"Feature","properties":{"pipe_id":"P_1284","road_name":"Unnamed Street","diameter_mm":300,"depth_m":-2.2},"geometry":{"type":"LineString","coordinates":[[88.3369713,22.520342],[88.3367165,22.5203123],[88.3367165,22.5202727],[88.3367567,22.5201201]]}},
{"type":"Feature","properties":{"pipe_id":"P_1285","road_name":"Unnamed Street","diameter_mm":300,"depth_m":-2.2},"geometry":{"type":"LineString","coordinates":[[88.3361529,22.5200229],[88.3361533,22.5201116],[88.3361635,22.5202927],[88.336164,22.5204387],[88.3361599,22.5205015],[88.3361559,22.5205627],[88.3361533,22.5206022],[88.3361366,22.5207907],[88.3361277,22.5208953]]}},
{"type":"Feature","properties":{"pipe_id":"P_1286","road_name":"Unnamed Street","diameter_mm":300,"depth_m":-2.2},"geometry":{"type":"LineString","coordinates":[[88.3367457,22.5206811],[88.3367767,22.5208723],[88.3368303,22.5209129],[88.3369982,22.5209193],[88.3371131,22.5209184],[88.3373173,22.5209168],[88.337481,22.5209342]]}},
{"type":"Feature","properties":{"pipe_id":"P_1287","road_name":"Unnamed Street","diameter_mm":300,"depth_m":-2.2},"geometry":{"type":"LineString","coordinates":[[88.3364456,22.5203544],[88.3365792,22.5203968],[88.336624,22.5204139]]}},
{"type":"Feature","properties":{"pipe_id":"P_1288","road_name":"Unnamed Street","diameter_mm":300,"depth_m":-2.2},"geometry":{"type":"LineString","coordinates":[[88.3364188,22.5202702],[88.3364681,22.5200468]]}},
{"type":"Feature","properties":{"pipe_id":"P_1289","road_name":"Unnamed Street","diameter_mm":300,"depth_m":-2.2},"geometry":{"type":"LineString","coordinates":[[88.3358529,22.520565],[88.3361559,22.5205627]]}},
{"type":"Feature","properties":{"pipe_id":"P_1290","road_name":"Unnamed Street","diameter_mm":300,"depth_m":-2.2},"geometry":{"type":"LineString","coordinates":[[88.3361393,22.5211376],[88.3359789,22.5211225],[88.3356624,22.5210928],[88.3355124,22.5210606],[88.3354399,22.5210011],[88.335423,22.5209767],[88.3353917,22.5209317],[88.3352656,22.5206393],[88.3352286,22.520527],[88.3351342,22.5202404],[88.3350832,22.5200323],[88.3350728,22.5199214]]}},
{"type":"Feature","properties":{"pipe_id":"P_1291","road_name":"Unnamed Street","diameter_mm":300,"depth_m":-2.2},"geometry":{"type":"LineString","coordinates":[[88.3353353,22.521234],[88.3353461,22.5210779],[88.3353776,22.5210112],[88.335423,22.5209767]]}},
{"type":"Feature","properties":{"pipe_id":"P_1292","road_name":"Unnamed Street","diameter_mm":300,"depth_m":-2.2},"geometry":{"type":"LineString","coordinates":[[88.3352286,22.520527],[88.33511,22.5205303],[88.3349645,22.5205454],[88.3349276,22.5205031],[88.334683,22.5205086],[88.3345836,22.5205108],[88.3345173,22.5205031],[88.3344341,22.5204436],[88.3342812,22.5204956],[88.3340709,22.5205777],[88.3339003,22.5206121],[88.3336858,22.5206393],[88.333549,22.5206493],[88.3334631,22.5206418],[88.3333727,22.520613]]}},
{"type":"Feature","properties":{"pipe_id":"P_1293","road_name":"Unnamed Street","diameter_mm":300,"depth_m":-2.2},"geometry":{"type":"LineString","coordinates":[[88.3359038,22.5202776],[88.3359787,22.5202856],[88.3361635,22.5202927]]}},
{"type":"Feature","properties":{"pipe_id":"P_1294","road_name":"Unnamed Street","diameter_mm":300,"depth_m":-2.2},"geometry":{"type":"LineString","coordinates":[[88.3357187,22.5202479],[88.3357268,22.5201364],[88.3357398,22.5200151]]}},
{"type":"Feature","properties":{"pipe_id":"P_1295","road_name":"Unnamed Street","diameter_mm":300,"depth_m":-2.2},"geometry":{"type":"LineString","coordinates":[[88.3345223,22.5214723],[88.3345336,22.5215248],[88.3345254,22.5216536],[88.3344659,22.5217962],[88.3343946,22.5219434],[88.3343208,22.5221618],[88.3342443,22.5223733],[88.3342324,22.5224292],[88.3342206,22.522485],[88.3342109,22.5225862],[88.3342511,22.5227348],[88.3343155,22.5229058],[88.3343692,22.5231263],[88.3344174,22.5232551],[88.334514,22.5233567],[88.3346669,22.5234459],[88.3347715,22.5235301],[88.3348385,22.5236614],[88.3348707,22.5238027],[88.3349487,22.5241594],[88.3349604,22.5242072]]}},
{"type":"Feature","properties":{"pipe_id":"P_1296","road_name":"Unnamed Street","diameter_mm":300,"depth_m":-2.2},"geometry":{"type":"LineString","coordinates":[[88.332627,22.5231459],[88.3331219,22.5230396],[88.3333124,22.523659],[88.3334036,22.5239488],[88.3335001,22.5242833],[88.3335196,22.5243337],[88.3335568,22.5244296]]}},
{"type":"Feature","properties":{"pipe_id":"P_1297","road_name":"Unnamed Street","diameter_mm":300,"depth_m":-2.2},"geometry":{"type":"LineString","coordinates":[[88.3340106,22.5198558],[88.3339781,22.5202256],[88.3339856,22.5203389],[88.3340419,22.5203364],[88.3340612,22.5203594]]}},
{"type":"Feature","properties":{"pipe_id":"P_1298","road_name":"Unnamed Street","diameter_mm":300,"depth_m":-2.2},"geometry":{"type":"LineString","coordinates":[[88.3337501,22.5203569],[88.3339161,22.5203388],[88.3339184,22.5202342]]}},
{"type":"Feature","properties":{"pipe_id":"P_1299","road_name":"Unnamed Street","diameter_mm":300,"depth_m":-2.2},"geometry":{"type":"LineString","coordinates":[[88.3343619,22.5210779],[88.3343662,22.520904],[88.3343535,22.5208864],[88.3343365,22.5208768],[88.3340797,22.5208773],[88.3338427,22.5209078],[88.3336507,22.5209498],[88.3334787,22.5209659],[88.3334476,22.5209648],[88.333337,22.5209543],[88.3333032,22.5209435],[88.3332487,22.5209126],[88.3331783,22.5208692]]}},
{"type":"Feature","properties":{"pipe_id":"P_1300","road_name":"Unnamed Street","diameter_mm":300,"depth_m":-2.2},"geometry":{"type":"LineString","coordinates":[[88.3343397,22.5202943],[88.3341766,22.5203098],[88.3340612,22.5203594],[88.3340612,22.5203841],[88.3340219,22.5203944],[88.3340709,22.5205777]]}},
{"type":"Feature","properties":{"pipe_id":"P_1301","road_name":"Unnamed Street","diameter_mm":300,"depth_m":-2.2},"geometry":{"type":"LineString","coordinates":[[88.334345,22.5198636],[88.3343397,22.5202943],[88.3343423,22.5203786],[88.334426,22.5203817],[88.3344341,22.5204436]]}},
{"type":"Feature","properties":{"pipe_id":"P_1302","road_name":"Unnamed Street","diameter_mm":300,"depth_m":-2.2},"geometry":{"type":"LineString","coordinates":[[88.3333124,22.523659],[88.3327786,22.5237804],[88.3326365,22.523213],[88.332627,22.5231459],[88.3325935,22.5229083],[88.3325623,22.5225385],[88.3324958,22.522102],[88.332523,22.5220563],[88.3325614,22.5220312],[88.3324808,22.5216314],[88.3324655,22.5215554]]}},
{"type":"Feature","properties":{"pipe_id":"P_1303","road_name":"Unnamed Street","diameter_mm":300,"depth_m":-2.2},"geometry":{"type":"LineString","coordinates":[[88.334683,22.5205086],[88.3346862,22.52029],[88.3347447,22.5198635]]}},
{"type":"Feature","properties":{"pipe_id":"P_1304","road_name":"Unnamed Street","diameter_mm":300,"depth_m":-2.2},"geometry":{"type":"LineString","coordinates":[[88.3339781,22.5202256],[88.3339184,22.5202342],[88.3335487,22.5202877]]}},
{"type":"Feature","properties":{"pipe_id":"P_1305","road_name":"Unnamed Street","diameter_mm":300,"depth_m":-2.2},"geometry":{"type":"LineString","coordinates":[[88.3298356,22.5248063],[88.329846,22.5248764],[88.3299257,22.5254266],[88.3299295,22.5254529]]}},
{"type":"Feature","properties":{"pipe_id":"P_1306","road_name":"Unnamed Street","diameter_mm":300,"depth_m":-2.2},"geometry":{"type":"LineString","coordinates":[[88.3299284,22.5231504],[88.3298911,22.5229731],[88.3299062,22.5229628],[88.3304364,22.5229172]]}},
{"type":"Feature","properties":{"pipe_id":"P_1307","road_name":"Unnamed Street","diameter_mm":300,"depth_m":-2.2},"geometry":{"type":"LineString","coordinates":[[88.3297981,22.5239452],[88.3298203,22.5239553],[88.3305019,22.523869],[88.3305787,22.5238593]]}},
{"type":"Feature","properties":{"pipe_id":"P_1308","road_name":"Unnamed Street","diameter_mm":300,"depth_m":-2.2},"geometry":{"type":"LineString","coordinates":[[88.3289453,22.5249634],[88.3289624,22.5249778],[88.329033,22.525384],[88.3290907,22.5256615],[88.3291419,22.5257999],[88.3292009,22.5258767],[88.3292847,22.5259531]]}},
{"type":"Feature","properties":{"pipe_id":"P_1309","road_name":"Unnamed Street","diameter_mm":300,"depth_m":-2.2},"geometry":{"type":"LineString","coordinates":[[88.3293002,22.5231047],[88.329335,22.5233747],[88.3294235,22.5233722],[88.329968,22.5232529],[88.3299868,22.5234862],[88.3305079,22.5234288]]}},
{"type":"Feature","properties":{"pipe_id":"P_1310","road_name":"Unnamed Street","diameter_mm":300,"depth_m":-2.2},"geometry":{"type":"LineString","coordinates":[[88.3294978,22.5248883],[88.329846,22.5248764]]}},
{"type":"Feature","properties":{"pipe_id":"P_1311","road_name":"Unnamed Street","diameter_mm":300,"depth_m":-2.2},"geometry":{"type":"LineString","coordinates":[[88.3263409,22.5270607],[88.3263341,22.5270138],[88.3262304,22.5264538],[88.3260919,22.5257665]]}},
{"type":"Feature","properties":{"pipe_id":"P_1312","road_name":"Unnamed Street","diameter_mm":300,"depth_m":-2.2},"geometry":{"type":"LineString","coordinates":[[88.3262304,22.5264538],[88.3268139,22.5263799],[88.3266709,22.5255008]]}},
{"type":"Feature","properties":{"pipe_id":"P_1313","road_name":"Unnamed Street","diameter_mm":300,"depth_m":-2.2},"geometry":{"type":"LineString","coordinates":[[88.3260825,22.5238952],[88.3267192,22.5237138]]}},
{"type":"Feature","properties":{"pipe_id":"P_1314","road_name":"Unnamed Street","diameter_mm":300,"depth_m":-2.2},"geometry":{"type":"LineString","coordinates":[[88.3280986,22.525156],[88.327691,22.5252067]]}},
{"type":"Feature","properties":{"pipe_id":"P_1315","road_name":"Unnamed Street","diameter_mm":300,"depth_m":-2.2},"geometry":{"type":"LineString","coordinates":[[88.3280118,22.5237891],[88.3275333,22.5238114],[88.3274731,22.5238142]]}},
{"type":"Feature","properties":{"pipe_id":"P_1316","road_name":"Unnamed Street","diameter_mm":300,"depth_m":-2.2},"geometry":{"type":"LineString","coordinates":[[88.328332,22.5244846],[88.327588,22.5245516]]}},
{"type":"Feature","properties":{"pipe_id":"P_1317","road_name":"Unnamed Street","diameter_mm":300,"depth_m":-2.2},"geometry":{"type":"LineString","coordinates":[[88.3261708,22.52658],[88.3261143,22.5265277],[88.3259718,22.5259129],[88.3260164,22.5258329],[88.3259825,22.5257903],[88.3255982,22.5258546],[88.3255594,22.5258611]]}},
{"type":"Feature","properties":{"pipe_id":"P_1318","road_name":"Unnamed Street","diameter_mm":300,"depth_m":-2.2},"geometry":{"type":"LineString","coordinates":[[88.3248855,22.5223341],[88.3254022,22.522223],[88.325497,22.522178],[88.3255793,22.5221169]]}},
{"type":"Feature","properties":{"pipe_id":"P_1319","road_name":"Unnamed Street","diameter_mm":300,"depth_m":-2.2},"geometry":{"type":"LineString","coordinates":[[88.3260442,22.5256884],[88.3257626,22.5243855]]}},
{"type":"Feature","properties":{"pipe_id":"P_1320","road_name":"Unnamed Street","diameter_mm":300,"depth_m":-2.2},"geometry":{"type":"LineString","coordinates":[[88.3281152,22.5200921],[88.3280186,22.519562],[88.3279981,22.5195306],[88.3279607,22.5195278],[88.3269439,22.5196293]]}},
{"type":"Feature","properties":{"pipe_id":"P_1321","road_name":"Unnamed Street","diameter_mm":300,"depth_m":-2.2},"geometry":{"type":"LineString","coordinates":[[88.3296254,22.5186645],[88.3296248,22.5183352],[88.3296144,22.5182281],[88.3296087,22.5181692],[88.3295993,22.518087]]}},
{"type":"Feature","properties":{"pipe_id":"P_1322","road_name":"Unnamed Street","diameter_mm":300,"depth_m":-2.2},"geometry":{"type":"LineString","coordinates":[[88.3265703,22.5188275],[88.3265058,22.5183799]]}},
{"type":"Feature","properties":{"pipe_id":"P_1323","road_name":"Unnamed Street","diameter_mm":300,"depth_m":-2.2},"geometry":{"type":"LineString","coordinates":[[88.3269087,22.5193935],[88.3269439,22.5196293],[88.3270067,22.5200218]]}},
{"type":"Feature","properties":{"pipe_id":"P_1324","road_name":"Unnamed Street","diameter_mm":300,"depth_m":-2.2},"geometry":{"type":"LineString","coordinates":[[88.3288376,22.5186896],[88.3292483,22.5186803]]}},
{"type":"Feature","properties":{"pipe_id":"P_1325","road_name":"Unnamed Street","diameter_mm":300,"depth_m":-2.2},"geometry":{"type":"LineString","coordinates":[[88.3280258,22.5220748],[88.3280137,22.522036],[88.3279416,22.521805],[88.3279432,22.5217755],[88.3279587,22.5217625],[88.3282985,22.5216904],[88.3283201,22.5216998],[88.3283333,22.5217258],[88.3284238,22.5220114],[88.3284129,22.5220276]]}},
{"type":"Feature","properties":{"pipe_id":"P_1326","road_name":"Unnamed Street","diameter_mm":300,"depth_m":-2.2},"geometry":{"type":"LineString","coordinates":[[88.3281152,22.5200921],[88.3283942,22.5207209],[88.3288691,22.5205981],[88.3292213,22.5205147],[88.3297105,22.5204022],[88.3300659,22.5202963]]}},
{"type":"Feature","properties":{"pipe_id":"P_1327","road_name":"Unnamed Street","diameter_mm":300,"depth_m":-2.2},"geometry":{"type":"LineString","coordinates":[[88.3267092,22.5201365],[88.3267562,22.5203627],[88.3267938,22.5205439],[88.3268339,22.5207368],[88.326905,22.5212192],[88.3270632,22.5218362],[88.3271702,22.5222692]]}},
{"type":"Feature","properties":{"pipe_id":"P_1328","road_name":"Unnamed Street","diameter_mm":300,"depth_m":-2.2},"geometry":{"type":"LineString","coordinates":[[88.3294056,22.5189998],[88.3293203,22.5188687],[88.3292733,22.5187317],[88.3292483,22.5186803],[88.3292277,22.5185651],[88.3292171,22.5183594],[88.3291916,22.5181105],[88.3291957,22.5180604]]}},
{"type":"Feature","properties":{"pipe_id":"P_1329","road_name":"Unnamed Street","diameter_mm":300,"depth_m":-2.2},"geometry":{"type":"LineString","coordinates":[[88.3264143,22.5206469],[88.3263687,22.5204536],[88.3267562,22.5203627]]}},
{"type":"Feature","properties":{"pipe_id":"P_1330","road_name":"Unnamed Street","diameter_mm":300,"depth_m":-2.2},"geometry":{"type":"LineString","coordinates":[[88.327598,22.5218474],[88.3277981,22.5218031],[88.3278153,22.5218136],[88.3278834,22.5220552],[88.3278977,22.5221037]]}},
{"type":"Feature","properties":{"pipe_id":"P_1331","road_name":"Unnamed Street","diameter_mm":300,"depth_m":-2.2},"geometry":{"type":"LineString","coordinates":[[88.3280444,22.5182965],[88.3280277,22.5180913],[88.3280261,22.518036]]}},
{"type":"Feature","properties":{"pipe_id":"P_1332","road_name":"Unnamed Street","diameter_mm":300,"depth_m":-2.2},"geometry":{"type":"LineString","coordinates":[[88.3280676,22.5185391],[88.3280444,22.5182965]]}},
{"type":"Feature","properties":{"pipe_id":"P_1333","road_name":"Unnamed Street","diameter_mm":300,"depth_m":-2.2},"geometry":{"type":"LineString","coordinates":[[88.3276265,22.519081],[88.3275742,22.5188605],[88.3275475,22.5187105],[88.3275246,22.5185359],[88.3275085,22.5183575],[88.3274823,22.5181296]]}},
{"type":"Feature","properties":{"pipe_id":"P_1334","road_name":"Portland Park","diameter_mm":300,"depth_m":-2.2},"geometry":{"type":"LineString","coordinates":[[88.3253465,22.5188667],[88.3253484,22.5189311],[88.3253529,22.519082],[88.3253872,22.5198649],[88.3253989,22.5200852],[88.3254111,22.5211969],[88.3254075,22.5215495],[88.325404,22.5218844],[88.3254034,22.5219446]]}},
{"type":"Feature","properties":{"pipe_id":"P_1335","road_name":"Unnamed Street","diameter_mm":300,"depth_m":-2.2},"geometry":{"type":"LineString","coordinates":[[88.3264863,22.5194645],[88.3264974,22.519802],[88.3253872,22.5198649]]}},
{"type":"Feature","properties":{"pipe_id":"P_1336","road_name":"Unnamed Street","diameter_mm":300,"depth_m":-2.2},"geometry":{"type":"LineString","coordinates":[[88.3301485,22.5194088],[88.3283697,22.5195498]]}},
{"type":"Feature","properties":{"pipe_id":"P_1337","road_name":"Unnamed Street","diameter_mm":300,"depth_m":-2.2},"geometry":{"type":"LineString","coordinates":[[88.3274472,22.5208427],[88.32743,22.520222],[88.3274484,22.520193],[88.3274891,22.5201841],[88.3281152,22.5200921]]}},
{"type":"Feature","properties":{"pipe_id":"P_1338","road_name":"Unnamed Street","diameter_mm":300,"depth_m":-2.2},"geometry":{"type":"LineString","coordinates":[[88.3262131,22.5214302],[88.3262009,22.5215693],[88.3254075,22.5215495]]}},
{"type":"Feature","properties":{"pipe_id":"P_1339","road_name":"Unnamed Street","diameter_mm":300,"depth_m":-2.2},"geometry":{"type":"LineString","coordinates":[[88.3313736,22.5214596],[88.3313238,22.5210024]]}},
{"type":"Feature","properties":{"pipe_id":"P_1340","road_name":"Unnamed Street","diameter_mm":300,"depth_m":-2.2},"geometry":{"type":"LineString","coordinates":[[88.3318902,22.5205445],[88.3319221,22.5209696]]}},
{"type":"Feature","properties":{"pipe_id":"P_1341","road_name":"Unnamed Street","diameter_mm":300,"depth_m":-2.2},"geometry":{"type":"LineString","coordinates":[[88.3316749,22.5183984],[88.3316995,22.5186509],[88.3316954,22.518802],[88.3317302,22.5190154],[88.3316514,22.519101],[88.3316354,22.5190996],[88.3315294,22.5191227],[88.3314423,22.5190823],[88.3314007,22.5189889],[88.3314152,22.5187656],[88.3314227,22.5184259]]}},
{"type":"Feature","properties":{"pipe_id":"P_1342","road_name":"Unnamed Street","diameter_mm":300,"depth_m":-2.2},"geometry":{"type":"LineString","coordinates":[[88.3330547,22.5195956],[88.3333878,22.5196039]]}},
{"type":"Feature","properties":{"pipe_id":"P_1343","road_name":"Unnamed Street","diameter_mm":300,"depth_m":-2.2},"geometry":{"type":"LineString","coordinates":[[88.3310302,22.519081],[88.3307607,22.5190941],[88.3308064,22.5197529]]}},
{"type":"Feature","properties":{"pipe_id":"P_1344","road_name":"Pitambar Ghatak Lane","diameter_mm":300,"depth_m":-2.2},"geometry":{"type":"LineString","coordinates":[[88.3348431,22.5183686],[88.3346633,22.5183797],[88.3344179,22.518407],[88.3342959,22.5184181],[88.3341765,22.5184131],[88.3340411,22.518402],[88.3339311,22.518397],[88.3337497,22.5184005],[88.3336508,22.5184003],[88.333333,22.5183995],[88.3331857,22.5184059]]}},
{"type":"Feature","properties":{"pipe_id":"P_1345","road_name":"Unnamed Street","diameter_mm":300,"depth_m":-2.2},"geometry":{"type":"LineString","coordinates":[[88.334544,22.5193584],[88.3343321,22.5193212],[88.3341751,22.5193051],[88.3340666,22.519294],[88.3338878,22.5193044],[88.3338117,22.5193088],[88.333633,22.5193173],[88.3336332,22.5193807],[88.3333341,22.5194415]]}},
{"type":"Feature","properties":{"pipe_id":"P_1346","road_name":"Unnamed Street","diameter_mm":300,"depth_m":-2.2},"geometry":{"type":"LineString","coordinates":[[88.3344071,22.5188941],[88.3342327,22.5188821],[88.3338986,22.5188651],[88.3336374,22.5188529],[88.3336052,22.5191527],[88.3332675,22.5192399]]}},
{"type":"Feature","properties":{"pipe_id":"P_1347","road_name":"Unnamed Street","diameter_mm":300,"depth_m":-2.2},"geometry":{"type":"LineString","coordinates":[[88.3348458,22.5196173],[88.3345762,22.5195616],[88.334544,22.5193584],[88.3345628,22.5191503],[88.3348674,22.5191438]]}},
{"type":"Feature","properties":{"pipe_id":"P_1348","road_name":"Unnamed Street","diameter_mm":300,"depth_m":-2.2},"geometry":{"type":"LineString","coordinates":[[88.3338986,22.5188651],[88.3338922,22.5190611],[88.3338878,22.5193044]]}},
{"type":"Feature","properties":{"pipe_id":"P_1349","road_name":"Unnamed Street","diameter_mm":300,"depth_m":-2.2},"geometry":{"type":"LineString","coordinates":[[88.3341751,22.5193051],[88.3341712,22.5193857],[88.334175,22.5195898],[88.3341802,22.5198656]]}},
{"type":"Feature","properties":{"pipe_id":"P_1350","road_name":"Unnamed Street","diameter_mm":300,"depth_m":-2.2},"geometry":{"type":"LineString","coordinates":[[88.3354624,22.5192754],[88.335464,22.5193807],[88.335472,22.5196458],[88.3358418,22.519677]]}},
{"type":"Feature","properties":{"pipe_id":"P_1351","road_name":"Unnamed Street","diameter_mm":300,"depth_m":-2.2},"geometry":{"type":"LineString","coordinates":[[88.3352502,22.5196391],[88.3348458,22.5196173]]}},
{"type":"Feature","properties":{"pipe_id":"P_1352","road_name":"Unnamed Street","diameter_mm":300,"depth_m":-2.2},"geometry":{"type":"LineString","coordinates":[[88.3355337,22.5186869],[88.3356419,22.5186855],[88.335641,22.5187885],[88.3358803,22.5187869]]}},
{"type":"Feature","properties":{"pipe_id":"P_1353","road_name":"Unnamed Street","diameter_mm":300,"depth_m":-2.2},"geometry":{"type":"LineString","coordinates":[[88.3353728,22.5191131],[88.334928,22.5191029],[88.3348691,22.5191016]]}},
{"type":"Feature","properties":{"pipe_id":"P_1354","road_name":"Unnamed Street","diameter_mm":300,"depth_m":-2.2},"geometry":{"type":"LineString","coordinates":[[88.3338422,22.5195725],[88.334175,22.5195898]]}},
{"type":"Feature","properties":{"pipe_id":"P_1355","road_name":"Paramhansa Deb Road","diameter_mm":300,"depth_m":-2.2},"geometry":{"type":"LineString","coordinates":[[88.3358704,22.5176918],[88.3358741,22.5177556],[88.3359045,22.5179523],[88.3359083,22.5180234],[88.3359053,22.5183157],[88.3358965,22.5184824],[88.3358803,22.5187869],[88.3358685,22.5190093],[88.3358584,22.5192603],[88.3358511,22.5194434],[88.3358418,22.519677],[88.3358289,22.5200181]]}},
{"type":"Feature","properties":{"pipe_id":"P_1356","road_name":"Unnamed Street","diameter_mm":300,"depth_m":-2.2},"geometry":{"type":"LineString","coordinates":[[88.3379826,22.5189595],[88.3379209,22.5189521],[88.3375088,22.5189699]]}},
{"type":"Feature","properties":{"pipe_id":"P_1357","road_name":"Unnamed Street","diameter_mm":300,"depth_m":-2.2},"geometry":{"type":"LineString","coordinates":[[88.3363096,22.5195708],[88.3362887,22.5197276]]}},
{"type":"Feature","properties":{"pipe_id":"P_1358","road_name":"Unnamed Street","diameter_mm":300,"depth_m":-2.2},"geometry":{"type":"LineString","coordinates":[[88.3381918,22.5195591],[88.3381784,22.5198638],[88.3382868,22.5199412]]}},
{"type":"Feature","properties":{"pipe_id":"P_1359","road_name":"Unnamed Street","diameter_mm":300,"depth_m":-2.2},"geometry":{"type":"LineString","coordinates":[[88.337674,22.5202578],[88.3376607,22.5201265],[88.3376044,22.5199877],[88.3375722,22.5199778],[88.3375588,22.5197424]]}},
{"type":"Feature","properties":{"pipe_id":"P_1360","road_name":"Unnamed Street","diameter_mm":300,"depth_m":-2.2},"geometry":{"type":"LineString","coordinates":[[88.3375722,22.5199778],[88.3373022,22.5199739],[88.3371937,22.5199858]]}},
{"type":"Feature","properties":{"pipe_id":"P_1361","road_name":"Unnamed Street","diameter_mm":300,"depth_m":-2.2},"geometry":{"type":"LineString","coordinates":[[88.3358511,22.5194434],[88.3362025,22.5194734],[88.3365396,22.5194748],[88.3367166,22.5194922],[88.3366316,22.5197905],[88.3365528,22.520067]]}},
{"type":"Feature","properties":{"pipe_id":"P_1362","road_name":"Unnamed Street","diameter_mm":300,"depth_m":-2.2},"geometry":{"type":"LineString","coordinates":[[88.3375454,22.5194377],[88.3375114,22.5191909],[88.3375088,22.5189699],[88.337512,22.5188415],[88.3375333,22.5187357]]}},
{"type":"Feature","properties":{"pipe_id":"P_1363","road_name":"Unnamed Street","diameter_mm":300,"depth_m":-2.2},"geometry":{"type":"LineString","coordinates":[[88.3361116,22.5197111],[88.3360809,22.5198069],[88.3360755,22.5199184],[88.3360684,22.5200218]]}},
{"type":"Feature","properties":{"pipe_id":"P_1364","road_name":"Unnamed Street","diameter_mm":300,"depth_m":-2.2},"geometry":{"type":"LineString","coordinates":[[88.3366634,22.5190857],[88.3363867,22.5190586],[88.3361406,22.5190546]]}},
{"type":"Feature","properties":{"pipe_id":"P_1365","road_name":"Unnamed Street","diameter_mm":300,"depth_m":-2.2},"geometry":{"type":"LineString","coordinates":[[88.3371483,22.5190994],[88.3371135,22.5192494],[88.3370951,22.5194023],[88.3370623,22.5194634]]}},
{"type":"Feature","properties":{"pipe_id":"P_1366","road_name":"Unnamed Street","diameter_mm":300,"depth_m":-2.2},"geometry":{"type":"LineString","coordinates":[[88.3377385,22.5193064],[88.3377144,22.5191428],[88.3378785,22.5191363],[88.3380452,22.5191661],[88.3382749,22.5191453],[88.3384052,22.5191139]]}},
{"type":"Feature","properties":{"pipe_id":"P_1367","road_name":"Unnamed Street","diameter_mm":300,"depth_m":-2.2},"geometry":{"type":"LineString","coordinates":[[88.3361533,22.5191701],[88.3361406,22.5190546],[88.3361379,22.5190295],[88.3358685,22.5190093]]}},
{"type":"Feature","properties":{"pipe_id":"P_1368","road_name":"Unnamed Street","diameter_mm":300,"depth_m":-2.2},"geometry":{"type":"LineString","coordinates":[[88.3372664,22.5197846],[88.3375588,22.5197424],[88.3378106,22.5196799],[88.3379299,22.5196022],[88.3381039,22.5195735]]}},
{"type":"Feature","properties":{"pipe_id":"P_1369","road_name":"Unnamed Street","diameter_mm":300,"depth_m":-2.2},"geometry":{"type":"LineString","coordinates":[[88.3366316,22.5197905],[88.3364805,22.5197474],[88.3363411,22.5197325],[88.3362887,22.5197276],[88.3361116,22.5197111],[88.3360604,22.5197063],[88.3358418,22.519677]]}},
{"type":"Feature","properties":{"pipe_id":"P_1370","road_name":"Unnamed Street","diameter_mm":300,"depth_m":-2.2},"geometry":{"type":"LineString","coordinates":[[88.3372353,22.5194567],[88.3372316,22.5195888],[88.3372664,22.5197846],[88.3373022,22.5199739]]}},
{"type":"Feature","properties":{"pipe_id":"P_1371","road_name":"Unnamed Street","diameter_mm":300,"depth_m":-2.2},"geometry":{"type":"LineString","coordinates":[[88.338063,22.5198564],[88.3381784,22.5198638]]}},
{"type":"Feature","properties":{"pipe_id":"P_1372","road_name":"Unnamed Street","diameter_mm":300,"depth_m":-2.2},"geometry":{"type":"LineString","coordinates":[[88.338004,22.5193212],[88.3380952,22.5194625],[88.3381039,22.5195735]]}},
{"type":"Feature","properties":{"pipe_id":"P_1373","road_name":"Unnamed Street","diameter_mm":300,"depth_m":-2.2},"geometry":{"type":"LineString","coordinates":[[88.330204,22.5152857],[88.3304377,22.5151116],[88.3309125,22.5148091],[88.331076,22.5147172],[88.3312502,22.5146034],[88.3316489,22.5143885],[88.3318255,22.5142915],[88.3322077,22.5141502],[88.3324508,22.5140141],[88.3327621,22.5138332],[88.3327818,22.5138219],[88.3328309,22.5134692]]}},
{"type":"Feature","properties":{"pipe_id":"P_1374","road_name":"Unnamed Street","diameter_mm":300,"depth_m":-2.2},"geometry":{"type":"LineString","coordinates":[[88.3301862,22.5167521],[88.3302646,22.517179]]}},
{"type":"Feature","properties":{"pipe_id":"P_1375","road_name":"Unnamed Street","diameter_mm":300,"depth_m":-2.2},"geometry":{"type":"LineString","coordinates":[[88.3299293,22.5174879],[88.3298554,22.51724],[88.3302646,22.517179],[88.3305367,22.5171384],[88.3305796,22.5173267],[88.3304803,22.5173664],[88.3299293,22.5174879],[88.3297931,22.517518]]}},
{"type":"Feature","properties":{"pipe_id":"P_1376","road_name":"Unnamed Street","diameter_mm":300,"depth_m":-2.2},"geometry":{"type":"LineString","coordinates":[[88.3327372,22.5148629],[88.3327128,22.5144578],[88.3326353,22.514226],[88.3324508,22.5140141]]}},
{"type":"Feature","properties":{"pipe_id":"P_1377","road_name":"Unnamed Street","diameter_mm":300,"depth_m":-2.2},"geometry":{"type":"LineString","coordinates":[[88.3313596,22.5166633],[88.3313697,22.5160423],[88.3313828,22.5160224],[88.3314122,22.5160151],[88.3315983,22.5160253],[88.3318214,22.5160129]]}},
{"type":"Feature","properties":{"pipe_id":"P_1378","road_name":"Durgapur Lane","diameter_mm":300,"depth_m":-2.2},"geometry":{"type":"LineString","coordinates":[[88.3316409,22.5151975],[88.3316542,22.5152166],[88.3316917,22.5152322],[88.3317839,22.5153297],[88.3318014,22.5153841],[88.3318134,22.5155006],[88.3318214,22.5160129],[88.3318322,22.5163034],[88.3318453,22.5165375],[88.3318559,22.5167259],[88.3318674,22.5168731],[88.3318712,22.5169988],[88.3318724,22.5170195],[88.3318774,22.5171301],[88.3318876,22.5172214],[88.3318971,22.5174446],[88.3319073,22.5176191],[88.3319103,22.5177171],[88.3319198,22.5180295],[88.3319246,22.5181855],[88.3319495,22.5183596]]}},
{"type":"Feature","properties":{"pipe_id":"P_1379","road_name":"Unnamed Street","diameter_mm":300,"depth_m":-2.2},"geometry":{"type":"LineString","coordinates":[[88.3277981,22.5174754],[88.3274628,22.5175668],[88.3274067,22.5175972],[88.3273931,22.5176538],[88.3274761,22.5181019],[88.3274823,22.5181296]]}},
{"type":"Feature","properties":{"pipe_id":"P_1380","road_name":"Unnamed Street","diameter_mm":300,"depth_m":-2.2},"geometry":{"type":"LineString","coordinates":[[88.3304186,22.5155576],[88.3306649,22.5153214],[88.3308045,22.5152604],[88.3308969,22.515239],[88.3310501,22.51525],[88.3310761,22.5152415],[88.3311823,22.5152185],[88.3312478,22.5151822],[88.3312501,22.5151141],[88.3312572,22.5149689],[88.3312502,22.5146034]]}},
{"type":"Feature","properties":{"pipe_id":"P_1381","road_name":"Unnamed Street","diameter_mm":300,"depth_m":-2.2},"geometry":{"type":"LineString","coordinates":[[88.3280958,22.5169476],[88.3290466,22.5163175]]}},
{"type":"Feature","properties":{"pipe_id":"P_1382","road_name":"Durgapur Lane","diameter_mm":300,"depth_m":-2.2},"geometry":{"type":"LineString","coordinates":[[88.3316489,22.5143885],[88.3316409,22.5151975]]}},
{"type":"Feature","properties":{"pipe_id":"P_1383","road_name":"Unnamed Street","diameter_mm":300,"depth_m":-2.2},"geometry":{"type":"LineString","coordinates":[[88.3321581,22.515234],[88.3321847,22.5154053],[88.3322248,22.5156575],[88.3322259,22.5157316],[88.3322196,22.5159134],[88.3322172,22.516011],[88.3322179,22.5160382],[88.3322705,22.5160734],[88.3323085,22.5163945],[88.3323051,22.5164422],[88.3323442,22.5166643],[88.3323158,22.5167051],[88.3322136,22.5167149],[88.3318559,22.5167259]]}},
{"type":"Feature","properties":{"pipe_id":"P_1384","road_name":"Unnamed Street","diameter_mm":300,"depth_m":-2.2},"geometry":{"type":"LineString","coordinates":[[88.332447,22.5149731],[88.332475,22.5151886]]}},
{"type":"Feature","properties":{"pipe_id":"P_1385","road_name":"Unnamed Street","diameter_mm":300,"depth_m":-2.2},"geometry":{"type":"LineString","coordinates":[[88.3316409,22.5151975],[88.3315976,22.5152317],[88.3315452,22.5152528],[88.3314568,22.5152838],[88.3314097,22.5153098],[88.3313923,22.5153594],[88.3314084,22.5156344],[88.331423,22.5157675],[88.3314122,22.5160151]]}},
{"type":"Feature","properties":{"pipe_id":"P_1386","road_name":"Unnamed Street","diameter_mm":300,"depth_m":-2.2},"geometry":{"type":"LineString","coordinates":[[88.331423,22.5157675],[88.3311602,22.5157697],[88.3311215,22.5157471],[88.3311065,22.515704],[88.3310761,22.5152415]]}},
{"type":"Feature","properties":{"pipe_id":"P_1387","road_name":"Unnamed Street","diameter_mm":300,"depth_m":-2.2},"geometry":{"type":"LineString","coordinates":[[88.3313923,22.5177554],[88.3319103,22.5177171]]}},
{"type":"Feature","properties":{"pipe_id":"P_1388","road_name":"Unnamed Street","diameter_mm":300,"depth_m":-2.2},"geometry":{"type":"LineString","coordinates":[[88.3318086,22.5150027],[88.3320607,22.5150012],[88.3321744,22.5149908],[88.332447,22.5149731],[88.3325514,22.5149733],[88.3325699,22.5149409],[88.3325807,22.5148837],[88.3325332,22.5145389],[88.3325388,22.5145064],[88.3325779,22.5144834],[88.3327128,22.5144578],[88.3330014,22.5144578]]}},
{"type":"Feature","properties":{"pipe_id":"P_1389","road_name":"Unnamed Street","diameter_mm":300,"depth_m":-2.2},"geometry":{"type":"LineString","coordinates":[[88.3293365,22.5160469],[88.3294143,22.5164471],[88.3294324,22.5165473],[88.3294418,22.5166398],[88.3294491,22.516737],[88.3294685,22.5167866],[88.3295075,22.5168001],[88.3295712,22.516794],[88.3300828,22.5167634],[88.3301862,22.5167521],[88.3304778,22.5167048],[88.3305167,22.5166812],[88.3305434,22.5166218],[88.3305448,22.5165672],[88.3305019,22.5164421],[88.3305125,22.5164],[88.3305918,22.5163566],[88.3306213,22.516318],[88.3306186,22.5162637],[88.3304857,22.5156047],[88.3304186,22.5155576],[88.3303435,22.5155576],[88.3301826,22.5155997],[88.3302059,22.5157822]]}},
{"type":"Feature","properties":{"pipe_id":"P_1390","road_name":"Unnamed Street","diameter_mm":300,"depth_m":-2.2},"geometry":{"type":"LineString","coordinates":[[88.3313762,22.5174977],[88.3318971,22.5174446]]}},
{"type":"Feature","properties":{"pipe_id":"P_1391","road_name":"Unnamed Street","diameter_mm":300,"depth_m":-2.2},"geometry":{"type":"LineString","coordinates":[[88.3344868,22.5125339],[88.3337324,22.5130048],[88.3334534,22.513211],[88.3332096,22.5133653],[88.333163,22.5133897],[88.3330943,22.5134725],[88.3328895,22.5134582],[88.3328309,22.5134692],[88.3326611,22.5134761],[88.3325211,22.5135472],[88.3322532,22.5137385],[88.3318086,22.5140309],[88.3311439,22.5144433],[88.3306948,22.5147298],[88.3302537,22.5150143],[88.3298499,22.5153028],[88.3293752,22.5156441],[88.3287781,22.5159951],[88.3285495,22.5161597],[88.3283627,22.5162992],[88.3277812,22.5166613],[88.327419,22.5168684],[88.3272264,22.5170082],[88.3270778,22.5171093],[88.3267282,22.5173175],[88.3263642,22.5175605]]}},
{"type":"Feature","properties":{"pipe_id":"P_1392","road_name":"Unnamed Street","diameter_mm":300,"depth_m":-2.2},"geometry":{"type":"LineString","coordinates":[[88.3289246,22.5171657],[88.3292402,22.5171686],[88.329323,22.51716],[88.3294059,22.5171372],[88.3295875,22.5170847]]}},
{"type":"Feature","properties":{"pipe_id":"P_1393","road_name":"Unnamed Street","diameter_mm":300,"depth_m":-2.2},"geometry":{"type":"LineString","coordinates":[[88.3330551,22.5150995],[88.3326342,22.5151527],[88.332475,22.5151886],[88.3322026,22.5152261],[88.3321581,22.515234],[88.3316917,22.5152322]]}},
{"type":"Feature","properties":{"pipe_id":"P_1394","road_name":"Unnamed Street","diameter_mm":300,"depth_m":-2.2},"geometry":{"type":"LineString","coordinates":[[88.3318712,22.5169988],[88.3321958,22.5169861],[88.3325236,22.5169343],[88.3325602,22.5169392],[88.3325739,22.5169785],[88.3325951,22.5173444],[88.3326088,22.5173911],[88.3326638,22.5174134],[88.3331579,22.5173579]]}},
{"type":"Feature","properties":{"pipe_id":"P_1395","road_name":"Unnamed Street","diameter_mm":300,"depth_m":-2.2},"geometry":{"type":"LineString","coordinates":[[88.3279637,22.517387],[88.3290266,22.5174382],[88.3291393,22.5174705],[88.3291689,22.5175447],[88.3291957,22.5180604]]}},
{"type":"Feature","properties":{"pipe_id":"P_1396","road_name":"Peary Mohan Roy Road","diameter_mm":600,"depth_m":-2.2},"geometry":{"type":"LineString","coordinates":[[88.3366519,22.5115986],[88.3366246,22.5116702],[88.3366307,22.5117264],[88.3366629,22.5117817],[88.3369352,22.5120277],[88.3370601,22.5121795],[88.3370975,22.5122291],[88.3371217,22.512257],[88.3372024,22.512383],[88.3372342,22.5124479],[88.3372441,22.5125907],[88.3372359,22.5129365],[88.3372353,22.5129402],[88.3372248,22.5131356],[88.3372087,22.5134326],[88.3372081,22.5134895],[88.3372061,22.5136928],[88.3371822,22.5142219],[88.3371806,22.5142536],[88.3371756,22.5144147],[88.3371696,22.514608],[88.3371672,22.5146854],[88.3371855,22.5150318],[88.3372007,22.5151373],[88.3372242,22.5153021],[88.3372496,22.5154803],[88.3372728,22.5156488],[88.3372843,22.515706],[88.3372936,22.5157824],[88.337316,22.5160169],[88.3373349,22.5161128],[88.3373552,22.5162688],[88.3373748,22.5163716],[88.3374001,22.5165568],[88.3374112,22.516628],[88.3374341,22.5168116],[88.3374353,22.5168212],[88.3374675,22.5169203],[88.3374859,22.5169745],[88.3375104,22.5170467],[88.3375828,22.5171793],[88.3376861,22.5173401]]}},
{"type":"Feature","properties":{"pipe_id":"P_1397","road_name":"Rakhal Das Addy Road","diameter_mm":300,"depth_m":-2.2},"geometry":{"type":"LineString","coordinates":[[88.3376861,22.5173401],[88.337772,22.5173812],[88.3378403,22.5174481],[88.3379315,22.5176364],[88.3379496,22.517744],[88.3379897,22.5179823],[88.3379915,22.518013],[88.3379945,22.518064],[88.3379979,22.5181235],[88.3380284,22.5183041],[88.3380681,22.5185055],[88.3380978,22.5185829],[88.3381289,22.5186404],[88.3381997,22.5187464],[88.3382637,22.5188295],[88.3383124,22.5188926],[88.3383875,22.519066],[88.3384052,22.5191139],[88.3384861,22.5193326],[88.3385618,22.5195219],[88.3386247,22.5197137],[88.3386423,22.5197672],[88.3387141,22.519948],[88.3387201,22.519963],[88.3387722,22.5201133],[88.338816,22.5202395],[88.3388363,22.5203049],[88.3388882,22.5204721],[88.3388991,22.5205071],[88.3389519,22.5207085],[88.3389496,22.5207599]]}},
{"type":"Feature","properties":{"pipe_id":"P_1398","road_name":"Gobinda Auddy Road","diameter_mm":600,"depth_m":-2.2},"geometry":{"type":"LineString","coordinates":[[88.3331225,22.5159007],[88.3332376,22.5158493],[88.3334183,22.5158062],[88.3335079,22.5157944],[88.3338532,22.5157323],[88.3340359,22.5156913],[88.3340644,22.515683],[88.3343518,22.5156146],[88.3344223,22.5155972],[88.3345426,22.5155749],[88.3346314,22.5155596],[88.3349337,22.5155065],[88.3353332,22.515415],[88.335547,22.5153705],[88.3357092,22.515332],[88.3358227,22.5153011],[88.3359449,22.5152691],[88.3360642,22.5152392],[88.3363094,22.5151878],[88.3363781,22.5151682],[88.3364901,22.515128],[88.3366787,22.5150789],[88.3367883,22.515058],[88.3368428,22.515058],[88.3369779,22.5150502],[88.3371855,22.5150318],[88.3375735,22.51501],[88.3378191,22.5150048],[88.3378701,22.5150037],[88.3381195,22.5149893],[88.3382916,22.5149721],[88.3387287,22.5149436],[88.3387644,22.5149468],[88.3389007,22.5149391],[88.3389875,22.5149406],[88.3390789,22.5149395],[88.3391672,22.514943],[88.3393333,22.5149277],[88.3396001,22.5149071],[88.3399401,22.5149241]]}},
{"type":"Feature","properties":{"pipe_id":"P_1399","road_name":"Jainuddin Mistry Lane","diameter_mm":600,"depth_m":-2.2},"geometry":{"type":"LineString","coordinates":[[88.3349337,22.5155065],[88.3349691,22.5157773],[88.3349732,22.5158952],[88.3349774,22.515931],[88.3349907,22.5160446],[88.3350143,22.5162853],[88.335088,22.5166628],[88.335099,22.5166962],[88.335142,22.5169278],[88.3351527,22.5169829],[88.335157,22.517005],[88.3353131,22.51781]]}},
{"type":"Feature","properties":{"pipe_id":"P_1400","road_name":"Sankar Bose Road","diameter_mm":600,"depth_m":-2.2},"geometry":{"type":"LineString","coordinates":[[88.3398822,22.5133011],[88.3396696,22.5133102],[88.3392431,22.5133251],[88.3387123,22.5133564],[88.3386298,22.5133713],[88.3384847,22.5133782],[88.3383258,22.513392],[88.3380337,22.5134128],[88.3378028,22.5134292],[88.3374031,22.5134713],[88.3372081,22.5134895],[88.3370222,22.5134961],[88.3365984,22.5135134],[88.3365122,22.5135192],[88.3363629,22.5135356],[88.3361773,22.5135531],[88.3359628,22.5135778],[88.3359003,22.5135822],[88.335888,22.5135895],[88.3356624,22.5136249],[88.3354046,22.5136652],[88.3353271,22.513672],[88.335111,22.5137194],[88.3349744,22.5137447],[88.334791,22.5138238],[88.3346939,22.5139264],[88.3346423,22.5140123],[88.3345877,22.514103],[88.3345519,22.5142366],[88.3345436,22.5143424],[88.3345242,22.5145736],[88.3345439,22.514797],[88.3345197,22.5150942],[88.3345492,22.5152553],[88.3346314,22.5155596]]}},
{"type":"Feature","properties":{"pipe_id":"P_1401","road_name":"Unnamed Street","diameter_mm":300,"depth_m":-2.2},"geometry":{"type":"LineString","coordinates":[[88.3340435,22.5163982],[88.3340183,22.5163145],[88.3340108,22.5162284],[88.3339913,22.5161993],[88.3339855,22.5161529],[88.3339823,22.5159506],[88.3339878,22.5159121],[88.3340041,22.5158401]]}},
{"type":"Feature","properties":{"pipe_id":"P_1402","road_name":"Unnamed Street","diameter_mm":300,"depth_m":-2.2},"geometry":{"type":"LineString","coordinates":[[88.3345385,22.5164545],[88.3342875,22.516447],[88.3341395,22.5164189],[88.3340435,22.5163982]]}},
{"type":"Feature","properties":{"pipe_id":"P_1403","road_name":"Unnamed Street","diameter_mm":300,"depth_m":-2.2},"geometry":{"type":"LineString","coordinates":[[88.335088,22.5166628],[88.3349199,22.5167001],[88.334729,22.5167204],[88.3346254,22.5167211],[88.3343388,22.5167231]]}},
{"type":"Feature","properties":{"pipe_id":"P_1404","road_name":"Unnamed Street","diameter_mm":300,"depth_m":-2.2},"geometry":{"type":"LineString","coordinates":[[88.3331445,22.5167566],[88.3333491,22.5167597],[88.3334859,22.5167672],[88.3336219,22.5167666],[88.3340471,22.5167974],[88.3340707,22.5168232],[88.3340951,22.5169498]]}},
{"type":"Feature","properties":{"pipe_id":"P_1405","road_name":"Unnamed Street","diameter_mm":300,"depth_m":-2.2},"geometry":{"type":"LineString","coordinates":[[88.334173,22.5143838],[88.3341923,22.5145639],[88.3341965,22.5147126],[88.3341793,22.5148107],[88.3341759,22.5148303],[88.3341676,22.5149],[88.3341506,22.5149378],[88.3341281,22.5149877],[88.3340745,22.5151165],[88.3340503,22.5152454],[88.3340486,22.5153602],[88.3340488,22.5155269],[88.3340644,22.515683]]}},
{"type":"Feature","properties":{"pipe_id":"P_1406","road_name":"Unnamed Street","diameter_mm":300,"depth_m":-2.2},"geometry":{"type":"LineString","coordinates":[[88.3349691,22.5157773],[88.3348212,22.5157952],[88.3346343,22.5158194],[88.3344182,22.5158435],[88.3343725,22.5158541],[88.3341764,22.5158574],[88.3340041,22.5158401],[88.3336426,22.5158276],[88.3335778,22.51581],[88.3335079,22.5157944]]}},
{"type":"Feature","properties":{"pipe_id":"P_1407","road_name":"Unnamed Street","diameter_mm":300,"depth_m":-2.2},"geometry":{"type":"LineString","coordinates":[[88.3378192,22.5165629],[88.3378497,22.5167796],[88.3378485,22.5168689],[88.3378944,22.5173265]]}},
{"type":"Feature","properties":{"pipe_id":"P_1408","road_name":"Unnamed Street","diameter_mm":300,"depth_m":-2.2},"geometry":{"type":"LineString","coordinates":[[88.3346489,22.5169747],[88.3346522,22.5170112],[88.3346726,22.5171588],[88.3346882,22.5172993],[88.3346994,22.5174407],[88.3347155,22.5176959],[88.3347212,22.5179288]]}},
{"type":"Feature","properties":{"pipe_id":"P_1409","road_name":"Unnamed Street","diameter_mm":300,"depth_m":-2.2},"geometry":{"type":"LineString","coordinates":[[88.3398956,22.5163117],[88.3394598,22.5163663],[88.339206,22.5163981],[88.3391038,22.5164109],[88.3389722,22.5164273],[88.3389363,22.5164333],[88.3387523,22.5164669],[88.3385145,22.5165495],[88.3383311,22.5165239],[88.3379798,22.5165412],[88.3378192,22.5165629],[88.3378082,22.5165673],[88.3376767,22.5165536],[88.3374001,22.5165568],[88.3370303,22.5166032],[88.336875,22.5165959],[88.3367793,22.5165914],[88.3366601,22.5165858],[88.3364358,22.5165771],[88.3362192,22.5165735],[88.3361644,22.5165765],[88.3359488,22.5165906],[88.3357466,22.5166013],[88.3355739,22.516611],[88.335467,22.5166201],[88.3352444,22.5166408],[88.335088,22.5166628]]}},
{"type":"Feature","properties":{"pipe_id":"P_1410","road_name":"Unnamed Street","diameter_mm":300,"depth_m":-2.2},"geometry":{"type":"LineString","coordinates":[[88.3385145,22.5165495],[88.3385189,22.5166998],[88.3385834,22.5171475]]}},
{"type":"Feature","properties":{"pipe_id":"P_1411","road_name":"Unnamed Street","diameter_mm":300,"depth_m":-2.2},"geometry":{"type":"LineString","coordinates":[[88.3331511,22.5171861],[88.3332005,22.5171859],[88.3337749,22.5171814],[88.3338144,22.5171867],[88.3338346,22.5172136],[88.3338592,22.5179733],[88.3338629,22.5180879]]}},
{"type":"Feature","properties":{"pipe_id":"P_1412","road_name":"Unnamed Street","diameter_mm":300,"depth_m":-2.2},"geometry":{"type":"LineString","coordinates":[[88.3370303,22.5166032],[88.3370142,22.5167741],[88.3370148,22.5168238],[88.3370169,22.5170021],[88.337009,22.5170447],[88.3369713,22.5172474],[88.3369772,22.5174814]]}},
{"type":"Feature","properties":{"pipe_id":"P_1413","road_name":"Unnamed Street","diameter_mm":300,"depth_m":-2.2},"geometry":{"type":"LineString","coordinates":[[88.3352059,22.5143789],[88.3354352,22.5143291],[88.3356299,22.5142921]]}},
{"type":"Feature","properties":{"pipe_id":"P_1414","road_name":"Unnamed Street","diameter_mm":300,"depth_m":-2.2},"geometry":{"type":"LineString","coordinates":[[88.3353384,22.5121301],[88.3351813,22.5121464],[88.335126,22.5121636],[88.3350823,22.5121916],[88.3350284,22.5122975],[88.3349978,22.5123802],[88.3349935,22.5123917],[88.3349909,22.5124759],[88.3349982,22.5125231],[88.3350065,22.5125772],[88.335015,22.512632],[88.3350131,22.512783],[88.3349995,22.5128875],[88.3349949,22.5130215]]}},
{"type":"Feature","properties":{"pipe_id":"P_1415","road_name":"Unnamed Street","diameter_mm":300,"depth_m":-2.2},"geometry":{"type":"LineString","coordinates":[[88.3351285,22.5135468],[88.3349462,22.5135507],[88.3346729,22.5135667],[88.33464,22.5135539],[88.3346138,22.513531]]}},
{"type":"Feature","properties":{"pipe_id":"P_1416","road_name":"Unnamed Street","diameter_mm":300,"depth_m":-2.2},"geometry":{"type":"LineString","coordinates":[[88.3337355,22.5135738],[88.3337922,22.5135359],[88.3339181,22.5134987],[88.3340425,22.5134167],[88.3341668,22.5134016],[88.3343138,22.5133849],[88.334401,22.5133703],[88.3345142,22.5133708],[88.33455,22.5133765],[88.3346152,22.5133877],[88.3348202,22.5133878],[88.3350707,22.5133744],[88.3351164,22.5133832],[88.3351481,22.5134027]]}},
{"type":"Feature","properties":{"pipe_id":"P_1417","road_name":"Unnamed Street","diameter_mm":300,"depth_m":-2.2},"geometry":{"type":"LineString","coordinates":[[88.3348926,22.5150249],[88.3349337,22.5155065]]}},
{"type":"Feature","properties":{"pipe_id":"P_1418","road_name":"Unnamed Street","diameter_mm":300,"depth_m":-2.2},"geometry":{"type":"LineString","coordinates":[[88.3351982,22.5129441],[88.3351757,22.512949],[88.3351435,22.513011],[88.3350467,22.5130214],[88.3349949,22.5130215],[88.33493,22.5130189],[88.3348588,22.5130287],[88.3348209,22.5130221],[88.3347851,22.513015],[88.3347211,22.5129585],[88.334681,22.5129403],[88.3346085,22.5128877],[88.3345058,22.5127669]]}},
{"type":"Feature","properties":{"pipe_id":"P_1419","road_name":"Unnamed Street","diameter_mm":300,"depth_m":-2.2},"geometry":{"type":"LineString","coordinates":[[88.3332376,22.5158493],[88.3331955,22.515632],[88.3331884,22.5153966],[88.3331833,22.5152257],[88.3331821,22.5151835],[88.3331714,22.5148671],[88.3331584,22.5147175],[88.3331357,22.514512],[88.3331491,22.5143807],[88.3331438,22.5141206],[88.3331489,22.5140658],[88.3331743,22.513962],[88.3331652,22.5138926],[88.3331675,22.5138254],[88.3331638,22.5137514],[88.3331436,22.5136702],[88.3330943,22.5134725]]}},
{"type":"Feature","properties":{"pipe_id":"P_1420","road_name":"Unnamed Street","diameter_mm":300,"depth_m":-2.2},"geometry":{"type":"LineString","coordinates":[[88.3341872,22.5138692],[88.3342022,22.5137557],[88.334205,22.5137267],[88.3342084,22.5137133],[88.3342362,22.5137037],[88.3342736,22.5136998],[88.334324,22.5137062],[88.3343859,22.513705],[88.3344797,22.5137028]]}},
{"type":"Feature","properties":{"pipe_id":"P_1421","road_name":"Mahesh Chandra Dutta","diameter_mm":300,"depth_m":-2.2},"geometry":{"type":"LineString","coordinates":[[88.3351982,22.5129441],[88.3352198,22.5133475],[88.3351481,22.5134027],[88.3351267,22.5134861],[88.3351285,22.5135468],[88.3351313,22.5135928],[88.335111,22.5137194],[88.3351098,22.5138703],[88.3351169,22.5138922],[88.3351267,22.5139222],[88.3351903,22.5139545],[88.3352214,22.5139575],[88.3353727,22.5139719],[88.3355229,22.5140958],[88.3356257,22.5140963],[88.3356869,22.5140966],[88.33593,22.5140977],[88.3359481,22.5141057],[88.3359762,22.514118],[88.3359953,22.5141546],[88.3359713,22.5143677],[88.3359685,22.5143925],[88.3359846,22.5144197],[88.3361715,22.5144398],[88.3364164,22.5144494],[88.3364886,22.5144465],[88.3366254,22.5144409],[88.3366471,22.51444],[88.3367031,22.5144377],[88.3367836,22.5144501],[88.3368214,22.5145114],[88.3368241,22.5146526],[88.3368282,22.5147739],[88.3368428,22.515058]]}},
{"type":"Feature","properties":{"pipe_id":"P_1422","road_name":"Unnamed Street","diameter_mm":300,"depth_m":-2.2},"geometry":{"type":"LineString","coordinates":[[88.3346138,22.513531],[88.3345353,22.5135192],[88.3343771,22.5135336],[88.3341468,22.5135517],[88.3341202,22.5135533],[88.3340876,22.513562],[88.3340669,22.5135539],[88.3340425,22.5134167]]}},
{"type":"Feature","properties":{"pipe_id":"P_1423","road_name":"Unnamed Street","diameter_mm":300,"depth_m":-2.2},"geometry":{"type":"LineString","coordinates":[[88.3347851,22.513015],[88.3347832,22.5130922],[88.3347811,22.5131169],[88.3347707,22.5131942],[88.3347379,22.5132167],[88.3346894,22.513226],[88.3344486,22.5132026],[88.3344206,22.5132001],[88.3344051,22.5132075],[88.3343977,22.5132193],[88.334401,22.5133703]]}},
{"type":"Feature","properties":{"pipe_id":"P_1424","road_name":"Unnamed Street","diameter_mm":300,"depth_m":-2.2},"geometry":{"type":"LineString","coordinates":[[88.3341872,22.5138692],[88.3341562,22.5139379],[88.3338745,22.5139836],[88.3337792,22.5139861],[88.3336769,22.5140093],[88.3335403,22.5140222],[88.3334376,22.5139455],[88.3331743,22.513962]]}},
{"type":"Feature","properties":{"pipe_id":"P_1425","road_name":"Unnamed Street","diameter_mm":300,"depth_m":-2.2},"geometry":{"type":"LineString","coordinates":[[88.3357475,22.5129093],[88.3357488,22.5127513],[88.3354677,22.5127502],[88.335443,22.5127321],[88.3354135,22.5126953],[88.3353971,22.512652],[88.3353941,22.5125918],[88.3353861,22.5124356],[88.335378,22.5122795],[88.3353618,22.5122136],[88.3353384,22.5121301],[88.3353151,22.5120634],[88.3352664,22.5120378],[88.3352299,22.512044],[88.3351724,22.5120227]]}},
{"type":"Feature","properties":{"pipe_id":"P_1426","road_name":"Unnamed Street","diameter_mm":300,"depth_m":-2.2},"geometry":{"type":"LineString","coordinates":[[88.3346152,22.5133877],[88.3346138,22.513531],[88.3345918,22.5136409],[88.3345268,22.5136889],[88.3344797,22.5137028]]}},
{"type":"Feature","properties":{"pipe_id":"P_1427","road_name":"Unnamed Street","diameter_mm":300,"depth_m":-2.2},"geometry":{"type":"LineString","coordinates":[[88.3353332,22.515415],[88.3352776,22.5151418],[88.3352707,22.5150856],[88.3352654,22.515043],[88.3352689,22.514901],[88.3352636,22.5147916],[88.3352168,22.5145615],[88.3352117,22.5144848],[88.3352059,22.5143789],[88.3352037,22.5142321],[88.3352214,22.5139575]]}},
{"type":"Feature","properties":{"pipe_id":"P_1428","road_name":"Unnamed Street","diameter_mm":300,"depth_m":-2.2},"geometry":{"type":"LineString","coordinates":[[88.3367487,22.5168037],[88.3364188,22.5168627],[88.3354898,22.5170288]]}},
{"type":"Feature","properties":{"pipe_id":"P_1429","road_name":"Unnamed Street","diameter_mm":300,"depth_m":-2.2},"geometry":{"type":"LineString","coordinates":[[88.3374341,22.5168116],[88.3371278,22.5168247],[88.3370148,22.5168238]]}},
{"type":"Feature","properties":{"pipe_id":"P_1430","road_name":"Unnamed Street","diameter_mm":300,"depth_m":-2.2},"geometry":{"type":"LineString","coordinates":[[88.337009,22.5170447],[88.3367622,22.5170664],[88.3367487,22.5168037],[88.3367793,22.5165914]]}},
{"type":"Feature","properties":{"pipe_id":"P_1431","road_name":"Unnamed Street","diameter_mm":300,"depth_m":-2.2},"geometry":{"type":"LineString","coordinates":[[88.3354665,22.5169658],[88.335157,22.517005]]}},
{"type":"Feature","properties":{"pipe_id":"P_1432","road_name":"Unnamed Street","diameter_mm":300,"depth_m":-2.2},"geometry":{"type":"LineString","coordinates":[[88.3364358,22.5165771],[88.3364269,22.51666],[88.3364188,22.5168627]]}},
{"type":"Feature","properties":{"pipe_id":"P_1433","road_name":"Unnamed Street","diameter_mm":300,"depth_m":-2.2},"geometry":{"type":"LineString","coordinates":[[88.3371278,22.5168247],[88.3371248,22.5170305],[88.3373496,22.5170119],[88.3374859,22.5169745]]}},
{"type":"Feature","properties":{"pipe_id":"P_1434","road_name":"Unnamed Street","diameter_mm":300,"depth_m":-2.2},"geometry":{"type":"LineString","coordinates":[[88.3358357,22.5168669],[88.335505,22.5169254],[88.3354665,22.5169658],[88.3354898,22.5170288],[88.3356201,22.5177375]]}},
{"type":"Feature","properties":{"pipe_id":"P_1435","road_name":"Unnamed Street","diameter_mm":300,"depth_m":-2.2},"geometry":{"type":"LineString","coordinates":[[88.3381656,22.516861],[88.3378485,22.5168689]]}},
{"type":"Feature","properties":{"pipe_id":"P_1436","road_name":"Unnamed Street","diameter_mm":300,"depth_m":-2.2},"geometry":{"type":"LineString","coordinates":[[88.3357132,22.5158803],[88.335729,22.5161363],[88.3356724,22.5161392],[88.3355482,22.5161376]]}},
{"type":"Feature","properties":{"pipe_id":"P_1437","road_name":"Unnamed Street","diameter_mm":300,"depth_m":-2.2},"geometry":{"type":"LineString","coordinates":[[88.3359488,22.5165906],[88.3359206,22.5163236],[88.3359205,22.5162075],[88.3359201,22.5159213],[88.3359181,22.5158743],[88.3359172,22.5158525],[88.3359521,22.5155502],[88.3359502,22.5154726],[88.3359449,22.5152691]]}},
{"type":"Feature","properties":{"pipe_id":"P_1438","road_name":"Unnamed Street","diameter_mm":300,"depth_m":-2.2},"geometry":{"type":"LineString","coordinates":[[88.3355465,22.5158866],[88.3355482,22.5161376],[88.3355739,22.516611]]}},
{"type":"Feature","properties":{"pipe_id":"P_1439","road_name":"Unnamed Street","diameter_mm":300,"depth_m":-2.2},"geometry":{"type":"LineString","coordinates":[[88.3368667,22.5161151],[88.3368707,22.5163424],[88.336875,22.5165959]]}},
{"type":"Feature","properties":{"pipe_id":"P_1440","road_name":"Unnamed Street","diameter_mm":300,"depth_m":-2.2},"geometry":{"type":"LineString","coordinates":[[88.3349691,22.5157773],[88.3354486,22.5157286]]}},
{"type":"Feature","properties":{"pipe_id":"P_1441","road_name":"Unnamed Street","diameter_mm":300,"depth_m":-2.2},"geometry":{"type":"LineString","coordinates":[[88.336966,22.5154709],[88.3367782,22.5154783],[88.3364855,22.5154762]]}},
{"type":"Feature","properties":{"pipe_id":"P_1442","road_name":"Unnamed Street","diameter_mm":300,"depth_m":-2.2},"geometry":{"type":"LineString","coordinates":[[88.3368707,22.5163424],[88.3371309,22.5163041],[88.3373552,22.5162688]]}},
{"type":"Feature","properties":{"pipe_id":"P_1443","road_name":"Unnamed Street","diameter_mm":300,"depth_m":-2.2},"geometry":{"type":"LineString","coordinates":[[88.3364901,22.515128],[88.3364417,22.5149592],[88.3364349,22.5148762],[88.3364379,22.514805],[88.3364577,22.5146719],[88.3364711,22.5145987],[88.3364791,22.514538],[88.3364886,22.5144465]]}},
{"type":"Feature","properties":{"pipe_id":"P_1444","road_name":"Unnamed Street","diameter_mm":300,"depth_m":-2.2},"geometry":{"type":"LineString","coordinates":[[88.3367883,22.515058],[88.3367943,22.5151538],[88.3367997,22.5153074],[88.3367782,22.5154783]]}},
{"type":"Feature","properties":{"pipe_id":"P_1445","road_name":"Unnamed Street","diameter_mm":300,"depth_m":-2.2},"geometry":{"type":"LineString","coordinates":[[88.3349774,22.515931],[88.3351289,22.5159135],[88.3354655,22.5158855],[88.3355465,22.5158866],[88.3357132,22.5158803],[88.335777,22.5158728],[88.3359181,22.5158743]]}},
{"type":"Feature","properties":{"pipe_id":"P_1446","road_name":"Unnamed Street","diameter_mm":300,"depth_m":-2.2},"geometry":{"type":"LineString","coordinates":[[88.3357092,22.515332],[88.3356785,22.5152157],[88.3356478,22.5150983],[88.3356195,22.5150348],[88.3355836,22.5150012],[88.3355395,22.5149938],[88.3352654,22.515043]]}},
{"type":"Feature","properties":{"pipe_id":"P_1447","road_name":"Unnamed Street","diameter_mm":300,"depth_m":-2.2},"geometry":{"type":"LineString","coordinates":[[88.3359205,22.5162075],[88.336065,22.5161963],[88.3362069,22.5161795],[88.3364532,22.5161864]]}},
{"type":"Feature","properties":{"pipe_id":"P_1448","road_name":"Unnamed Street","diameter_mm":300,"depth_m":-2.2},"geometry":{"type":"LineString","coordinates":[[88.3352689,22.514901],[88.3355727,22.5148411],[88.3357357,22.5147745],[88.3358763,22.5147489],[88.3360601,22.5147168],[88.3361693,22.5147081],[88.3362034,22.5147241],[88.3362232,22.5147551],[88.336236,22.5148059],[88.3362716,22.5150243],[88.3363094,22.5151878]]}},
{"type":"Feature","properties":{"pipe_id":"P_1449","road_name":"Jainuddin Mistry Lane","diameter_mm":300,"depth_m":-2.2},"geometry":{"type":"LineString","coordinates":[[88.3364358,22.5165771],[88.3364532,22.5161864],[88.3364564,22.5161151],[88.3364586,22.5159039],[88.3364762,22.5156035],[88.3364812,22.5155298],[88.3364855,22.5154762],[88.336501,22.5153514],[88.336502,22.5152776],[88.3364901,22.515128]]}},
{"type":"Feature","properties":{"pipe_id":"P_1450","road_name":"Unnamed Street","diameter_mm":300,"depth_m":-2.2},"geometry":{"type":"LineString","coordinates":[[88.3359846,22.5144197],[88.3359752,22.5144941]]}},
{"type":"Feature","properties":{"pipe_id":"P_1451","road_name":"Unnamed Street","diameter_mm":300,"depth_m":-2.2},"geometry":{"type":"LineString","coordinates":[[88.3354655,22.5158855],[88.3354486,22.5157286],[88.3353798,22.5156529],[88.3353434,22.5155477],[88.3353332,22.515415]]}},
{"type":"Feature","properties":{"pipe_id":"P_1452","road_name":"Unnamed Street","diameter_mm":300,"depth_m":-2.2},"geometry":{"type":"LineString","coordinates":[[88.3368282,22.5147739],[88.3367595,22.5147796],[88.3367172,22.5147842],[88.336686,22.5147908],[88.3366714,22.5148162],[88.3366787,22.5150789]]}},
{"type":"Feature","properties":{"pipe_id":"P_1453","road_name":"Unnamed Street","diameter_mm":300,"depth_m":-2.2},"geometry":{"type":"LineString","coordinates":[[88.3361693,22.5147081],[88.3361715,22.5144398]]}},
{"type":"Feature","properties":{"pipe_id":"P_1454","road_name":"Unnamed Street","diameter_mm":300,"depth_m":-2.2},"geometry":{"type":"LineString","coordinates":[[88.3359502,22.5154726],[88.3361968,22.5154703],[88.3362867,22.5154799],[88.3364812,22.5155298]]}},
{"type":"Feature","properties":{"pipe_id":"P_1455","road_name":"Unnamed Street","diameter_mm":300,"depth_m":-2.2},"geometry":{"type":"LineString","coordinates":[[88.3390554,22.5144742],[88.3390789,22.5149395]]}},
{"type":"Feature","properties":{"pipe_id":"P_1456","road_name":"Unnamed Street","diameter_mm":300,"depth_m":-2.2},"geometry":{"type":"LineString","coordinates":[[88.3377358,22.5142494],[88.3371806,22.5142536]]}},
{"type":"Feature","properties":{"pipe_id":"P_1457","road_name":"Unnamed Street","diameter_mm":300,"depth_m":-2.2},"geometry":{"type":"LineString","coordinates":[[88.3386298,22.5133713],[88.3386376,22.5134983],[88.3386781,22.5141047],[88.3387024,22.514301]]}},
{"type":"Feature","properties":{"pipe_id":"P_1458","road_name":"Unnamed Street","diameter_mm":300,"depth_m":-2.2},"geometry":{"type":"LineString","coordinates":[[88.3382241,22.5143568],[88.3382266,22.5144104],[88.3382065,22.5144604],[88.3381783,22.5145011],[88.33813,22.5145204],[88.3380299,22.5145192],[88.3379595,22.5145186],[88.3378875,22.514543],[88.3378541,22.5145842],[88.3378701,22.5150037]]}},
{"type":"Feature","properties":{"pipe_id":"P_1459","road_name":"Unnamed Street","diameter_mm":300,"depth_m":-2.2},"geometry":{"type":"LineString","coordinates":[[88.3376312,22.5139644],[88.3379532,22.5139516],[88.338054,22.5139497],[88.3380846,22.5139332],[88.3380918,22.5139123],[88.3380337,22.5134128]]}},
{"type":"Feature","properties":{"pipe_id":"P_1460","road_name":"Unnamed Street","diameter_mm":300,"depth_m":-2.2},"geometry":{"type":"LineString","coordinates":[[88.3379091,22.5158631],[88.3380925,22.5158588],[88.3383409,22.5158534]]}},
{"type":"Feature","properties":{"pipe_id":"P_1461","road_name":"Unnamed Street","diameter_mm":300,"depth_m":-2.2},"geometry":{"type":"LineString","coordinates":[[88.335888,22.5135895],[88.3359172,22.5137588],[88.3359467,22.5139619],[88.3359478,22.5140778],[88.3359481,22.5141057]]}},
{"type":"Feature","properties":{"pipe_id":"P_1462","road_name":"Sabji Bagan Lane","diameter_mm":300,"depth_m":-2.2},"geometry":{"type":"LineString","coordinates":[[88.3387644,22.5149468],[88.3387778,22.5151686],[88.3387872,22.515295],[88.3388016,22.5154082],[88.3387987,22.5154396],[88.3387918,22.5154596],[88.3387764,22.5154734],[88.3387352,22.5154952],[88.3386538,22.5155446],[88.3385206,22.5156128],[88.338355,22.5156929],[88.3383325,22.5157534],[88.3383409,22.5158534],[88.3383378,22.5159251],[88.3383281,22.5161276],[88.3383291,22.5162259],[88.3383286,22.5162531],[88.3383311,22.5165239]]}},
{"type":"Feature","properties":{"pipe_id":"P_1463","road_name":"Unnamed Street","diameter_mm":300,"depth_m":-2.2},"geometry":{"type":"LineString","coordinates":[[88.3382916,22.5149721],[88.3382937,22.5152473],[88.3382937,22.5152752],[88.3382937,22.515396],[88.3382937,22.5154437],[88.3383006,22.5155791],[88.3383181,22.515635],[88.338355,22.5156929]]}},
{"type":"Feature","properties":{"pipe_id":"P_1464","road_name":"Unnamed Street","diameter_mm":300,"depth_m":-2.2},"geometry":{"type":"LineString","coordinates":[[88.3377446,22.516304],[88.3379851,22.5162581],[88.3381006,22.5162415],[88.3383291,22.5162259]]}},
{"type":"Feature","properties":{"pipe_id":"P_1465","road_name":"Unnamed Street","diameter_mm":300,"depth_m":-2.2},"geometry":{"type":"LineString","coordinates":[[88.3394175,22.5135029],[88.3395948,22.513498],[88.3398836,22.5134905]]}},
{"type":"Feature","properties":{"pipe_id":"P_1466","road_name":"Unnamed Street","diameter_mm":300,"depth_m":-2.2},"geometry":{"type":"LineString","coordinates":[[88.339328,22.5142855],[88.3393291,22.5145697],[88.3393425,22.5145887],[88.3393531,22.5145947],[88.3399195,22.514557]]}},
{"type":"Feature","properties":{"pipe_id":"P_1467","road_name":"Unnamed Street","diameter_mm":300,"depth_m":-2.2},"geometry":{"type":"LineString","coordinates":[[88.3387024,22.514301],[88.3385712,22.5143103],[88.3385135,22.514324],[88.3384306,22.5143406],[88.3382829,22.5143534],[88.3382241,22.5143568],[88.3380591,22.51437],[88.3380228,22.5143683],[88.3380038,22.514345],[88.3379795,22.5141531],[88.3379704,22.5140976],[88.3379532,22.5139516]]}},
{"type":"Feature","properties":{"pipe_id":"P_1468","road_name":"Unnamed Street","diameter_mm":300,"depth_m":-2.2},"geometry":{"type":"LineString","coordinates":[[88.3377411,22.5136745],[88.3378059,22.5136646],[88.3378028,22.5134292]]}},
{"type":"Feature","properties":{"pipe_id":"P_1469","road_name":"Unnamed Street","diameter_mm":300,"depth_m":-2.2},"geometry":{"type":"LineString","coordinates":[[88.3377392,22.5144061],[88.3371756,22.5144147]]}},
{"type":"Feature","properties":{"pipe_id":"P_1470","road_name":"Unnamed Street","diameter_mm":300,"depth_m":-2.2},"geometry":{"type":"LineString","coordinates":[[88.3378082,22.5165673],[88.3377761,22.5163566],[88.3377446,22.516304],[88.3376942,22.5162973],[88.3376379,22.5163071],[88.3373748,22.5163716]]}},
{"type":"Feature","properties":{"pipe_id":"P_1471","road_name":"Unnamed Street","diameter_mm":300,"depth_m":-2.2},"geometry":{"type":"LineString","coordinates":[[88.3403885,22.5139942],[88.3401229,22.5140065],[88.3398903,22.5140134]]}},
{"type":"Feature","properties":{"pipe_id":"P_1472","road_name":"Unnamed Street","diameter_mm":300,"depth_m":-2.2},"geometry":{"type":"LineString","coordinates":[[88.3388688,22.5162145],[88.3383286,22.5162531]]}},
{"type":"Feature","properties":{"pipe_id":"P_1473","road_name":"Unnamed Street","diameter_mm":300,"depth_m":-2.2},"geometry":{"type":"LineString","coordinates":[[88.3371822,22.5142219],[88.3369254,22.5142161],[88.336899,22.5142033],[88.3368834,22.5141756],[88.3368784,22.5141371],[88.3368951,22.5139148],[88.3369127,22.5138145],[88.3369044,22.5137827],[88.3368888,22.5137672],[88.3368069,22.5137514],[88.336763,22.5137137],[88.3367234,22.5136929],[88.3366729,22.513681],[88.3365909,22.5136441],[88.3365436,22.5136222],[88.3365122,22.5135192]]}},
{"type":"Feature","properties":{"pipe_id":"P_1474","road_name":"Unnamed Street","diameter_mm":300,"depth_m":-2.2},"geometry":{"type":"LineString","coordinates":[[88.3371696,22.514608],[88.337446,22.5146008],[88.3374944,22.5146065],[88.3375259,22.5146374]]}},
{"type":"Feature","properties":{"pipe_id":"P_1475","road_name":"Unnamed Street","diameter_mm":300,"depth_m":-2.2},"geometry":{"type":"LineString","coordinates":[[88.3398883,22.5142824],[88.3394947,22.5142836],[88.3393779,22.51428],[88.339328,22.5142855],[88.3389481,22.5142744],[88.3387597,22.514285],[88.3387024,22.514301],[88.3386838,22.5143318],[88.3386804,22.5143678],[88.3386819,22.5144454],[88.3386909,22.5145981],[88.3387287,22.5149436]]}},
{"type":"Feature","properties":{"pipe_id":"P_1476","road_name":"Unnamed Street","diameter_mm":300,"depth_m":-2.2},"geometry":{"type":"LineString","coordinates":[[88.3377952,22.5160528],[88.3376473,22.5160656],[88.3375011,22.5160841],[88.3373349,22.5161128]]}},
{"type":"Feature","properties":{"pipe_id":"P_1477","road_name":"Unnamed Street","diameter_mm":300,"depth_m":-2.2},"geometry":{"type":"LineString","coordinates":[[88.3387121,22.5159405],[88.3385883,22.5159198],[88.3385825,22.5159142],[88.3385769,22.515905],[88.338574,22.5158958],[88.3385674,22.5158795],[88.3385603,22.5158011],[88.3385559,22.5157508],[88.3385206,22.5156128]]}},
{"type":"Feature","properties":{"pipe_id":"P_1478","road_name":"Unnamed Street","diameter_mm":300,"depth_m":-2.2},"geometry":{"type":"LineString","coordinates":[[88.3359478,22.5140778],[88.336481,22.5140572],[88.3365205,22.5140594],[88.3365244,22.5140962],[88.3365227,22.5142213],[88.3365265,22.5142645],[88.3365392,22.5143143],[88.3366471,22.51444]]}},
{"type":"Feature","properties":{"pipe_id":"P_1479","road_name":"Unnamed Street","diameter_mm":300,"depth_m":-2.2},"geometry":{"type":"LineString","coordinates":[[88.3371217,22.512257],[88.337044,22.5123322],[88.3370251,22.5124034],[88.337019,22.5127571],[88.336992,22.5128539],[88.3369932,22.5129062],[88.3370095,22.5129248],[88.337044,22.5129311],[88.3372359,22.5129365]]}},
{"type":"Feature","properties":{"pipe_id":"P_1480","road_name":"Unnamed Street","diameter_mm":300,"depth_m":-2.2},"geometry":{"type":"LineString","coordinates":[[88.3365813,22.5129663],[88.3366072,22.5126883]]}},
{"type":"Feature","properties":{"pipe_id":"P_1481","road_name":"Unnamed Street","diameter_mm":300,"depth_m":-2.2},"geometry":{"type":"LineString","coordinates":[[88.3362016,22.5119846],[88.336207,22.5121382],[88.3361945,22.5122726],[88.3361939,22.5123506],[88.3362055,22.5124142],[88.3362493,22.512474],[88.3363044,22.5125435],[88.3363293,22.5126068],[88.3363485,22.5126978],[88.3363436,22.5127413],[88.3363108,22.5130919]]}},
{"type":"Feature","properties":{"pipe_id":"P_1482","road_name":"Unnamed Street","diameter_mm":300,"depth_m":-2.2},"geometry":{"type":"LineString","coordinates":[[88.3356866,22.5119544],[88.3357263,22.5121873],[88.3357423,22.5122388],[88.335783,22.5122967],[88.3358082,22.512329],[88.335864,22.5123531],[88.3359777,22.5123645],[88.3360208,22.5123846],[88.3360332,22.5124086],[88.3360359,22.512588],[88.3360246,22.5126288],[88.3360015,22.51266],[88.3359424,22.5127106],[88.3359368,22.5127597],[88.335942,22.512799],[88.3359308,22.5129831],[88.3359243,22.5130904],[88.3360006,22.5130776],[88.3361389,22.5130765],[88.3362276,22.5130787],[88.3363108,22.5130919],[88.3363604,22.5131017],[88.3363867,22.513117],[88.3363956,22.5131637],[88.3363629,22.5135356]]}},
{"type":"Feature","properties":{"pipe_id":"P_1483","road_name":"Unnamed Street","diameter_mm":300,"depth_m":-2.2},"geometry":{"type":"LineString","coordinates":[[88.3365601,22.512194],[88.3364537,22.5118781]]}},
{"type":"Feature","properties":{"pipe_id":"P_1484","road_name":"Unnamed Street","diameter_mm":300,"depth_m":-2.2},"geometry":{"type":"LineString","coordinates":[[88.3359003,22.5135822],[88.3358815,22.5134991],[88.3358684,22.5134756],[88.3358394,22.513474],[88.3358163,22.5134511],[88.3357044,22.5134266],[88.3354024,22.5134443],[88.3353764,22.513469],[88.3354046,22.5136652]]}},
{"type":"Feature","properties":{"pipe_id":"P_1485","road_name":"Unnamed Street","diameter_mm":300,"depth_m":-2.2},"geometry":{"type":"LineString","coordinates":[[88.3378924,22.5130668],[88.3376412,22.5130943],[88.3373194,22.5131274],[88.3372248,22.5131356]]}},
{"type":"Feature","properties":{"pipe_id":"P_1486","road_name":"Unnamed Street","diameter_mm":300,"depth_m":-2.2},"geometry":{"type":"LineString","coordinates":[[88.3363485,22.5126978],[88.3364532,22.5127004],[88.3366072,22.5126883],[88.337019,22.5127571]]}},
{"type":"Feature","properties":{"pipe_id":"P_1487","road_name":"Unnamed Street","diameter_mm":300,"depth_m":-2.2},"geometry":{"type":"LineString","coordinates":[[88.3357488,22.5127513],[88.3359368,22.5127597]]}},
{"type":"Feature","properties":{"pipe_id":"P_1488","road_name":"Unnamed Street","diameter_mm":300,"depth_m":-2.2},"geometry":{"type":"LineString","coordinates":[[88.3361177,22.5120126],[88.3362016,22.5119846],[88.3364537,22.5118781],[88.3365647,22.5118442],[88.3366629,22.5117817]]}},
{"type":"Feature","properties":{"pipe_id":"P_1489","road_name":"Unnamed Street","diameter_mm":300,"depth_m":-2.2},"geometry":{"type":"LineString","coordinates":[[88.3377986,22.5125426],[88.3378297,22.5127329],[88.3379504,22.5127403],[88.3380443,22.512728],[88.3381423,22.5126999],[88.338244,22.5126775],[88.3384468,22.5126699],[88.3385806,22.512675],[88.3386935,22.5126942],[88.3388135,22.5127383],[88.3389097,22.5127877],[88.3389936,22.5128449],[88.3391274,22.512958],[88.3391673,22.5129872],[88.3392577,22.5130148],[88.3398794,22.5130317]]}},
{"type":"Feature","properties":{"pipe_id":"P_1490","road_name":"Unnamed Street","diameter_mm":300,"depth_m":-2.2},"geometry":{"type":"LineString","coordinates":[[88.3363436,22.5127413],[88.3361533,22.5127478],[88.3359368,22.5127597]]}},
{"type":"Feature","properties":{"pipe_id":"P_1491","road_name":"Vidyasagar Flyover Ramp","diameter_mm":900,"depth_m":-3.5},"geometry":{"type":"LineString","coordinates":[[88.3305773,22.5475668],[88.3308549,22.5471159],[88.331035,22.5468853],[88.3312128,22.5466816],[88.3314464,22.5464821],[88.3316917,22.5462651],[88.3318564,22.5460381],[88.3319315,22.5458399],[88.3319503,22.5456789],[88.3319342,22.5454782],[88.3318806,22.5453395],[88.3317947,22.5451611],[88.3316418,22.5449852],[88.3314621,22.5448391],[88.3311109,22.5445606]]}},
{"type":"Feature","properties":{"pipe_id":"P_1492","road_name":"Vidyasagar Flyover Ramp","diameter_mm":900,"depth_m":-3.5},"geometry":{"type":"LineString","coordinates":[[88.3303963,22.5440723],[88.3300304,22.5438179],[88.3296337,22.5436121]]}},
{"type":"Feature","properties":{"pipe_id":"P_1493","road_name":"Vidyasagar Flyover Ramp","diameter_mm":300,"depth_m":-2.2},"geometry":{"type":"LineString","coordinates":[[88.3301253,22.5475741],[88.3301897,22.5472695],[88.3302698,22.5467945],[88.3303099,22.5463559],[88.3302972,22.5461347],[88.330264,22.5459026],[88.3301322,22.5454191],[88.3299952,22.5449087],[88.3299463,22.5447042],[88.3299176,22.5445022],[88.3299059,22.5442844],[88.3299291,22.544033],[88.3299904,22.5438211],[88.3300989,22.5435621],[88.3302066,22.5433951],[88.3303431,22.5432278],[88.3304908,22.543076],[88.3307505,22.5428696],[88.3309887,22.5427283]]}},
{"type":"Feature","properties":{"pipe_id":"P_1494","road_name":"Vidyasagar Flyover","diameter_mm":900,"depth_m":-3.5},"geometry":{"type":"LineString","coordinates":[[88.3301389,22.5450518],[88.3300768,22.5448562],[88.3300151,22.5445926],[88.3300077,22.5443569],[88.3300314,22.5440303],[88.3301037,22.5437658],[88.330266,22.5434505],[88.3304078,22.5432641],[88.3305632,22.5431195],[88.330863,22.5429051]]}},
{"type":"Feature","properties":{"pipe_id":"P_1495","road_name":"Vidyasagar Flyover Ramp","diameter_mm":300,"depth_m":-2.2},"geometry":{"type":"LineString","coordinates":[[88.3301718,22.5441148],[88.3304732,22.544407],[88.3307459,22.5446209]]}},
{"type":"Feature","properties":{"pipe_id":"P_1496","road_name":"Unnamed Street","diameter_mm":900,"depth_m":-3.5},"geometry":{"type":"LineString","coordinates":[[88.3337028,22.5413107],[88.3346494,22.5408022]]}},
{"type":"Feature","properties":{"pipe_id":"P_1497","road_name":"Belvedere Road","diameter_mm":900,"depth_m":-3.5},"geometry":{"type":"LineString","coordinates":[[88.3338643,22.5390177],[88.3338014,22.5388957],[88.3337325,22.5386513],[88.333657,22.5375294],[88.3336159,22.537092],[88.3335953,22.5366489],[88.3335455,22.5359296],[88.333541,22.5358907],[88.3334829,22.5352306]]}},
{"type":"Feature","properties":{"pipe_id":"P_1498","road_name":"Acharya Jagadish Chandra Bose Road","diameter_mm":900,"depth_m":-3.5},"geometry":{"type":"LineString","coordinates":[[88.3347632,22.5407461],[88.3361765,22.5400485],[88.3365403,22.5399766],[88.3369561,22.5399965],[88.3376592,22.5401328],[88.3376927,22.5401425],[88.3387092,22.5404045],[88.33926,22.5405465]]}},
{"type":"Feature","properties":{"pipe_id":"P_1499","road_name":"Unnamed Street","diameter_mm":300,"depth_m":-2.2},"geometry":{"type":"LineString","coordinates":[[88.3273961,22.5144428],[88.3269152,22.5147895],[88.3265568,22.5150331],[88.326171,22.5152731],[88.3257985,22.5154798],[88.3252394,22.5158427],[88.3249798,22.5152137]]}},
{"type":"Feature","properties":{"pipe_id":"P_1500","road_name":"Unnamed Street","diameter_mm":300,"depth_m":-2.2},"geometry":{"type":"LineString","coordinates":[[88.3240356,22.5130248],[88.3237865,22.5124253],[88.3237139,22.5122724],[88.3236907,22.5122375],[88.323648,22.512242],[88.3227847,22.5124512],[88.322245,22.5125774]]}},
{"type":"Feature","properties":{"pipe_id":"P_1501","road_name":"Unnamed Street","diameter_mm":300,"depth_m":-2.2},"geometry":{"type":"LineString","coordinates":[[88.3248293,22.5153162],[88.325095,22.5159443],[88.3251214,22.5160063],[88.3251699,22.5161624],[88.3251855,22.5162729],[88.3251875,22.5167111]]}},
{"type":"Feature","properties":{"pipe_id":"P_1502","road_name":"Unnamed Street","diameter_mm":600,"depth_m":-2.2},"geometry":{"type":"LineString","coordinates":[[88.3248293,22.5153162],[88.3249798,22.5152137],[88.3253718,22.5149469],[88.3257441,22.5146936],[88.3260876,22.5144599],[88.3264512,22.5142124],[88.3269609,22.5138656]]}},
{"type":"Feature","properties":{"pipe_id":"P_1503","road_name":"Unnamed Street","diameter_mm":300,"depth_m":-2.2},"geometry":{"type":"LineString","coordinates":[[88.324567,22.514718],[88.3247247,22.5146141],[88.3266018,22.5134198]]}},
{"type":"Feature","properties":{"pipe_id":"P_1504","road_name":"Unnamed Street","diameter_mm":300,"depth_m":-2.2},"geometry":{"type":"LineString","coordinates":[[88.3325457,22.5109317],[88.3320415,22.5121756],[88.3318396,22.512314],[88.330856,22.5129883],[88.3298839,22.5136438],[88.3278093,22.5149793]]}},
{"type":"Feature","properties":{"pipe_id":"P_1505","road_name":"Unnamed Street","diameter_mm":300,"depth_m":-2.2},"geometry":{"type":"LineString","coordinates":[[88.324567,22.514718],[88.324273,22.5149137],[88.3242306,22.5149397],[88.3234202,22.515437]]}},
{"type":"Feature","properties":{"pipe_id":"P_1506","road_name":"Unnamed Street","diameter_mm":300,"depth_m":-2.2},"geometry":{"type":"LineString","coordinates":[[88.3234642,22.517017],[88.325095,22.5159443]]}},
{"type":"Feature","properties":{"pipe_id":"P_1507","road_name":"Unnamed Street","diameter_mm":300,"depth_m":-2.2},"geometry":{"type":"LineString","coordinates":[[88.3261339,22.5127485],[88.3262296,22.5129238],[88.3264963,22.5132574],[88.3266018,22.5134198],[88.3267875,22.5136425],[88.3269609,22.5138656],[88.3273961,22.5144428],[88.3278093,22.5149793]]}},
{"type":"Feature","properties":{"pipe_id":"P_1508","road_name":"Unnamed Street","diameter_mm":300,"depth_m":-2.2},"geometry":{"type":"LineString","coordinates":[[88.3273961,22.5144428],[88.3294627,22.5130662],[88.3314796,22.511821]]}},
{"type":"Feature","properties":{"pipe_id":"P_1509","road_name":"Joykrishna Paul Road","diameter_mm":600,"depth_m":-2.2},"geometry":{"type":"LineString","coordinates":[[88.3258784,22.5127704],[88.3257716,22.5121172],[88.3257193,22.5117133],[88.3257167,22.5114801],[88.325698,22.5112925],[88.3256785,22.5110242],[88.325668,22.5108557],[88.3256532,22.510706],[88.3256384,22.5105691],[88.3255965,22.5103602],[88.3255508,22.5102056],[88.3255364,22.5101569],[88.3254707,22.5099441],[88.3254053,22.5097058],[88.3252993,22.5093195],[88.3252809,22.5092509],[88.3252692,22.5092072],[88.3252487,22.5091307],[88.3251945,22.5088848],[88.3251784,22.5088346],[88.3251603,22.5087912],[88.3250965,22.5086135],[88.3250565,22.5084806],[88.3250068,22.5083117],[88.324977,22.5081781],[88.3249613,22.5081078],[88.3249341,22.5079272],[88.3248937,22.507649],[88.3248773,22.5075405],[88.3248433,22.5073361],[88.3248303,22.5072357],[88.3247899,22.5069442],[88.3247754,22.506745]]}},
{"type":"Feature","properties":{"pipe_id":"P_1510","road_name":"Unnamed Street","diameter_mm":300,"depth_m":-2.2},"geometry":{"type":"LineString","coordinates":[[88.3257716,22.5121172],[88.3273613,22.5119467],[88.3277178,22.5118931],[88.3277451,22.5118884],[88.3280611,22.5118337],[88.3282864,22.5117841],[88.3283779,22.5117638],[88.3284242,22.5117509],[88.3284471,22.5117429],[88.3286351,22.5116701],[88.3289462,22.511571],[88.3295041,22.5114818]]}},
{"type":"Feature","properties":{"pipe_id":"P_1511","road_name":"Unnamed Street","diameter_mm":600,"depth_m":-2.2},"geometry":{"type":"LineString","coordinates":[[88.3142989,22.5200622],[88.315473,22.5190204],[88.3158135,22.5186966],[88.3159921,22.5185643],[88.316116,22.5184725],[88.3162211,22.5183946],[88.3163422,22.5182856],[88.3163799,22.5182515],[88.3165488,22.5180781],[88.3169222,22.5177449],[88.3171676,22.5175259],[88.3184622,22.5163706],[88.3192513,22.5156798],[88.3197865,22.5152113],[88.3198599,22.515147],[88.3198808,22.5151287],[88.3208139,22.5143118],[88.3212358,22.5139424],[88.3215275,22.5136871],[88.3217686,22.513474],[88.3218652,22.5134145],[88.3220315,22.5133352],[88.3221696,22.5132789],[88.3222595,22.5132384]]}},
{"type":"Feature","properties":{"pipe_id":"P_1512","road_name":"Unnamed Street","diameter_mm":300,"depth_m":-2.2},"geometry":{"type":"LineString","coordinates":[[88.3252394,22.5158427],[88.3254117,22.5162349],[88.325532,22.516501]]}},
{"type":"Feature","properties":{"pipe_id":"P_1513","road_name":"Unnamed Street","diameter_mm":300,"depth_m":-2.2},"geometry":{"type":"LineString","coordinates":[[88.3049641,22.5221258],[88.3064052,22.5218038],[88.3067177,22.5217341],[88.3079359,22.521463],[88.3098673,22.5210317],[88.3109648,22.5207945],[88.3115333,22.5206716],[88.3142989,22.5200622]]}},
{"type":"Feature","properties":{"pipe_id":"P_1514","road_name":"Karl Marx Sarani","diameter_mm":900,"depth_m":-3.5},"geometry":{"type":"LineString","coordinates":[[88.3284414,22.5429658],[88.3291282,22.5434213],[88.3295752,22.5437201]]}},
{"type":"Feature","properties":{"pipe_id":"P_1515","road_name":"Karl Marx Sarani","diameter_mm":900,"depth_m":-3.5},"geometry":{"type":"LineString","coordinates":[[88.3276314,22.5424639],[88.3281525,22.5427646]]}},
{"type":"Feature","properties":{"pipe_id":"P_1516","road_name":"Unnamed Street","diameter_mm":300,"depth_m":-2.2},"geometry":{"type":"LineString","coordinates":[[88.3413422,22.5429688],[88.3420769,22.54286]]}},
{"type":"Feature","properties":{"pipe_id":"P_1517","road_name":"Unnamed Street","diameter_mm":300,"depth_m":-2.2},"geometry":{"type":"LineString","coordinates":[[88.3412436,22.5416744],[88.3412005,22.5413004]]}},
{"type":"Feature","properties":{"pipe_id":"P_1518","road_name":"Unnamed Street","diameter_mm":300,"depth_m":-2.2},"geometry":{"type":"LineString","coordinates":[[88.3411338,22.5418113],[88.3409681,22.5417922]]}},
{"type":"Feature","properties":{"pipe_id":"P_1519","road_name":"Unnamed Street","diameter_mm":300,"depth_m":-2.2},"geometry":{"type":"LineString","coordinates":[[88.3412897,22.5419221],[88.3413393,22.5421133]]}},
{"type":"Feature","properties":{"pipe_id":"P_1520","road_name":"Unnamed Street","diameter_mm":300,"depth_m":-2.2},"geometry":{"type":"LineString","coordinates":[[88.3411696,22.544939],[88.3410928,22.5445053]]}},
{"type":"Feature","properties":{"pipe_id":"P_1521","road_name":"Unnamed Street","diameter_mm":300,"depth_m":-2.2},"geometry":{"type":"LineString","coordinates":[[88.3408343,22.5445471],[88.3410928,22.5445053],[88.3416131,22.5444211],[88.3413422,22.5429688],[88.3413264,22.5428449],[88.3413382,22.5427028],[88.3413619,22.5426007],[88.3414093,22.5424622],[88.3414406,22.542387],[88.3415096,22.5422686],[88.3419345,22.5420683],[88.3420343,22.542052],[88.3421343,22.5420435],[88.3423692,22.5420596],[88.3425863,22.5421142],[88.3427303,22.5422054],[88.3428428,22.5423238],[88.342902,22.5424204],[88.3429533,22.542568],[88.3429769,22.5427156],[88.3432302,22.5441594]]}},
{"type":"Feature","properties":{"pipe_id":"P_1522","road_name":"Unnamed Street","diameter_mm":300,"depth_m":-2.2},"geometry":{"type":"LineString","coordinates":[[88.3412897,22.5419221],[88.3412376,22.5419201],[88.341193,22.5419021],[88.3411582,22.5418707],[88.3411427,22.5418446],[88.3411338,22.5418113],[88.3411356,22.5417733],[88.3411466,22.541743],[88.3411696,22.5417121],[88.3411968,22.5416913],[88.3412222,22.5416799],[88.3412436,22.5416744],[88.3412886,22.5416735],[88.3413262,22.5416838],[88.3413596,22.5417041],[88.3413785,22.5417232],[88.3413967,22.5417542],[88.3414028,22.5417747],[88.3414033,22.5418184],[88.3413912,22.5418533],[88.3413716,22.5418805],[88.3413432,22.5419033],[88.3413163,22.5419157],[88.3412897,22.5419221]]}},
{"type":"Feature","properties":{"pipe_id":"P_1523","road_name":"Unnamed Street","diameter_mm":300,"depth_m":-2.2},"geometry":{"type":"LineString","coordinates":[[88.3412341,22.5453314],[88.3411668,22.5453305],[88.3411018,22.5453098],[88.3410409,22.5452648],[88.3410004,22.5452001],[88.3409885,22.5451372],[88.3409913,22.545103],[88.3410045,22.54506],[88.3410353,22.5450113],[88.3410829,22.5449707],[88.3411222,22.5449513],[88.3411696,22.544939],[88.3412484,22.544941],[88.3413027,22.544959],[88.3413472,22.5449876],[88.3413802,22.5450222],[88.3414045,22.5450651],[88.3414163,22.5451085],[88.3414151,22.5451686],[88.3413949,22.5452249],[88.3413672,22.5452634],[88.3413193,22.5453021],[88.3412679,22.5453243],[88.3412341,22.5453314]]}},
{"type":"Feature","properties":{"pipe_id":"P_1524","road_name":"Unnamed Street","diameter_mm":300,"depth_m":-2.2},"geometry":{"type":"LineString","coordinates":[[88.3422172,22.5469108],[88.3419756,22.5469433],[88.3418109,22.5469632],[88.3417757,22.5469855],[88.3417524,22.5470198],[88.3417287,22.5470599],[88.3416971,22.5470927],[88.3416715,22.5471146],[88.341628,22.5471364],[88.3415669,22.5471528],[88.3415235,22.547151],[88.3414781,22.5471437],[88.3414307,22.5471237],[88.3414031,22.5471036],[88.3413775,22.5470781],[88.3413558,22.5470617],[88.3413281,22.5470544],[88.3412815,22.5470519],[88.3412162,22.5470591],[88.3411847,22.5470537],[88.341159,22.5470336],[88.3411432,22.5470118],[88.3411202,22.5469507],[88.3408973,22.5458227],[88.3408882,22.5457599],[88.3408756,22.5456733],[88.3408618,22.5454437],[88.3408343,22.5445471],[88.3407966,22.543317],[88.3407986,22.5431931],[88.3408262,22.5430928],[88.3408677,22.5429926],[88.3409387,22.5428487],[88.3410236,22.5427174],[88.341213,22.5424915],[88.3413471,22.5423621],[88.3415096,22.5422686]]}},
{"type":"Feature","properties":{"pipe_id":"P_1525","road_name":"Unnamed Street","diameter_mm":300,"depth_m":-2.2},"geometry":{"type":"LineString","coordinates":[[88.3415978,22.5417398],[88.3416037,22.5418127],[88.3415879,22.5419001],[88.3415504,22.5419566],[88.3414971,22.5420113],[88.3414064,22.542055],[88.3413393,22.5421133],[88.3412327,22.5421972],[88.3411597,22.5422628],[88.341069,22.5423594],[88.3410177,22.5424268],[88.3409447,22.5425288],[88.3408953,22.5425945],[88.3408657,22.5426437],[88.3408519,22.542671],[88.3408361,22.5426874],[88.3408188,22.5426861],[88.3408028,22.542679],[88.3408,22.5426648],[88.3407958,22.5426416],[88.3407937,22.5426223],[88.3408068,22.5424869],[88.3408285,22.5423202],[88.3408872,22.5420912],[88.3409681,22.5417922],[88.3410267,22.5416015],[88.3410909,22.5414572],[88.3411255,22.541377],[88.3411669,22.5413278],[88.3412005,22.5413004],[88.3412439,22.5412822],[88.3412991,22.541284],[88.3413425,22.5413059],[88.341386,22.5413296],[88.3414274,22.5413733],[88.3414432,22.5413934],[88.3414708,22.5414025],[88.3415083,22.5414043],[88.3415458,22.5414152],[88.3415537,22.5414389],[88.3415978,22.5417398]]}},
{"type":"Feature","properties":{"pipe_id":"P_1526","road_name":"Acharya Jagadish Chandra Bose Flyover","diameter_mm":300,"depth_m":-2.2},"geometry":{"type":"LineString","coordinates":[[88.3412214,22.540999],[88.3414376,22.54106],[88.3416948,22.5411181]]}},
{"type":"Feature","properties":{"pipe_id":"P_1527","road_name":"Unnamed Street","diameter_mm":900,"depth_m":-3.5},"geometry":{"type":"LineString","coordinates":[[88.3346898,22.5406311],[88.3345809,22.5406898]]}},
{"type":"Feature","properties":{"pipe_id":"P_1528","road_name":"Tollygunge Road","diameter_mm":600,"depth_m":-2.2},"geometry":{"type":"LineString","coordinates":[[88.341623,22.5097624],[88.3415364,22.5101708],[88.341531,22.5106614],[88.3415281,22.5106785],[88.3414881,22.5111521],[88.3414508,22.5114882],[88.3414425,22.5115361],[88.3414323,22.5118828],[88.3414232,22.5121945],[88.3414191,22.5123348],[88.3414184,22.5123588],[88.3414017,22.5125729],[88.3413975,22.5126264],[88.3413813,22.5128347],[88.3413755,22.5129088],[88.3413594,22.5132756],[88.341356,22.5135878],[88.341354,22.5137736],[88.3413701,22.5141329],[88.3414211,22.5145615],[88.3414272,22.5147908],[88.3414281,22.5148216],[88.3414602,22.5151103],[88.341464,22.5151636],[88.3414708,22.5153716],[88.3414747,22.5155402],[88.3414711,22.5156487],[88.3414622,22.5157077],[88.3414559,22.515793],[88.3414104,22.5159747],[88.341405,22.5160011],[88.3413878,22.5164299],[88.3413725,22.5167896],[88.3413801,22.5168696]]}},
{"type":"Feature","properties":{"pipe_id":"P_1529","road_name":"Alipore Road","diameter_mm":900,"depth_m":-3.5},"geometry":{"type":"LineString","coordinates":[[88.3327886,22.5096671],[88.3327886,22.509714],[88.3327913,22.5098511],[88.3327779,22.5106366],[88.3327751,22.5107868],[88.3327672,22.5112189],[88.3327699,22.5116971],[88.3327806,22.5120093],[88.3328476,22.5128889],[88.332928,22.5138315]]}},
{"type":"Feature","properties":{"pipe_id":"P_1530","road_name":"Unnamed Street","diameter_mm":300,"depth_m":-2.2},"geometry":{"type":"LineString","coordinates":[[88.3427853,22.5147908],[88.3426717,22.5148139],[88.3425898,22.5148411],[88.342531,22.5148845],[88.3424933,22.5149502],[88.3424531,22.5150641],[88.3424008,22.5151831],[88.3423886,22.5152203],[88.34237,22.515277],[88.3423029,22.5153231],[88.3422224,22.5153502],[88.342144,22.5153581],[88.3420382,22.5153576],[88.3417477,22.5153716],[88.3414708,22.5153716]]}},
{"type":"Feature","properties":{"pipe_id":"P_1531","road_name":"New Road","diameter_mm":300,"depth_m":-2.2},"geometry":{"type":"LineString","coordinates":[[88.3270911,22.5252869],[88.3267748,22.523985]]}},
{"type":"Feature","properties":{"pipe_id":"P_1532","road_name":"New Road","diameter_mm":300,"depth_m":-2.2},"geometry":{"type":"LineString","coordinates":[[88.3267748,22.523985],[88.3263628,22.5241013],[88.3265608,22.5248997]]}},
{"type":"Feature","properties":{"pipe_id":"P_1533","road_name":"Belvedere Road","diameter_mm":900,"depth_m":-3.5},"geometry":{"type":"LineString","coordinates":[[88.3350333,22.5325502],[88.3350664,22.5317303],[88.3350733,22.5316494],[88.3351233,22.5310626],[88.3352037,22.5303317],[88.3352252,22.5301707],[88.335236,22.5300914]]}},
{"type":"Feature","properties":{"pipe_id":"P_1534","road_name":"Belvedere Road","diameter_mm":900,"depth_m":-3.5},"geometry":{"type":"LineString","coordinates":[[88.335236,22.5300914],[88.3352548,22.5300419],[88.3356829,22.5295731],[88.3359359,22.529311],[88.3360795,22.5291046],[88.3362525,22.5288873],[88.336277,22.5288384],[88.3363441,22.5287047],[88.3363544,22.5286841],[88.336368,22.5286425]]}},
{"type":"Feature","properties":{"pipe_id":"P_1535","road_name":"Unnamed Street","diameter_mm":900,"depth_m":-3.5},"geometry":{"type":"LineString","coordinates":[[88.3375319,22.5233648],[88.3375303,22.5234293],[88.337511,22.5239212],[88.3375096,22.5239558]]}},
{"type":"Feature","properties":{"pipe_id":"P_1536","road_name":"Unnamed Street","diameter_mm":900,"depth_m":-3.5},"geometry":{"type":"LineString","coordinates":[[88.3367451,22.5274456],[88.3368205,22.5272819],[88.3368634,22.5270638],[88.3368634,22.5268458],[88.336858,22.526608],[88.3368493,22.5262899],[88.3368527,22.5260679],[88.3369063,22.5259043],[88.3369948,22.5257408],[88.3370082,22.5257161],[88.3370869,22.5254832],[88.3371439,22.5253161],[88.3371993,22.5250929],[88.3373114,22.525],[88.3373569,22.5248093],[88.3374106,22.5244178],[88.3374428,22.5241601],[88.3375096,22.5239558]]}},
{"type":"Feature","properties":{"pipe_id":"P_1537","road_name":"Sterndale Road","diameter_mm":300,"depth_m":-2.2},"geometry":{"type":"LineString","coordinates":[[88.3291561,22.5331442],[88.3297962,22.5331024]]}},
{"type":"Feature","properties":{"pipe_id":"P_1538","road_name":"Acharya Jagadish Chandra Bose Flyover","diameter_mm":300,"depth_m":-2.2},"geometry":{"type":"LineString","coordinates":[[88.3416948,22.5411181],[88.3424069,22.5412737],[88.342714,22.5413511],[88.3430587,22.5414217],[88.3432759,22.5414651],[88.3434851,22.5415084],[88.343626,22.541522],[88.3437493,22.5415369],[88.3439264,22.541553]]}},
{"type":"Feature","properties":{"pipe_id":"P_1539","road_name":"Belvedere Road","diameter_mm":900,"depth_m":-3.5},"geometry":{"type":"LineString","coordinates":[[88.3337325,22.5391127],[88.3339191,22.539492]]}},
{"type":"Feature","properties":{"pipe_id":"P_1540","road_name":"Belvedere Road","diameter_mm":900,"depth_m":-3.5},"geometry":{"type":"LineString","coordinates":[[88.3340244,22.5394562],[88.3338643,22.5390177]]}},
{"type":"Feature","properties":{"pipe_id":"P_1541","road_name":"Belvedere Road","diameter_mm":900,"depth_m":-3.5},"geometry":{"type":"LineString","coordinates":[[88.3339191,22.539492],[88.3339849,22.5396257],[88.3345809,22.5406898]]}},
{"type":"Feature","properties":{"pipe_id":"P_1542","road_name":"Belvedere Road","diameter_mm":900,"depth_m":-3.5},"geometry":{"type":"LineString","coordinates":[[88.3346898,22.5406311],[88.3340709,22.5395836],[88.3340244,22.5394562]]}},
{"type":"Feature","properties":{"pipe_id":"P_1543","road_name":"Debendra Lal Khan Road","diameter_mm":900,"depth_m":-3.5},"geometry":{"type":"LineString","coordinates":[[88.3370443,22.5332424],[88.3379522,22.5337407]]}},
{"type":"Feature","properties":{"pipe_id":"P_1544","road_name":"Debendra Lal Khan Road","diameter_mm":900,"depth_m":-3.5},"geometry":{"type":"LineString","coordinates":[[88.3366808,22.5330293],[88.3367102,22.5330415],[88.3368027,22.5331016],[88.3370443,22.5332424]]}},
{"type":"Feature","properties":{"pipe_id":"P_1545","road_name":"Judges Court Road","diameter_mm":900,"depth_m":-3.5},"geometry":{"type":"LineString","coordinates":[[88.3412106,22.5236597],[88.3408822,22.5237093],[88.3406166,22.5237439],[88.3402733,22.5237897]]}},
{"type":"Feature","properties":{"pipe_id":"P_1546","road_name":"Judges Court Road","diameter_mm":900,"depth_m":-3.5},"geometry":{"type":"LineString","coordinates":[[88.3395641,22.5238839],[88.3398038,22.5238755],[88.3398247,22.5238748],[88.3402866,22.5238586]]}},
{"type":"Feature","properties":{"pipe_id":"P_1547","road_name":"Judges Court Road","diameter_mm":900,"depth_m":-3.5},"geometry":{"type":"LineString","coordinates":[[88.3402866,22.5238586],[88.3407372,22.5237991],[88.3410389,22.5237576],[88.3412415,22.5237297]]}},
{"type":"Feature","properties":{"pipe_id":"P_1548","road_name":"Judges Court Road","diameter_mm":900,"depth_m":-3.5},"geometry":{"type":"LineString","coordinates":[[88.3402733,22.5237897],[88.3399512,22.5238083],[88.3398174,22.5238198],[88.3397432,22.523816]]}},
{"type":"Feature","properties":{"pipe_id":"P_1549","road_name":"CPT Colony gate no 1","diameter_mm":300,"depth_m":-2.2},"geometry":{"type":"LineString","coordinates":[[88.3123516,22.5113627],[88.3122325,22.5114328],[88.3120959,22.5114969],[88.3119056,22.5115828],[88.3118728,22.5116271],[88.3118718,22.5116816],[88.3119458,22.5117634],[88.3120484,22.5118533],[88.3121484,22.5119463],[88.3121922,22.5119951],[88.3122089,22.5120136],[88.3123433,22.5121672],[88.3123942,22.5122468],[88.3124827,22.5124153],[88.3125569,22.512722],[88.3125942,22.5129836],[88.3126115,22.5132255],[88.3126141,22.5133767],[88.3126061,22.5135823],[88.3125981,22.5136889],[88.3126398,22.5137672],[88.312754,22.513851],[88.3131806,22.5141788],[88.3132271,22.514222],[88.3133033,22.5143141]]}},
{"type":"Feature","properties":{"pipe_id":"P_1550","road_name":"Unnamed Street","diameter_mm":300,"depth_m":-2.2},"geometry":{"type":"LineString","coordinates":[[88.3125981,22.5136889],[88.3124957,22.5137629],[88.3124547,22.5137977],[88.3121957,22.5141819],[88.312131,22.5142796]]}},
{"type":"Feature","properties":{"pipe_id":"P_1551","road_name":"Unnamed Street","diameter_mm":900,"depth_m":-3.5},"geometry":{"type":"LineString","coordinates":[[88.3064525,22.5158575],[88.3065758,22.5158673],[88.3067319,22.5158371],[88.3070684,22.5157673],[88.3077764,22.5156139],[88.3084577,22.515467],[88.3090231,22.5153411],[88.3095874,22.5152234],[88.3096854,22.5152031],[88.3099666,22.5151448],[88.3100141,22.5151348],[88.3103158,22.5150715],[88.3106744,22.5149886],[88.3110086,22.5149167],[88.3114228,22.5148249],[88.3119171,22.5147086],[88.3122941,22.5146282],[88.3127553,22.5145254],[88.3131791,22.5144258],[88.3134162,22.514372],[88.3136972,22.5143118],[88.3137418,22.5143016],[88.3141934,22.5141953],[88.3146715,22.514102],[88.3149807,22.5140364],[88.3153538,22.5139476],[88.3156162,22.5138904],[88.3156921,22.5138739],[88.3160773,22.513786],[88.3164036,22.5137152],[88.3167195,22.513642],[88.316929,22.513595],[88.3172599,22.5135297],[88.3174713,22.513481],[88.317817,22.513403],[88.3181347,22.5133323],[88.3184214,22.5132657],[88.3187878,22.5131906],[88.3192956,22.5130804],[88.319702,22.5129858],[88.3201419,22.5128925],[88.3206295,22.5127724],[88.3209037,22.512714],[88.3212146,22.5126454],[88.3215442,22.5125798],[88.3217471,22.5125359],[88.3219873,22.5124605]]}},
{"type":"Feature","properties":{"pipe_id":"P_1552","road_name":"Taratala Road","diameter_mm":900,"depth_m":-3.5},"geometry":{"type":"LineString","coordinates":[[88.321967,22.5123831],[88.3214207,22.5125237],[88.3199107,22.5128615],[88.318347,22.5132065],[88.3179172,22.5133067],[88.3170402,22.5135021],[88.3158712,22.5137597],[88.3147077,22.5140216],[88.3146185,22.5140401],[88.314075,22.5141498],[88.3133939,22.5142935],[88.3133033,22.5143141],[88.3121784,22.5145702],[88.3114103,22.5147442],[88.3113046,22.5147682],[88.3105914,22.5149303],[88.3103681,22.5149811],[88.3099937,22.5150645],[88.3097077,22.5151282],[88.3096637,22.5151377],[88.3082227,22.5154482],[88.3078243,22.515534],[88.3075484,22.5155935],[88.3065547,22.5157772],[88.3064525,22.5158575]]}},
{"type":"Feature","properties":{"pipe_id":"P_1553","road_name":"Unnamed Street","diameter_mm":900,"depth_m":-3.5},"geometry":{"type":"LineString","coordinates":[[88.3133939,22.5142935],[88.3134162,22.514372]]}},
{"type":"Feature","properties":{"pipe_id":"P_1554","road_name":"Unnamed Street","diameter_mm":600,"depth_m":-2.2},"geometry":{"type":"LineString","coordinates":[[88.3229374,22.5151781],[88.3229954,22.5150992],[88.3229575,22.5149634]]}},
{"type":"Feature","properties":{"pipe_id":"P_1555","road_name":"Taratala Flyover","diameter_mm":900,"depth_m":-3.5},"geometry":{"type":"LineString","coordinates":[[88.3229374,22.5151781],[88.3228948,22.5150052],[88.3228742,22.5149218],[88.3228531,22.5148366]]}},
{"type":"Feature","properties":{"pipe_id":"P_1556","road_name":"Unnamed Street","diameter_mm":600,"depth_m":-2.2},"geometry":{"type":"LineString","coordinates":[[88.3229575,22.5149634],[88.3224614,22.5132063]]}},
{"type":"Feature","properties":{"pipe_id":"P_1557","road_name":"Unnamed Street","diameter_mm":900,"depth_m":-3.5},"geometry":{"type":"LineString","coordinates":[[88.3221235,22.5121997],[88.3220031,22.5118972],[88.3218814,22.5114831],[88.3218732,22.5114623],[88.321732,22.5111059],[88.321658,22.5108868],[88.3215933,22.5106719],[88.3215425,22.5105281],[88.3215307,22.5104991]]}},
{"type":"Feature","properties":{"pipe_id":"P_1558","road_name":"Unnamed Street","diameter_mm":900,"depth_m":-3.5},"geometry":{"type":"LineString","coordinates":[[88.3221995,22.5124234],[88.3221877,22.5123921],[88.3221753,22.5123448]]}},
{"type":"Feature","properties":{"pipe_id":"P_1559","road_name":"Unnamed Street","diameter_mm":300,"depth_m":-2.2},"geometry":{"type":"LineString","coordinates":[[88.3123433,22.5121672],[88.3122782,22.5122543],[88.3121952,22.5123653],[88.3119269,22.5127558],[88.3119057,22.5128288],[88.3119033,22.5129016],[88.3119832,22.5129701],[88.3121934,22.513089],[88.3124147,22.5132121],[88.3126141,22.5133767]]}},
{"type":"Feature","properties":{"pipe_id":"P_1560","road_name":"Unnamed Street","diameter_mm":300,"depth_m":-2.2},"geometry":{"type":"LineString","coordinates":[[88.3125569,22.512722],[88.3130796,22.5126253],[88.313595,22.5125222],[88.3140361,22.5124303],[88.3144307,22.5123509],[88.3146682,22.512301],[88.314729,22.5122765],[88.3147572,22.5122476],[88.3147718,22.5121854],[88.3147367,22.5119937],[88.3146965,22.5117932],[88.3146549,22.5115646],[88.3146196,22.5114073],[88.3146104,22.5113713],[88.314555,22.5111537],[88.3145205,22.5110182],[88.314514,22.5109885],[88.3144674,22.5107763]]}},
{"type":"Feature","properties":{"pipe_id":"P_1561","road_name":"Unnamed Street","diameter_mm":900,"depth_m":-3.5},"geometry":{"type":"LineString","coordinates":[[88.3212219,22.5101057],[88.3212178,22.5101567],[88.3212141,22.5102117],[88.321248,22.5103138],[88.3212851,22.5104498],[88.3213982,22.5107745],[88.3215,22.5110552],[88.3216452,22.5114799],[88.3217154,22.5117011],[88.3218018,22.5119555],[88.321899,22.5122082],[88.3219228,22.5122695],[88.3219415,22.5123176],[88.321967,22.5123831]]}},
{"type":"Feature","properties":{"pipe_id":"P_1562","road_name":"Unnamed Street","diameter_mm":900,"depth_m":-3.5},"geometry":{"type":"LineString","coordinates":[[88.3219415,22.5123176],[88.322149,22.512268],[88.322307,22.5122096],[88.3224283,22.5121535],[88.3225604,22.5121035],[88.322702,22.5120595],[88.322907,22.5118348],[88.3229858,22.5117051],[88.3230302,22.5116187],[88.3231513,22.5113857],[88.3232185,22.5111975],[88.3232396,22.5110485],[88.3232339,22.5109006],[88.3232136,22.5107194],[88.3231355,22.5103955],[88.3230613,22.5101213],[88.323044,22.5100575],[88.3230351,22.510031],[88.3229775,22.5098598],[88.3229073,22.5096176],[88.3228087,22.5092592],[88.322753,22.5091071],[88.3226886,22.5088603],[88.3226141,22.5086239],[88.3225387,22.5083617],[88.3224361,22.5081744]]}},
{"type":"Feature","properties":{"pipe_id":"P_1563","road_name":"James Long Sarani","diameter_mm":900,"depth_m":-3.5},"geometry":{"type":"LineString","coordinates":[[88.3224361,22.5081744],[88.3224427,22.5083662],[88.3227226,22.5092879],[88.3229653,22.5101449],[88.3230461,22.5104152],[88.3231058,22.510615],[88.3231438,22.5108445],[88.3231591,22.5110265],[88.3231454,22.5111575],[88.3229515,22.511588],[88.3228885,22.5117003],[88.3226615,22.5119694],[88.3225344,22.5120521],[88.3221235,22.5121997]]}},
{"type":"Feature","properties":{"pipe_id":"P_1564","road_name":"Unnamed Street","diameter_mm":300,"depth_m":-2.2},"geometry":{"type":"LineString","coordinates":[[88.3236907,22.5122375],[88.3236542,22.5121909],[88.3234997,22.5119938],[88.3234706,22.5119544],[88.3234408,22.5118722],[88.3234231,22.5117977],[88.3233648,22.5113715],[88.3233233,22.5111523],[88.3232873,22.5110904],[88.3232396,22.5110485]]}},
{"type":"Feature","properties":{"pipe_id":"P_1565","road_name":"Acharya Jagadish Chandra Bose Flyover","diameter_mm":300,"depth_m":-2.2},"geometry":{"type":"LineString","coordinates":[[88.3439344,22.5414725],[88.3437534,22.5414601],[88.3436018,22.5414415],[88.3434422,22.5414205],[88.3432451,22.5413833],[88.3430453,22.5413412],[88.3428401,22.5412941],[88.3425048,22.5412148],[88.342309,22.5411665],[88.3420582,22.5411158],[88.3417203,22.541039]]}},
{"type":"Feature","properties":{"pipe_id":"P_1566","road_name":"Hospital Road","diameter_mm":900,"depth_m":-3.5},"geometry":{"type":"LineString","coordinates":[[88.3406126,22.5424169],[88.3405826,22.5422266],[88.3403743,22.5416975],[88.3402129,22.5414835],[88.3400685,22.5412566],[88.3394772,22.5407496],[88.3394104,22.5406596],[88.3393758,22.5405811]]}},
{"type":"Feature","properties":{"pipe_id":"P_1567","road_name":"Alipore Road","diameter_mm":900,"depth_m":-3.5},"geometry":{"type":"LineString","coordinates":[[88.3308493,22.5251822],[88.3308459,22.5251655],[88.3306827,22.5243675],[88.3306146,22.5240349],[88.3305831,22.523881],[88.3305787,22.5238593],[88.3305716,22.5238243],[88.3305448,22.5236932],[88.3305079,22.5234288],[88.3304998,22.5233712],[88.3304922,22.5233165],[88.3304364,22.5229172],[88.3304286,22.5228613],[88.3303906,22.5223364]]}},
{"type":"Feature","properties":{"pipe_id":"P_1568","road_name":"Judges Court Road","diameter_mm":900,"depth_m":-3.5},"geometry":{"type":"LineString","coordinates":[[88.3308493,22.5251822],[88.3310226,22.5250745],[88.3323864,22.5246968],[88.333199,22.5244835],[88.3335568,22.5244296],[88.3343652,22.5243327]]}},
{"type":"Feature","properties":{"pipe_id":"P_1569","road_name":"Judges Court Road","diameter_mm":900,"depth_m":-3.5},"geometry":{"type":"LineString","coordinates":[[88.3279294,22.5267404],[88.3286831,22.5265521],[88.3289166,22.5264037],[88.329092,22.5262232],[88.3292566,22.5259945],[88.3292847,22.5259531],[88.3295483,22.5256424],[88.3296503,22.5255379],[88.3299295,22.5254529],[88.3303219,22.5253777],[88.3308493,22.5251822]]}},
{"type":"Feature","properties":{"pipe_id":"P_1570","road_name":"Kidderpore Road","diameter_mm":900,"depth_m":-3.5},"geometry":{"type":"LineString","coordinates":[[88.3301718,22.5441148],[88.3305053,22.5443494],[88.3312035,22.5448597],[88.3313103,22.5449747],[88.3313597,22.5450679],[88.3314427,22.5453089],[88.331502,22.5454385],[88.3315834,22.5455331],[88.3316703,22.545625],[88.3317505,22.5456835],[88.3318515,22.5457415],[88.3319087,22.5457627],[88.3320831,22.5457806],[88.3325308,22.5458398],[88.3327228,22.5458733],[88.332814,22.5459055],[88.3329192,22.5459595],[88.3330873,22.546048],[88.3331261,22.5460586]]}},
{"type":"Feature","properties":{"pipe_id":"P_1571","road_name":"Acharya Jagadish Chandra Bose Road","diameter_mm":900,"depth_m":-3.5},"geometry":{"type":"LineString","coordinates":[[88.3437683,22.5413957],[88.3434089,22.5413363],[88.3428671,22.5412223],[88.3422073,22.5410687],[88.3414938,22.5409102],[88.3411636,22.5408484],[88.3410968,22.5408359],[88.3406801,22.5407978]]}},
{"type":"Feature","properties":{"pipe_id":"P_1572","road_name":"Unnamed Street","diameter_mm":300,"depth_m":-2.2},"geometry":{"type":"LineString","coordinates":[[88.3346671,22.5316117],[88.3333447,22.5314564]]}},
{"type":"Feature","properties":{"pipe_id":"P_1573","road_name":"Unnamed Street","diameter_mm":300,"depth_m":-2.2},"geometry":{"type":"LineString","coordinates":[[88.3365905,22.5438581],[88.3359092,22.5447202],[88.3354801,22.5452008],[88.3348525,22.5456962],[88.334375,22.5459588],[88.3341336,22.5462164],[88.3340477,22.5464023],[88.3340479,22.5464294],[88.3339526,22.5465539]]}},
{"type":"Feature","properties":{"pipe_id":"P_1574","road_name":"Unnamed Street","diameter_mm":300,"depth_m":-2.2},"geometry":{"type":"LineString","coordinates":[[88.3264512,22.5142124],[88.3269152,22.5147895],[88.3273309,22.5153359]]}},
{"type":"Feature","properties":{"pipe_id":"P_1575","road_name":"Unnamed Street","diameter_mm":300,"depth_m":-2.2},"geometry":{"type":"LineString","coordinates":[[88.3260876,22.5144599],[88.3265568,22.5150331],[88.3269516,22.51558]]}},
{"type":"Feature","properties":{"pipe_id":"P_1576","road_name":"Unnamed Street","diameter_mm":300,"depth_m":-2.2},"geometry":{"type":"LineString","coordinates":[[88.3257441,22.5146936],[88.326171,22.5152731],[88.3265702,22.515827]]}},
{"type":"Feature","properties":{"pipe_id":"P_1577","road_name":"Unnamed Street","diameter_mm":300,"depth_m":-2.2},"geometry":{"type":"LineString","coordinates":[[88.3253718,22.5149469],[88.3257985,22.5154798],[88.3261905,22.516072]]}},
{"type":"Feature","properties":{"pipe_id":"P_1578","road_name":"Unnamed Street","diameter_mm":300,"depth_m":-2.2},"geometry":{"type":"LineString","coordinates":[[88.322702,22.5120595],[88.3227847,22.5124512],[88.3228689,22.5128186],[88.3229309,22.5131509]]}},
{"type":"Feature","properties":{"pipe_id":"P_1579","road_name":"Unnamed Street","diameter_mm":300,"depth_m":-2.2},"geometry":{"type":"LineString","coordinates":[[88.3298839,22.5136438],[88.3296101,22.5132805],[88.3294627,22.5130662],[88.3290198,22.5124805],[88.3288932,22.5122905]]}},
{"type":"Feature","properties":{"pipe_id":"P_1580","road_name":"Unnamed Street","diameter_mm":300,"depth_m":-2.2},"geometry":{"type":"LineString","coordinates":[[88.3376944,22.5400248],[88.3376592,22.5401328]]}},
{"type":"Feature","properties":{"pipe_id":"P_1581","road_name":"Unnamed Street","diameter_mm":300,"depth_m":-2.2},"geometry":{"type":"LineString","coordinates":[[88.3299446,22.5284505],[88.3296248,22.5284983],[88.3293418,22.5285463]]}},
{"type":"Feature","properties":{"pipe_id":"P_1582","road_name":"Unnamed Street","diameter_mm":300,"depth_m":-2.2},"geometry":{"type":"LineString","coordinates":[[88.3325457,22.5109317],[88.3323245,22.5108256],[88.3322936,22.510815],[88.3322561,22.5108206],[88.3322205,22.5108504],[88.3314407,22.5117021],[88.3314353,22.5117294],[88.3314447,22.5117603],[88.3314608,22.5117925],[88.3314796,22.511821],[88.3318396,22.512314]]}},
{"type":"Feature","properties":{"pipe_id":"P_1583","road_name":"Unnamed Street","diameter_mm":900,"depth_m":-3.5},"geometry":{"type":"LineString","coordinates":[[88.3221235,22.5121997],[88.3219228,22.5122695]]}},
{"type":"Feature","properties":{"pipe_id":"P_1584","road_name":"Unnamed Street","diameter_mm":300,"depth_m":-2.2},"geometry":{"type":"LineString","coordinates":[[88.3158712,22.5137597],[88.3157579,22.5132769],[88.3151387,22.5106381]]}},
{"type":"Feature","properties":{"pipe_id":"P_1585","road_name":"Unnamed Street","diameter_mm":300,"depth_m":-2.2},"geometry":{"type":"LineString","coordinates":[[88.3268125,22.528843],[88.3265886,22.5276708],[88.3272059,22.5275454],[88.3274899,22.5287062]]}},
{"type":"Feature","properties":{"pipe_id":"P_1586","road_name":"Unnamed Street","diameter_mm":300,"depth_m":-2.2},"geometry":{"type":"LineString","coordinates":[[88.3327621,22.5138332],[88.3325211,22.5135472]]}},
{"type":"Feature","properties":{"pipe_id":"P_1587","road_name":"Unnamed Street","diameter_mm":300,"depth_m":-2.2},"geometry":{"type":"LineString","coordinates":[[88.3324508,22.5140141],[88.3322532,22.5137385]]}},
{"type":"Feature","properties":{"pipe_id":"P_1588","road_name":"Unnamed Street","diameter_mm":300,"depth_m":-2.2},"geometry":{"type":"LineString","coordinates":[[88.3238244,22.5144612],[88.3237233,22.5130655]]}},
{"type":"Feature","properties":{"pipe_id":"P_1589","road_name":"Unnamed Street","diameter_mm":300,"depth_m":-2.2},"geometry":{"type":"LineString","coordinates":[[88.3233128,22.5196183],[88.3234987,22.5196954],[88.3236765,22.5197757],[88.3238432,22.519896],[88.3239331,22.520072],[88.3240515,22.5203175],[88.3241427,22.5206346],[88.3242201,22.520992],[88.3242312,22.5210435],[88.3243162,22.5213979],[88.3243197,22.5214126],[88.3243676,22.5216439],[88.3243932,22.5217342],[88.3244903,22.5218438]]}},
{"type":"Feature","properties":{"pipe_id":"P_1590","road_name":"Unnamed Street","diameter_mm":900,"depth_m":-3.5},"geometry":{"type":"LineString","coordinates":[[88.3232183,22.5196375],[88.3233128,22.5196183],[88.3237354,22.519619],[88.3238775,22.5196134],[88.3240816,22.519593],[88.324159,22.5195737]]}},
{"type":"Feature","properties":{"pipe_id":"P_1591","road_name":"Garden Reach Flyover","diameter_mm":900,"depth_m":-3.5},"geometry":{"type":"LineString","coordinates":[[88.3230123,22.5197312],[88.3224412,22.5201802],[88.322292,22.520329],[88.322111,22.5205203],[88.3218302,22.5208978],[88.3216455,22.5211123],[88.3215149,22.5212504],[88.3213013,22.5214429],[88.3210721,22.5216164],[88.3208846,22.5217417],[88.3206915,22.5218539],[88.3191895,22.5225701],[88.3191005,22.5226049],[88.3190092,22.5226309],[88.3189154,22.5226484],[88.3188203,22.5226571],[88.3187243,22.522657],[88.3186463,22.5226502],[88.3185687,22.5226375],[88.3184926,22.5226189],[88.3184183,22.5225946],[88.3183454,22.5225642],[88.3179274,22.5223653],[88.3177943,22.5223047],[88.3176975,22.5222636],[88.3176129,22.5222321],[88.3175243,22.5222075],[88.3174213,22.522187],[88.3173327,22.5221793],[88.3172335,22.5221812],[88.3171357,22.5221919],[88.3170394,22.5222114],[88.3169457,22.5222395],[88.3168558,22.5222759],[88.31671,22.5223501],[88.3162323,22.5226525],[88.3160792,22.522732],[88.3159259,22.5227836],[88.3154184,22.5229045],[88.3151636,22.522994],[88.3149796,22.523085],[88.3146654,22.5232552],[88.3144624,22.523343],[88.3124746,22.5240822],[88.3121716,22.5241905],[88.3119506,22.5242531],[88.3107585,22.5245378],[88.3105787,22.5245893],[88.3103751,22.5246654],[88.3102459,22.5247363],[88.3100476,22.5248617],[88.3092416,22.5254912],[88.3091738,22.5255395],[88.3091032,22.525581],[88.3090288,22.5256164],[88.3089513,22.5256454],[88.3088712,22.5256677],[88.3087894,22.5256832],[88.3086992,22.5256922],[88.3086087,22.525693],[88.3085186,22.5256855],[88.3084296,22.5256699],[88.30834,22.5256456],[88.3082137,22.5256074],[88.3067827,22.5251622],[88.306626,22.5251286],[88.305689,22.5249832],[88.3047183,22.52484],[88.3045901,22.5248232],[88.3044247,22.5248168],[88.3041033,22.5248255],[88.3039198,22.5248218],[88.3037697,22.5248206],[88.3035962,22.5248014],[88.3025268,22.5246457],[88.3023649,22.5246199],[88.301835,22.524522],[88.3013888,22.5244523],[88.2996799,22.5242265],[88.2995681,22.5242265],[88.299483,22.524226],[88.2993935,22.5242343],[88.2993055,22.5242513],[88.2992199,22.524277],[88.2991378,22.524311],[88.2990602,22.5243529],[88.2989878,22.5244022],[88.2989216,22.5244582],[88.2988655,22.5245168],[88.2988161,22.5245802],[88.2987738,22.5246478],[88.2987391,22.524719],[88.2987124,22.5247931],[88.2986943,22.524867],[88.298669,22.524995],[88.2986483,22.5251447],[88.2986273,22.5255677],[88.298597,22.5262735],[88.2985787,22.5264461],[88.2985371,22.526639],[88.2984879,22.5268338],[88.2984517,22.5269907],[88.2984444,22.5270792],[88.2984452,22.527166],[88.2984539,22.5272524],[88.2984705,22.5273381],[88.2985002,22.5274375],[88.2985408,22.5275339],[88.2985877,22.5276191],[88.2986622,22.5277956],[88.2986957,22.5278954],[88.2987052,22.5279477],[88.298708,22.5280012],[88.298704,22.5280547],[88.2986932,22.5281074],[88.2986757,22.5281585],[88.2986519,22.5282074],[88.2986224,22.5282528],[88.2985874,22.5282947],[88.2985473,22.5283326],[88.2985028,22.528366],[88.2984538,22.5283947],[88.296161,22.5294539],[88.2960842,22.5295001],[88.2960089,22.5295499],[88.2959443,22.5296077],[88.2958866,22.5296684],[88.2958278,22.5297422],[88.2957813,22.5298209],[88.2957394,22.5299004],[88.2957047,22.5299847],[88.2956784,22.5300716],[88.2956611,22.5301586],[88.2956484,22.5302451],[88.2955436,22.5320951],[88.2955167,22.5331675],[88.2955187,22.5340691],[88.2955413,22.5342308],[88.2955645,22.5343726],[88.2956311,22.5347615]]}},
{"type":"Feature","properties":{"pipe_id":"P_1592","road_name":"Unnamed Street","diameter_mm":300,"depth_m":-2.2},"geometry":{"type":"LineString","coordinates":[[88.3115719,22.5225248],[88.3116601,22.5224258],[88.311714,22.5223787],[88.3121593,22.5221433],[88.3126742,22.5219376],[88.313098,22.5218286],[88.313385,22.5217692],[88.3134387,22.5217394],[88.3134521,22.5217072],[88.3134487,22.5216354],[88.3132878,22.5211597],[88.3132878,22.5210259],[88.3142989,22.5200622]]}},
{"type":"Feature","properties":{"pipe_id":"P_1593","road_name":"Ekbalpur Lane","diameter_mm":300,"depth_m":-2.2},"geometry":{"type":"LineString","coordinates":[[88.3151222,22.5339337],[88.3154926,22.5338453],[88.3157501,22.5337759],[88.3158542,22.5337471],[88.3159035,22.5337355]]}},
{"type":"Feature","properties":{"pipe_id":"P_1594","road_name":"Unnamed Street","diameter_mm":300,"depth_m":-2.2},"geometry":{"type":"LineString","coordinates":[[88.3142989,22.5200622],[88.3146172,22.5199941],[88.3152448,22.5198598],[88.3168819,22.5195095],[88.317134,22.5195194],[88.3174505,22.5191825]]}},
{"type":"Feature","properties":{"pipe_id":"P_1595","road_name":"Unnamed Street","diameter_mm":300,"depth_m":-2.2},"geometry":{"type":"LineString","coordinates":[[88.3219323,22.5271014],[88.321795,22.5269969],[88.3217789,22.5270112],[88.3217125,22.5270132],[88.3216297,22.5270178],[88.3216174,22.526906],[88.3216036,22.5268201],[88.3215867,22.5266748],[88.3216987,22.5266687],[88.3217775,22.5266656],[88.3217935,22.5268484],[88.3218113,22.5269812],[88.321795,22.5269969]]}},
{"type":"Feature","properties":{"pipe_id":"P_1596","road_name":"Hemchandra Street","diameter_mm":300,"depth_m":-2.2},"geometry":{"type":"LineString","coordinates":[[88.3208862,22.5411181],[88.3209398,22.5411528],[88.3209966,22.5412711],[88.3210018,22.5412819],[88.3210367,22.5413505],[88.3211276,22.5415344],[88.3211611,22.5417109],[88.3211681,22.5417476],[88.3212593,22.5424264],[88.3212754,22.5425752],[88.3212791,22.5426324],[88.3212801,22.5426459],[88.3212805,22.5426517],[88.321282,22.5426731],[88.3213057,22.5428553],[88.3213371,22.5431498],[88.321419,22.5438319],[88.3215272,22.5443883],[88.3215962,22.544628],[88.3216123,22.5446944],[88.3216928,22.5450257],[88.3217411,22.5452245],[88.3217474,22.5452505],[88.3217913,22.5454054],[88.3218064,22.5454585],[88.321927,22.5456392]]}},
{"type":"Feature","properties":{"pipe_id":"P_1597","road_name":"By Lane","diameter_mm":300,"depth_m":-2.2},"geometry":{"type":"LineString","coordinates":[[88.3175994,22.5354177],[88.3175816,22.5355769],[88.3175743,22.5356987],[88.3175294,22.5357559],[88.317492,22.5358027],[88.3174209,22.535845],[88.3173502,22.5358629],[88.3172714,22.535918],[88.317182,22.5359571],[88.317081,22.5359822],[88.3169448,22.5360547],[88.3169389,22.5361815]]}},
{"type":"Feature","properties":{"pipe_id":"P_1598","road_name":"Unnamed Street","diameter_mm":300,"depth_m":-2.2},"geometry":{"type":"LineString","coordinates":[[88.3175994,22.5354177],[88.3181335,22.5352846],[88.3181851,22.5352717]]}},
{"type":"Feature","properties":{"pipe_id":"P_1599","road_name":"Unnamed Street","diameter_mm":300,"depth_m":-2.2},"geometry":{"type":"LineString","coordinates":[[88.318424,22.535213],[88.3187565,22.5351311],[88.3190233,22.5350655]]}},
{"type":"Feature","properties":{"pipe_id":"P_1600","road_name":"Unnamed Street","diameter_mm":300,"depth_m":-2.2},"geometry":{"type":"LineString","coordinates":[[88.3255965,22.5103602],[88.326047,22.5102531],[88.3262379,22.5102231],[88.3264062,22.5101967],[88.3264336,22.5101924],[88.3267388,22.510145],[88.3268816,22.5101228],[88.3272808,22.5100449],[88.3275273,22.5099726],[88.3275756,22.5101386],[88.327691,22.510146],[88.3280504,22.5100593],[88.328442,22.5099998],[88.3287692,22.5100147],[88.3288441,22.5100931],[88.329185,22.510042],[88.3293218,22.5105228],[88.3293325,22.5108175],[88.3293499,22.5109126],[88.3294022,22.5111991],[88.3295041,22.5114818],[88.3296181,22.5120707]]}},
{"type":"Feature","properties":{"pipe_id":"P_1601","road_name":"Garden Reach Flyover Ramp","diameter_mm":600,"depth_m":-2.2},"geometry":{"type":"LineString","coordinates":[[88.3185379,22.5252923],[88.318547,22.525353],[88.3185595,22.5254371]]}},
{"type":"Feature","properties":{"pipe_id":"P_1602","road_name":"Garden Reach Flyover Ramp","diameter_mm":600,"depth_m":-2.2},"geometry":{"type":"LineString","coordinates":[[88.3177581,22.522375],[88.3180093,22.5226403],[88.318093,22.5228188],[88.3181155,22.5229652],[88.3181195,22.5230605],[88.3181205,22.5231832],[88.3180901,22.5232856],[88.3180237,22.5234433],[88.3179621,22.5235721],[88.3179204,22.5236623],[88.31789,22.5237709],[88.3178949,22.5238751],[88.3179109,22.5240074],[88.3179744,22.5241572],[88.318074,22.5243123],[88.3181954,22.5244507],[88.3182992,22.5245689],[88.3183703,22.524725],[88.31844,22.5249678],[88.3185379,22.5252923]]}},
{"type":"Feature","properties":{"pipe_id":"P_1603","road_name":"Unnamed Street","diameter_mm":300,"depth_m":-2.2},"geometry":{"type":"LineString","coordinates":[[88.3283185,22.5157081],[88.3283709,22.515778]]}},
{"type":"Feature","properties":{"pipe_id":"P_1604","road_name":"Unnamed Street","diameter_mm":300,"depth_m":-2.2},"geometry":{"type":"LineString","coordinates":[[88.3278093,22.5149793],[88.3280195,22.5153067]]}},
{"type":"Feature","properties":{"pipe_id":"P_1605","road_name":"Unnamed Street","diameter_mm":300,"depth_m":-2.2},"geometry":{"type":"LineString","coordinates":[[88.3283709,22.515778],[88.3284393,22.515866],[88.3285024,22.5159304],[88.3285541,22.5159697],[88.3286136,22.5160023],[88.3286756,22.516036],[88.3287781,22.5159951]]}},
{"type":"Feature","properties":{"pipe_id":"P_1606","road_name":"Unnamed Street","diameter_mm":300,"depth_m":-2.2},"geometry":{"type":"LineString","coordinates":[[88.3232017,22.5171171],[88.3229508,22.5171026],[88.3227796,22.5169499]]}},
{"type":"Feature","properties":{"pipe_id":"P_1607","road_name":"Unnamed Street","diameter_mm":300,"depth_m":-2.2},"geometry":{"type":"LineString","coordinates":[[88.3224621,22.5182253],[88.322466,22.5183624],[88.3224395,22.51841],[88.3223775,22.5184392],[88.3223286,22.518446],[88.3222876,22.5184447],[88.3222514,22.5184274],[88.3222327,22.518402],[88.3222002,22.5182544]]}},
{"type":"Feature","properties":{"pipe_id":"P_1608","road_name":"Helen Keller Sarani","diameter_mm":300,"depth_m":-2.2},"geometry":{"type":"LineString","coordinates":[[88.3184622,22.5163706],[88.3195271,22.5176061],[88.320218,22.5185178],[88.3204919,22.5185085],[88.3208901,22.5184605],[88.3212348,22.5184233],[88.3213005,22.5184162],[88.3216894,22.5183428],[88.3222002,22.5182544],[88.3224621,22.5182253],[88.322748,22.5181622],[88.3229756,22.5180427],[88.3230507,22.5179634],[88.3231714,22.5177677],[88.3232439,22.5175992],[88.3232017,22.5171171],[88.3231397,22.5167981]]}},
{"type":"Feature","properties":{"pipe_id":"P_1609","road_name":"Unnamed Street","diameter_mm":300,"depth_m":-2.2},"geometry":{"type":"LineString","coordinates":[[88.3216614,22.5175571],[88.3222407,22.5177305]]}},
{"type":"Feature","properties":{"pipe_id":"P_1610","road_name":"Unnamed Street","diameter_mm":300,"depth_m":-2.2},"geometry":{"type":"LineString","coordinates":[[88.3214261,22.5172168],[88.3213663,22.5174654],[88.3215997,22.5175348],[88.3216614,22.5175571],[88.3218001,22.5171469]]}},
{"type":"Feature","properties":{"pipe_id":"P_1611","road_name":"Unnamed Street","diameter_mm":600,"depth_m":-2.2},"geometry":{"type":"LineString","coordinates":[[88.3232199,22.5163186],[88.323304,22.5162938]]}},
{"type":"Feature","properties":{"pipe_id":"P_1612","road_name":"Unnamed Street","diameter_mm":600,"depth_m":-2.2},"geometry":{"type":"LineString","coordinates":[[88.3269609,22.5138656],[88.3277929,22.5133005],[88.3281751,22.5130354],[88.3290198,22.5124805],[88.3295405,22.5121549],[88.3296181,22.5120707]]}},
{"type":"Feature","properties":{"pipe_id":"P_1613","road_name":"Canal Road","diameter_mm":900,"depth_m":-3.5},"geometry":{"type":"LineString","coordinates":[[88.3293005,22.5441859],[88.3292884,22.5442963],[88.3292877,22.544361],[88.329311,22.5446806],[88.3293386,22.5447905],[88.3294241,22.5451318]]}},
{"type":"Feature","properties":{"pipe_id":"P_1614","road_name":"Belvedere Road","diameter_mm":900,"depth_m":-3.5},"geometry":{"type":"LineString","coordinates":[[88.3350333,22.5325502],[88.3350294,22.5326457],[88.3350101,22.5332638],[88.3349963,22.5333846],[88.3349599,22.53354],[88.3349401,22.533593]]}},
{"type":"Feature","properties":{"pipe_id":"P_1615","road_name":"Unnamed Street","diameter_mm":300,"depth_m":-2.2},"geometry":{"type":"LineString","coordinates":[[88.3171673,22.5256029],[88.31706,22.5261768],[88.3169393,22.5267442],[88.3168857,22.5269857],[88.3167368,22.5271258]]}},
{"type":"Feature","properties":{"pipe_id":"P_1616","road_name":"Unnamed Street","diameter_mm":300,"depth_m":-2.2},"geometry":{"type":"LineString","coordinates":[[88.3181342,22.5275556],[88.3180895,22.5275453],[88.3179295,22.5275083],[88.3177856,22.5274751],[88.3176246,22.5274329],[88.3175898,22.5274317],[88.3175603,22.5274379],[88.3175314,22.527449],[88.3175093,22.5274652],[88.317394,22.5280176]]}},
{"type":"Feature","properties":{"pipe_id":"P_1617","road_name":"Unnamed Street","diameter_mm":300,"depth_m":-2.2},"geometry":{"type":"LineString","coordinates":[[88.3406259,22.5389555],[88.3405682,22.537837],[88.3405589,22.5377317],[88.3405421,22.5375727],[88.3405331,22.5374875]]}},
{"type":"Feature","properties":{"pipe_id":"P_1618","road_name":"Unnamed Street","diameter_mm":300,"depth_m":-2.2},"geometry":{"type":"LineString","coordinates":[[88.320218,22.5185178],[88.3199993,22.5185038],[88.3196816,22.5184482],[88.319019,22.5183407],[88.3185822,22.5182509],[88.3184149,22.5182248],[88.3182462,22.5182146],[88.318031,22.5182186],[88.3177842,22.5182682],[88.3176595,22.5182955],[88.317409,22.5183215],[88.3172107,22.5183217],[88.3169143,22.5183168],[88.3165892,22.5183061],[88.3163422,22.5182856]]}},
{"type":"Feature","properties":{"pipe_id":"P_1619","road_name":"Unnamed Street","diameter_mm":300,"depth_m":-2.2},"geometry":{"type":"LineString","coordinates":[[88.3264963,22.5132574],[88.3281751,22.5130354]]}},
{"type":"Feature","properties":{"pipe_id":"P_1620","road_name":"Unnamed Street","diameter_mm":300,"depth_m":-2.2},"geometry":{"type":"LineString","coordinates":[[88.3187878,22.5131906],[88.3188116,22.5132967],[88.3190029,22.5141486],[88.3191724,22.5148282],[88.3191684,22.5148643],[88.319136,22.5148893],[88.3189479,22.5149394],[88.318907,22.5149543],[88.3188897,22.5149832],[88.3188917,22.5150336],[88.3189256,22.5152442]]}},
{"type":"Feature","properties":{"pipe_id":"P_1621","road_name":"Unnamed Street","diameter_mm":300,"depth_m":-2.2},"geometry":{"type":"LineString","coordinates":[[88.3314522,22.530484],[88.3315939,22.5305016],[88.3316716,22.5305113]]}},
{"type":"Feature","properties":{"pipe_id":"P_1622","road_name":"Unnamed Street","diameter_mm":300,"depth_m":-2.2},"geometry":{"type":"LineString","coordinates":[[88.3296221,22.5306636],[88.3301532,22.5306066],[88.3310141,22.5305254]]}},
{"type":"Feature","properties":{"pipe_id":"P_1623","road_name":"Unnamed Street","diameter_mm":300,"depth_m":-2.2},"geometry":{"type":"LineString","coordinates":[[88.3310141,22.5305254],[88.3314522,22.530484]]}},
{"type":"Feature","properties":{"pipe_id":"P_1624","road_name":"Unnamed Street","diameter_mm":300,"depth_m":-2.2},"geometry":{"type":"LineString","coordinates":[[88.3272768,22.5322274],[88.3273713,22.5322187],[88.3273946,22.5322127],[88.3274006,22.5321928],[88.327374,22.5319043]]}},
{"type":"Feature","properties":{"pipe_id":"P_1625","road_name":"Unnamed Street","diameter_mm":300,"depth_m":-2.2},"geometry":{"type":"LineString","coordinates":[[88.3338592,22.537419],[88.3339395,22.537421],[88.3339973,22.5373058],[88.3341671,22.5373044]]}},
{"type":"Feature","properties":{"pipe_id":"P_1626","road_name":"Unnamed Street","diameter_mm":600,"depth_m":-2.2},"geometry":{"type":"LineString","coordinates":[[88.3412162,22.5404254],[88.3411834,22.5407386],[88.3411636,22.5408484],[88.341156,22.5409022]]}},
{"type":"Feature","properties":{"pipe_id":"P_1627","road_name":"Unnamed Street","diameter_mm":300,"depth_m":-2.2},"geometry":{"type":"LineString","coordinates":[[88.3292213,22.5205147],[88.3292429,22.5205744],[88.329262,22.5206356],[88.3293177,22.520814],[88.329194,22.5208443],[88.3290714,22.5208792]]}},
{"type":"Feature","properties":{"pipe_id":"P_1628","road_name":"Judges Court Road","diameter_mm":900,"depth_m":-3.5},"geometry":{"type":"LineString","coordinates":[[88.3263409,22.5270607],[88.3270733,22.5269237],[88.3279294,22.5267404]]}},
{"type":"Feature","properties":{"pipe_id":"P_1629","road_name":"Unnamed Street","diameter_mm":300,"depth_m":-2.2},"geometry":{"type":"LineString","coordinates":[[88.3250004,22.5236979],[88.325162,22.5236646],[88.3254272,22.52361],[88.3262089,22.523444]]}},
{"type":"Feature","properties":{"pipe_id":"P_1630","road_name":"Unnamed Street","diameter_mm":300,"depth_m":-2.2},"geometry":{"type":"LineString","coordinates":[[88.3231518,22.5215274],[88.3232063,22.5222672],[88.3222752,22.5223631],[88.321884,22.5224034]]}},
{"type":"Feature","properties":{"pipe_id":"P_1631","road_name":"Unnamed Street","diameter_mm":300,"depth_m":-2.2},"geometry":{"type":"LineString","coordinates":[[88.3114228,22.5148249],[88.3114389,22.5149433],[88.311455,22.5150616],[88.3115758,22.5154826],[88.311588,22.5155356],[88.3117047,22.5159958],[88.3119849,22.5171012],[88.3120411,22.5173226]]}},
{"type":"Feature","properties":{"pipe_id":"P_1632","road_name":"Unnamed Street","diameter_mm":300,"depth_m":-2.2},"geometry":{"type":"LineString","coordinates":[[88.3158135,22.5186966],[88.3156666,22.5185952],[88.3152858,22.5184392],[88.3148646,22.5182979],[88.3142719,22.5181493],[88.3136388,22.5180403],[88.312617,22.5179263],[88.3124925,22.5179148],[88.3117291,22.5178445],[88.3108011,22.5177627],[88.3102061,22.5177081],[88.3088645,22.5175794],[88.3076844,22.5174456],[88.3068979,22.5173478],[88.3068475,22.5173416],[88.3068059,22.5173521],[88.3067759,22.517393],[88.306759,22.5174364],[88.3066814,22.5180709],[88.3066635,22.5181127],[88.3066123,22.5181364],[88.3065855,22.5181465]]}},
{"type":"Feature","properties":{"pipe_id":"P_1633","road_name":"Unnamed Street","diameter_mm":300,"depth_m":-2.2},"geometry":{"type":"LineString","coordinates":[[88.3178355,22.5129687],[88.3178739,22.5131277],[88.3179172,22.5133067]]}},
{"type":"Feature","properties":{"pipe_id":"P_1634","road_name":"Unnamed Street","diameter_mm":300,"depth_m":-2.2},"geometry":{"type":"LineString","coordinates":[[88.3182678,22.5128686],[88.3178355,22.5129687],[88.3175168,22.5130531]]}},
{"type":"Feature","properties":{"pipe_id":"P_1635","road_name":"Unnamed Street","diameter_mm":300,"depth_m":-2.2},"geometry":{"type":"LineString","coordinates":[[88.318347,22.5132065],[88.3183057,22.5130304],[88.3182678,22.5128686],[88.3178456,22.5111677],[88.3177758,22.5109246],[88.3177584,22.5109121],[88.3177378,22.5109064],[88.3174894,22.5109687]]}},
{"type":"Feature","properties":{"pipe_id":"P_1636","road_name":"Unnamed Street","diameter_mm":300,"depth_m":-2.2},"geometry":{"type":"LineString","coordinates":[[88.3388945,22.5300642],[88.3373415,22.5298349]]}},
{"type":"Feature","properties":{"pipe_id":"P_1637","road_name":"Unnamed Street","diameter_mm":300,"depth_m":-2.2},"geometry":{"type":"LineString","coordinates":[[88.3190029,22.5141486],[88.3198654,22.5139766],[88.320274,22.5138951],[88.3203589,22.513887],[88.3203991,22.5139088],[88.3204215,22.5139629],[88.3204733,22.5141571],[88.3204904,22.5142396],[88.3205227,22.5142696],[88.3205682,22.5142847],[88.3206636,22.5142939],[88.3207467,22.5142939],[88.3208139,22.5143118]]}},
{"type":"Feature","properties":{"pipe_id":"P_1638","road_name":"Shapur Sarani","diameter_mm":600,"depth_m":-2.2},"geometry":{"type":"LineString","coordinates":[[88.3296181,22.5120707],[88.3301047,22.511794],[88.3307302,22.511274],[88.3307485,22.5112588],[88.3313078,22.5107022],[88.3325753,22.509441]]}},
{"type":"Feature","properties":{"pipe_id":"P_1639","road_name":"Shapur Sarani","diameter_mm":600,"depth_m":-2.2},"geometry":{"type":"LineString","coordinates":[[88.3296181,22.5120707],[88.329535,22.5121165],[88.3295234,22.512121],[88.3292572,22.5122103],[88.3288932,22.5122905]]}},
{"type":"Feature","properties":{"pipe_id":"P_1640","road_name":"Diamond Harbour Road","diameter_mm":900,"depth_m":-3.5},"geometry":{"type":"LineString","coordinates":[[88.324572,22.5219499],[88.3245467,22.5218317]]}},
{"type":"Feature","properties":{"pipe_id":"P_1641","road_name":"Raja Santosh Road","diameter_mm":900,"depth_m":-3.5},"geometry":{"type":"LineString","coordinates":[[88.3245467,22.5218317],[88.3245931,22.5216802],[88.324159,22.5195737]]}},
{"type":"Feature","properties":{"pipe_id":"P_1642","road_name":"Majherhat Flyover","diameter_mm":900,"depth_m":-3.5},"geometry":{"type":"LineString","coordinates":[[88.3240273,22.5196998],[88.3237819,22.5187028],[88.323364,22.516967]]}},
{"type":"Feature","properties":{"pipe_id":"P_1643","road_name":"Unnamed Street","diameter_mm":300,"depth_m":-2.2},"geometry":{"type":"LineString","coordinates":[[88.3391613,22.5332217],[88.3390872,22.5331125]]}},
{"type":"Feature","properties":{"pipe_id":"P_1644","road_name":"Pratapaditya Place","diameter_mm":300,"depth_m":-2.2},"geometry":{"type":"LineString","coordinates":[[88.3413975,22.5126264],[88.3420837,22.5125916]]}},
{"type":"Feature","properties":{"pipe_id":"P_1645","road_name":"Acharya Jagadish Chandra Bose Flyover","diameter_mm":300,"depth_m":-2.2},"geometry":{"type":"LineString","coordinates":[[88.3417203,22.541039],[88.3413131,22.5409366]]}},
{"type":"Feature","properties":{"pipe_id":"P_1646","road_name":"Acharya Jagadish Chandra Bose Flyover","diameter_mm":300,"depth_m":-2.2},"geometry":{"type":"LineString","coordinates":[[88.3413131,22.5409366],[88.341156,22.5409022],[88.3406801,22.5407978]]}},
{"type":"Feature","properties":{"pipe_id":"P_1647","road_name":"Unnamed Street","diameter_mm":300,"depth_m":-2.2},"geometry":{"type":"LineString","coordinates":[[88.3414711,22.5156487],[88.3413563,22.515643],[88.3410132,22.5156284]]}},
{"type":"Feature","properties":{"pipe_id":"P_1648","road_name":"Unnamed Street","diameter_mm":300,"depth_m":-2.2},"geometry":{"type":"LineString","coordinates":[[88.3414104,22.5159747],[88.3413418,22.5159703],[88.3412196,22.5159623],[88.3412129,22.5159753],[88.3411981,22.5159963],[88.3411713,22.5160125],[88.3411686,22.5160273],[88.3411646,22.5160409],[88.3411472,22.5160509],[88.3406241,22.5160137],[88.340608,22.5160038],[88.3406013,22.5159815],[88.3406148,22.515844],[88.3406215,22.5158328],[88.3406335,22.5158217],[88.3406496,22.5158204],[88.3411472,22.5158638],[88.3411626,22.515865],[88.341172,22.5158756],[88.341178,22.5158935],[88.341182,22.515901],[88.3411921,22.5159109],[88.3412035,22.5159226],[88.3412142,22.5159369],[88.3412176,22.5159487],[88.3412196,22.5159623]]}},
{"type":"Feature","properties":{"pipe_id":"P_1649","road_name":"Unnamed Street","diameter_mm":300,"depth_m":-2.2},"geometry":{"type":"LineString","coordinates":[[88.3337355,22.5135738],[88.3335835,22.513657],[88.3334732,22.5136801],[88.3333782,22.5136771],[88.3331436,22.5136702]]}},
{"type":"Feature","properties":{"pipe_id":"P_1650","road_name":"Unnamed Street","diameter_mm":300,"depth_m":-2.2},"geometry":{"type":"LineString","coordinates":[[88.3346882,22.5172993],[88.3348517,22.517264]]}},
{"type":"Feature","properties":{"pipe_id":"P_1651","road_name":"Unnamed Street","diameter_mm":300,"depth_m":-2.2},"geometry":{"type":"LineString","coordinates":[[88.332427,22.5204113],[88.3323764,22.5197744],[88.3323606,22.5196477]]}},
{"type":"Feature","properties":{"pipe_id":"P_1652","road_name":"Unnamed Street","diameter_mm":300,"depth_m":-2.2},"geometry":{"type":"LineString","coordinates":[[88.3314729,22.5197149],[88.3314423,22.5190823]]}},
{"type":"Feature","properties":{"pipe_id":"P_1653","road_name":"Unnamed Street","diameter_mm":300,"depth_m":-2.2},"geometry":{"type":"LineString","coordinates":[[88.3324244,22.5209068],[88.3320175,22.5209577],[88.3319221,22.5209696]]}},
{"type":"Feature","properties":{"pipe_id":"P_1654","road_name":"Unnamed Street","diameter_mm":300,"depth_m":-2.2},"geometry":{"type":"LineString","coordinates":[[88.3324244,22.5209068],[88.3328346,22.5208319]]}},
{"type":"Feature","properties":{"pipe_id":"P_1655","road_name":"Unnamed Street","diameter_mm":300,"depth_m":-2.2},"geometry":{"type":"LineString","coordinates":[[88.3345223,22.5214723],[88.3344022,22.5212596]]}},
{"type":"Feature","properties":{"pipe_id":"P_1656","road_name":"Unnamed Street","diameter_mm":300,"depth_m":-2.2},"geometry":{"type":"LineString","coordinates":[[88.3353003,22.5265757],[88.3352904,22.5264527],[88.3352601,22.5260752],[88.3352601,22.5258473]]}},
{"type":"Feature","properties":{"pipe_id":"P_1657","road_name":"Unnamed Street","diameter_mm":300,"depth_m":-2.2},"geometry":{"type":"LineString","coordinates":[[88.3285492,22.5234391],[88.328517,22.5233797],[88.3276123,22.5234911],[88.3275516,22.5234986]]}},
{"type":"Feature","properties":{"pipe_id":"P_1658","road_name":"Unnamed Street","diameter_mm":300,"depth_m":-2.2},"geometry":{"type":"LineString","coordinates":[[88.3285492,22.5234391],[88.3290749,22.5234342],[88.329335,22.5233747]]}},
{"type":"Feature","properties":{"pipe_id":"P_1659","road_name":"Unnamed Street","diameter_mm":300,"depth_m":-2.2},"geometry":{"type":"LineString","coordinates":[[88.3297981,22.5239452],[88.3297946,22.5239129],[88.3297778,22.5237229],[88.3297688,22.5237068],[88.3297474,22.5237024],[88.3292003,22.5237478]]}},
{"type":"Feature","properties":{"pipe_id":"P_1660","road_name":"Unnamed Street","diameter_mm":300,"depth_m":-2.2},"geometry":{"type":"LineString","coordinates":[[88.3289453,22.5249634],[88.328693,22.5246969]]}},
{"type":"Feature","properties":{"pipe_id":"P_1661","road_name":"Unnamed Street","diameter_mm":300,"depth_m":-2.2},"geometry":{"type":"LineString","coordinates":[[88.3278214,22.5260455],[88.3278877,22.5260399],[88.3284044,22.5259959]]}},
{"type":"Feature","properties":{"pipe_id":"P_1662","road_name":"Unnamed Street","diameter_mm":300,"depth_m":-2.2},"geometry":{"type":"LineString","coordinates":[[88.3329374,22.5300066],[88.3329374,22.5299253],[88.3329374,22.5298213],[88.3329482,22.5297717],[88.3329696,22.5297519],[88.3330179,22.529737],[88.3331252,22.5297271],[88.3332325,22.5297123]]}},
{"type":"Feature","properties":{"pipe_id":"P_1663","road_name":"Unnamed Street","diameter_mm":300,"depth_m":-2.2},"geometry":{"type":"LineString","coordinates":[[88.3327389,22.5306682],[88.3326638,22.5307429],[88.3326798,22.5310651]]}},
{"type":"Feature","properties":{"pipe_id":"P_1664","road_name":"Unnamed Street","diameter_mm":300,"depth_m":-2.2},"geometry":{"type":"LineString","coordinates":[[88.3372075,22.5303663],[88.3355391,22.5301681],[88.3352252,22.5301707]]}},
{"type":"Feature","properties":{"pipe_id":"P_1665","road_name":"Unnamed Street","diameter_mm":300,"depth_m":-2.2},"geometry":{"type":"LineString","coordinates":[[88.33726,22.5288498],[88.3364897,22.5286708],[88.336368,22.5286425]]}},
{"type":"Feature","properties":{"pipe_id":"P_1666","road_name":"Unnamed Street","diameter_mm":300,"depth_m":-2.2},"geometry":{"type":"LineString","coordinates":[[88.3361293,22.537853],[88.3370331,22.5379051]]}},
{"type":"Feature","properties":{"pipe_id":"P_1667","road_name":"Unnamed Street","diameter_mm":300,"depth_m":-2.2},"geometry":{"type":"LineString","coordinates":[[88.3402231,22.5351077],[88.3402061,22.5348456],[88.3402275,22.5344913]]}},
{"type":"Feature","properties":{"pipe_id":"P_1668","road_name":"Unnamed Street","diameter_mm":300,"depth_m":-2.2},"geometry":{"type":"LineString","coordinates":[[88.341356,22.5135878],[88.3421637,22.513638],[88.3421931,22.5136398],[88.3425756,22.513666],[88.3424891,22.5139938]]}},
{"type":"Feature","properties":{"pipe_id":"P_1669","road_name":"Unnamed Street","diameter_mm":300,"depth_m":-2.2},"geometry":{"type":"LineString","coordinates":[[88.340823,22.5359381],[88.3405194,22.5359653],[88.3402463,22.5359555]]}},
{"type":"Feature","properties":{"pipe_id":"P_1670","road_name":"Unnamed Street","diameter_mm":300,"depth_m":-2.2},"geometry":{"type":"LineString","coordinates":[[88.3385271,22.5250743],[88.3374527,22.5250086]]}},
{"type":"Feature","properties":{"pipe_id":"P_1671","road_name":"Unnamed Street","diameter_mm":300,"depth_m":-2.2},"geometry":{"type":"LineString","coordinates":[[88.3384462,22.5229915],[88.3384675,22.5229699],[88.3385343,22.522959],[88.3396649,22.5229393]]}},
{"type":"Feature","properties":{"pipe_id":"P_1672","road_name":"Unnamed Street","diameter_mm":300,"depth_m":-2.2},"geometry":{"type":"LineString","coordinates":[[88.3397366,22.5233053],[88.339262,22.5233202],[88.3387953,22.5233351],[88.33845,22.5235184]]}},
{"type":"Feature","properties":{"pipe_id":"P_1673","road_name":"Unnamed Street","diameter_mm":300,"depth_m":-2.2},"geometry":{"type":"LineString","coordinates":[[88.3284302,22.5441959],[88.3289731,22.5439328],[88.3290579,22.5438924]]}},
{"type":"Feature","properties":{"pipe_id":"P_1674","road_name":"Unnamed Street","diameter_mm":300,"depth_m":-2.2},"geometry":{"type":"LineString","coordinates":[[88.3409488,22.515566],[88.3409728,22.5155728],[88.340993,22.5155866],[88.341007,22.5156059],[88.3410132,22.5156284],[88.3410113,22.5156501],[88.341002,22.5156701],[88.3409864,22.5156865],[88.340966,22.5156974],[88.3409429,22.5157019],[88.3409195,22.5156994],[88.3408981,22.5156902],[88.340881,22.5156752],[88.3408698,22.515656],[88.3408657,22.5156346],[88.3408697,22.5156116],[88.3408817,22.5155913],[88.3409004,22.5155758],[88.3409237,22.515567],[88.3409488,22.515566]]}},
{"type":"Feature","properties":{"pipe_id":"P_1675","road_name":"Unnamed Street","diameter_mm":600,"depth_m":-2.2},"geometry":{"type":"LineString","coordinates":[[88.322245,22.5125774],[88.3221995,22.5124234]]}},
{"type":"Feature","properties":{"pipe_id":"P_1676","road_name":"Unnamed Street","diameter_mm":600,"depth_m":-2.2},"geometry":{"type":"LineString","coordinates":[[88.3222595,22.5132384],[88.322782,22.5151341],[88.322874,22.5151932]]}},
{"type":"Feature","properties":{"pipe_id":"P_1677","road_name":"Unnamed Street","diameter_mm":300,"depth_m":-2.2},"geometry":{"type":"LineString","coordinates":[[88.3124925,22.5179148],[88.3125058,22.5179615],[88.3126373,22.518424],[88.3127395,22.5187835]]}},
{"type":"Feature","properties":{"pipe_id":"P_1678","road_name":"Unnamed Street","diameter_mm":300,"depth_m":-2.2},"geometry":{"type":"LineString","coordinates":[[88.3119849,22.5171012],[88.3127426,22.5169457]]}},
{"type":"Feature","properties":{"pipe_id":"P_1679","road_name":"Unnamed Street","diameter_mm":300,"depth_m":-2.2},"geometry":{"type":"LineString","coordinates":[[88.3117047,22.5159958],[88.3123386,22.5158542]]}},
{"type":"Feature","properties":{"pipe_id":"P_1680","road_name":"Unnamed Street","diameter_mm":300,"depth_m":-2.2},"geometry":{"type":"LineString","coordinates":[[88.3141934,22.5141953],[88.3142162,22.5142951],[88.3142269,22.5143515],[88.3142149,22.5143707],[88.3142007,22.5143859],[88.3141748,22.5144007],[88.3141373,22.5144131],[88.3138261,22.5144824],[88.3137993,22.5144973],[88.3137832,22.5145221],[88.3137779,22.5145493],[88.3137913,22.5146088],[88.3139131,22.5151228]]}},
{"type":"Feature","properties":{"pipe_id":"P_1681","road_name":"Unnamed Street","diameter_mm":300,"depth_m":-2.2},"geometry":{"type":"LineString","coordinates":[[88.3165488,22.5180781],[88.3164093,22.5180571],[88.3155578,22.5179291],[88.3148481,22.5178651],[88.314734,22.5178306],[88.3146789,22.517803],[88.3146256,22.5177488],[88.3145929,22.5176841],[88.3145882,22.5176474],[88.3145999,22.5175439],[88.3146348,22.5172674],[88.3146743,22.5169549],[88.3146845,22.5169371],[88.3147073,22.5169243],[88.3147437,22.516925],[88.3150872,22.5169603],[88.3151124,22.5169689],[88.3151225,22.5169878],[88.3151199,22.5170201],[88.3150864,22.5173214]]}},
{"type":"Feature","properties":{"pipe_id":"P_1682","road_name":"Unnamed Street","diameter_mm":300,"depth_m":-2.2},"geometry":{"type":"LineString","coordinates":[[88.3163799,22.5182515],[88.3159683,22.5181645],[88.3157188,22.5181076],[88.315574,22.5180791],[88.3154199,22.5180507],[88.3152813,22.5180336],[88.3150779,22.518008],[88.3149732,22.5179994],[88.3146188,22.5179454],[88.3145233,22.5179254],[88.3143415,22.5178771],[88.313864,22.5176978],[88.3138301,22.5176721],[88.3138116,22.5176323],[88.3138147,22.5175868],[88.3138332,22.5175355],[88.3138609,22.5174871],[88.3141444,22.5172082]]}},
{"type":"Feature","properties":{"pipe_id":"P_1683","road_name":"Unnamed Street","diameter_mm":300,"depth_m":-2.2},"geometry":{"type":"LineString","coordinates":[[88.3192513,22.5156798],[88.3191332,22.5155869],[88.3190801,22.5155542],[88.3190377,22.5155444],[88.3189067,22.5155608],[88.3175937,22.5158485],[88.3173318,22.5159106],[88.3172681,22.5159269],[88.3172327,22.5159466],[88.3172114,22.5159793],[88.317215,22.516025],[88.3172645,22.516195],[88.3172681,22.516231],[88.3172468,22.5162572],[88.3172044,22.516267],[88.3164257,22.5161722]]}},
{"type":"Feature","properties":{"pipe_id":"P_1684","road_name":"Unnamed Street","diameter_mm":300,"depth_m":-2.2},"geometry":{"type":"LineString","coordinates":[[88.318907,22.5149543],[88.3185811,22.5150213],[88.3185316,22.5150279],[88.3184785,22.5150213],[88.3184395,22.5150017],[88.3184183,22.5149592],[88.3183227,22.5145571],[88.318269,22.5144024],[88.3180856,22.514446],[88.3171108,22.5146534],[88.3160739,22.5149068]]}},
{"type":"Feature","properties":{"pipe_id":"P_1685","road_name":"Unnamed Street","diameter_mm":300,"depth_m":-2.2},"geometry":{"type":"LineString","coordinates":[[88.3204351,22.5169464],[88.3214576,22.5167318],[88.3218772,22.5166451],[88.3222462,22.5165748],[88.3222971,22.5165375],[88.3223275,22.5165078],[88.3223302,22.5164696],[88.3221197,22.5156674],[88.3219802,22.5151272],[88.3219534,22.5150182],[88.321932,22.5149637],[88.3218944,22.514924],[88.32183,22.5149141],[88.3216315,22.5149191],[88.3214813,22.514929],[88.3203156,22.5151787],[88.3200551,22.5152546],[88.3200223,22.5152407],[88.3199499,22.5151888],[88.3198808,22.5151287]]}},
{"type":"Feature","properties":{"pipe_id":"P_1686","road_name":"Unnamed Street","diameter_mm":300,"depth_m":-2.2},"geometry":{"type":"LineString","coordinates":[[88.313595,22.5125222],[88.3135453,22.512168],[88.3135229,22.5120369],[88.3134723,22.5118143],[88.3134117,22.5116167],[88.3133581,22.5114205],[88.3133019,22.5112145],[88.3132529,22.5110348],[88.3132365,22.5109749]]}},
{"type":"Feature","properties":{"pipe_id":"P_1687","road_name":"Unnamed Street","diameter_mm":300,"depth_m":-2.2},"geometry":{"type":"LineString","coordinates":[[88.3122782,22.5122543],[88.3121516,22.5121958],[88.312112,22.5121828],[88.3120825,22.512184],[88.3120503,22.5121927],[88.3118069,22.5122745],[88.311772,22.5122844],[88.3115027,22.5123419]]}},
{"type":"Feature","properties":{"pipe_id":"P_1688","road_name":"Unnamed Street","diameter_mm":300,"depth_m":-2.2},"geometry":{"type":"LineString","coordinates":[[88.3110921,22.5122568],[88.3121922,22.5119951]]}},
{"type":"Feature","properties":{"pipe_id":"P_1689","road_name":"Unnamed Street","diameter_mm":300,"depth_m":-2.2},"geometry":{"type":"LineString","coordinates":[[88.314075,22.5141498],[88.314052,22.514082],[88.3140178,22.5139703],[88.3139965,22.5138938],[88.3139454,22.5137097],[88.3137673,22.5130597],[88.3137287,22.5128979],[88.313727,22.5128678],[88.3137374,22.5128416],[88.3137813,22.5128177],[88.3140346,22.5127413],[88.3147014,22.5125813]]}},
{"type":"Feature","properties":{"pipe_id":"P_1690","road_name":"Unnamed Street","diameter_mm":300,"depth_m":-2.2},"geometry":{"type":"LineString","coordinates":[[88.3139965,22.5138938],[88.3144796,22.5137837],[88.3145231,22.5137505],[88.3143599,22.513072]]}},
{"type":"Feature","properties":{"pipe_id":"P_1691","road_name":"Unnamed Street","diameter_mm":300,"depth_m":-2.2},"geometry":{"type":"LineString","coordinates":[[88.3170402,22.5135021],[88.3170153,22.5134098],[88.3166599,22.512092],[88.3166323,22.5120619],[88.3165812,22.5120391],[88.3165223,22.5120441],[88.3157719,22.5122042]]}},
{"type":"Feature","properties":{"pipe_id":"P_1692","road_name":"Unnamed Street","diameter_mm":300,"depth_m":-2.2},"geometry":{"type":"LineString","coordinates":[[88.3240816,22.519593],[88.3240276,22.5192029],[88.3240379,22.5190883],[88.3240689,22.5190358],[88.3242757,22.5188878],[88.3246117,22.5186156],[88.3247512,22.5185201],[88.3248391,22.5184819],[88.3250045,22.518458],[88.3250717,22.5184437],[88.3251544,22.5184055],[88.3253922,22.5182527]]}},
{"type":"Feature","properties":{"pipe_id":"P_1693","road_name":"Unnamed Street","diameter_mm":300,"depth_m":-2.2},"geometry":{"type":"LineString","coordinates":[[88.3251875,22.5167111],[88.3237233,22.5176792],[88.323694,22.5176763],[88.3236681,22.5176522],[88.3234642,22.517017],[88.323304,22.5162938]]}},
{"type":"Feature","properties":{"pipe_id":"P_1694","road_name":"Unnamed Street","diameter_mm":300,"depth_m":-2.2},"geometry":{"type":"LineString","coordinates":[[88.3278093,22.5149793],[88.3273309,22.5153359],[88.3269516,22.51558],[88.3265702,22.515827],[88.3261905,22.516072],[88.325532,22.516501],[88.3252931,22.5166453],[88.3251875,22.5167111]]}},
{"type":"Feature","properties":{"pipe_id":"P_1695","road_name":"Unnamed Street","diameter_mm":300,"depth_m":-2.2},"geometry":{"type":"LineString","coordinates":[[88.3249798,22.5152137],[88.3248654,22.5149539],[88.3247247,22.5146141],[88.3244881,22.5140267]]}},
{"type":"Feature","properties":{"pipe_id":"P_1696","road_name":"Unnamed Street","diameter_mm":300,"depth_m":-2.2},"geometry":{"type":"LineString","coordinates":[[88.3262296,22.5129238],[88.3250219,22.5136886],[88.3244881,22.5140267],[88.3243192,22.5141447],[88.3238244,22.5144612],[88.3229575,22.5149634]]}},
{"type":"Feature","properties":{"pipe_id":"P_1697","road_name":"Unnamed Street","diameter_mm":300,"depth_m":-2.2},"geometry":{"type":"LineString","coordinates":[[88.3257193,22.5117133],[88.3256429,22.5116769],[88.3255524,22.5116666],[88.3253968,22.5116889],[88.3252511,22.5116994],[88.3249718,22.5117493],[88.324691,22.5118253],[88.3243182,22.511928],[88.3239354,22.5120307],[88.3237438,22.512069],[88.3236542,22.5121909]]}},
{"type":"Feature","properties":{"pipe_id":"P_1698","road_name":"Unnamed Street","diameter_mm":300,"depth_m":-2.2},"geometry":{"type":"LineString","coordinates":[[88.3156162,22.5138904],[88.315627,22.513941],[88.3157189,22.5143695],[88.3157109,22.5144042],[88.3156867,22.514424],[88.3156398,22.5144512],[88.3148526,22.514642]]}},
{"type":"Feature","properties":{"pipe_id":"P_1699","road_name":"Unnamed Street","diameter_mm":300,"depth_m":-2.2},"geometry":{"type":"LineString","coordinates":[[88.3237865,22.5124253],[88.3257716,22.5121172]]}},
{"type":"Feature","properties":{"pipe_id":"P_1700","road_name":"Unnamed Street","diameter_mm":300,"depth_m":-2.2},"geometry":{"type":"LineString","coordinates":[[88.3244881,22.5140267],[88.3242604,22.5135225],[88.3240356,22.5130248]]}},
{"type":"Feature","properties":{"pipe_id":"P_1701","road_name":"Unnamed Street","diameter_mm":300,"depth_m":-2.2},"geometry":{"type":"LineString","coordinates":[[88.3243192,22.5141447],[88.324567,22.514718],[88.3246493,22.5149012],[88.3248293,22.5153162]]}},
{"type":"Feature","properties":{"pipe_id":"P_1702","road_name":"Garden Reach Road","diameter_mm":300,"depth_m":-2.2},"geometry":{"type":"LineString","coordinates":[[88.3073478,22.5427594],[88.3074413,22.5427579],[88.307744,22.5427342],[88.3078901,22.5427227],[88.3080037,22.5427138],[88.3085129,22.5427702],[88.3085356,22.5427727],[88.3090498,22.5428674],[88.3091692,22.5428987],[88.3095012,22.5429858],[88.3096641,22.5430425],[88.3104697,22.5433227],[88.3105687,22.5433572],[88.3106117,22.5433722],[88.3108242,22.5434479],[88.3108509,22.5434574],[88.3112456,22.543598],[88.3116216,22.543732],[88.3117382,22.5437735],[88.3123492,22.5439599],[88.3127979,22.5441095],[88.3130582,22.544192],[88.3132218,22.5442439],[88.3132697,22.5442591],[88.3134912,22.5443401]]}},
{"type":"Feature","properties":{"pipe_id":"P_1703","road_name":"Unnamed Street","diameter_mm":300,"depth_m":-2.2},"geometry":{"type":"LineString","coordinates":[[88.3372843,22.515706],[88.3378547,22.5156276]]}},
{"type":"Feature","properties":{"pipe_id":"P_1704","road_name":"Unnamed Street","diameter_mm":300,"depth_m":-2.2},"geometry":{"type":"LineString","coordinates":[[88.3378191,22.5150048],[88.3378432,22.5154983],[88.3378547,22.5156276],[88.3378659,22.5156567],[88.3378906,22.5157885],[88.3379091,22.5158631],[88.3379262,22.5159614],[88.3379236,22.516006],[88.3379075,22.5160358],[88.337874,22.5160481],[88.3377952,22.5160528]]}},
{"type":"Feature","properties":{"pipe_id":"P_1705","road_name":"Unnamed Street","diameter_mm":300,"depth_m":-2.2},"geometry":{"type":"LineString","coordinates":[[88.3342696,22.5180115],[88.3342526,22.517931],[88.3342182,22.5176339]]}},
{"type":"Feature","properties":{"pipe_id":"P_1706","road_name":"Unnamed Street","diameter_mm":300,"depth_m":-2.2},"geometry":{"type":"LineString","coordinates":[[88.3341765,22.5184131],[88.3341859,22.518563],[88.3341913,22.5185965],[88.334206,22.5186337],[88.3342262,22.5186696],[88.3342382,22.5187043],[88.3342409,22.5187452],[88.3342327,22.5188821]]}},
{"type":"Feature","properties":{"pipe_id":"P_1707","road_name":"Unnamed Street","diameter_mm":300,"depth_m":-2.2},"geometry":{"type":"LineString","coordinates":[[88.3414191,22.5123348],[88.3408898,22.5123041],[88.3408429,22.5123003],[88.3408134,22.5122805]]}},
{"type":"Feature","properties":{"pipe_id":"P_1708","road_name":"Unnamed Street","diameter_mm":300,"depth_m":-2.2},"geometry":{"type":"LineString","coordinates":[[88.3414232,22.5121945],[88.3421151,22.5122032]]}},
{"type":"Feature","properties":{"pipe_id":"P_1709","road_name":"Unnamed Street","diameter_mm":300,"depth_m":-2.2},"geometry":{"type":"LineString","coordinates":[[88.3414602,22.5151103],[88.3411864,22.5151549],[88.3410462,22.5151631],[88.3408896,22.515166],[88.3407638,22.5151453]]}},
{"type":"Feature","properties":{"pipe_id":"P_1710","road_name":"Unnamed Street","diameter_mm":300,"depth_m":-2.2},"geometry":{"type":"LineString","coordinates":[[88.3414281,22.5148216],[88.3415336,22.5147976],[88.3420402,22.5147341],[88.3420951,22.5147154],[88.3421296,22.5146891],[88.3421357,22.5146515],[88.3421428,22.5145731],[88.342149,22.5145475],[88.3421566,22.5144903],[88.3421797,22.5144742],[88.3423145,22.5144828],[88.3424679,22.5145028],[88.3425108,22.5145104],[88.3427919,22.5145757]]}},
{"type":"Feature","properties":{"pipe_id":"P_1711","road_name":"Unnamed Street","diameter_mm":300,"depth_m":-2.2},"geometry":{"type":"LineString","coordinates":[[88.3380038,22.514345],[88.3380299,22.5145192]]}},
{"type":"Feature","properties":{"pipe_id":"P_1712","road_name":"Unnamed Street","diameter_mm":300,"depth_m":-2.2},"geometry":{"type":"LineString","coordinates":[[88.3366729,22.513681],[88.3366611,22.5138867]]}},
{"type":"Feature","properties":{"pipe_id":"P_1713","road_name":"Unnamed Street","diameter_mm":300,"depth_m":-2.2},"geometry":{"type":"LineString","coordinates":[[88.3368951,22.5139148],[88.3366611,22.5138867],[88.3365139,22.5138635],[88.3364898,22.5138624],[88.3364777,22.5138583],[88.3364692,22.5138497],[88.3364491,22.5137885],[88.3364457,22.513726],[88.3364458,22.5137041],[88.336449,22.5136833],[88.3364593,22.5136542],[88.3365436,22.5136222]]}},
{"type":"Feature","properties":{"pipe_id":"P_1714","road_name":"Unnamed Street","diameter_mm":300,"depth_m":-2.2},"geometry":{"type":"LineString","coordinates":[[88.3365139,22.5138635],[88.3365162,22.5140404],[88.3365205,22.5140594]]}},
{"type":"Feature","properties":{"pipe_id":"P_1715","road_name":"Unnamed Street","diameter_mm":300,"depth_m":-2.2},"geometry":{"type":"LineString","coordinates":[[88.3340425,22.5134167],[88.3339951,22.5131272]]}},
{"type":"Feature","properties":{"pipe_id":"P_1716","road_name":"Unnamed Street","diameter_mm":300,"depth_m":-2.2},"geometry":{"type":"LineString","coordinates":[[88.3315983,22.5160253],[88.3316289,22.5165507],[88.3315958,22.5166014],[88.3315313,22.516644],[88.3313596,22.5166633],[88.3307031,22.5167371],[88.3306306,22.5167339],[88.3305527,22.5167273],[88.3304778,22.5167048]]}},
{"type":"Feature","properties":{"pipe_id":"P_1717","road_name":"Unnamed Street","diameter_mm":300,"depth_m":-2.2},"geometry":{"type":"LineString","coordinates":[[88.3321744,22.5149908],[88.3322026,22.5152261]]}},
{"type":"Feature","properties":{"pipe_id":"P_1718","road_name":"Unnamed Street","diameter_mm":300,"depth_m":-2.2},"geometry":{"type":"LineString","coordinates":[[88.3359243,22.5130904],[88.3358898,22.5131679],[88.3358583,22.513324],[88.3358394,22.513474]]}},
{"type":"Feature","properties":{"pipe_id":"P_1719","road_name":"Garden Reach Flyover","diameter_mm":900,"depth_m":-3.5},"geometry":{"type":"LineString","coordinates":[[88.2957304,22.5347479],[88.2956476,22.5343592],[88.2956248,22.53422],[88.295603,22.5340641],[88.295601,22.5331683],[88.2956278,22.5320981],[88.2957324,22.5302524],[88.2957444,22.5301709],[88.2957607,22.5300891],[88.2957849,22.5300091],[88.2958168,22.5299313],[88.2958562,22.5298566],[88.295899,22.5297842],[88.2959524,22.5297172],[88.2960054,22.5296614],[88.2960631,22.5296098],[88.2961318,22.5295644],[88.2962029,22.5295216],[88.2984953,22.5284625],[88.298552,22.5284293],[88.2986042,22.5283903],[88.2986511,22.5283459],[88.2986921,22.5282968],[88.2987267,22.5282436],[88.2987546,22.5281863],[88.298775,22.5281264],[88.2987877,22.5280647],[88.2987924,22.5280021],[88.2987892,22.5279393],[88.2987779,22.5278774],[88.2987419,22.5277699],[88.2986648,22.5275872],[88.2986178,22.527502],[88.2985804,22.5274129],[88.2985528,22.5273208],[88.2985375,22.5272419],[88.2985294,22.527162],[88.2985287,22.5270818],[88.2985353,22.5270018],[88.2985702,22.5268507],[88.2986195,22.5266555],[88.2986622,22.5264575],[88.2986812,22.5262788],[88.2987115,22.525571],[88.2987324,22.5251515],[88.2987523,22.5250069],[88.298777,22.5248825],[88.2987937,22.524814],[88.2988177,22.5247474],[88.2988489,22.5246833],[88.2988869,22.5246225],[88.2989314,22.5245655],[88.2989818,22.5245129],[88.2990414,22.5244624],[88.2991065,22.524418],[88.2991764,22.5243803],[88.2992503,22.5243498],[88.2993272,22.5243267],[88.2994064,22.5243113],[88.2994869,22.5243039],[88.2995678,22.5243044],[88.2996739,22.5243044],[88.3013758,22.5245292],[88.3018197,22.5245986],[88.3023494,22.5246965],[88.3025131,22.5247225],[88.3035846,22.5248786],[88.3037643,22.5248984],[88.3039185,22.5248996],[88.3041036,22.5249033],[88.3044241,22.5248947],[88.3045824,22.5249009],[88.3047058,22.524917],[88.3056754,22.5250601],[88.3066095,22.525205],[88.3067597,22.5252372],[88.3081871,22.5256813],[88.308315,22.52572],[88.3084098,22.5257457],[88.3085069,22.5257628],[88.3086053,22.5257709],[88.3087042,22.5257701],[88.3088024,22.5257602],[88.3088919,22.5257433],[88.3089793,22.5257189],[88.309064,22.5256872],[88.3091452,22.5256486],[88.3092223,22.5256033],[88.3092946,22.5255518],[88.3100988,22.5249237],[88.3102913,22.5248019],[88.3104126,22.5247354],[88.310607,22.5246627],[88.3107815,22.5246127],[88.3119736,22.524328],[88.3121993,22.5242641],[88.3125056,22.5241546],[88.314496,22.5234144],[88.3147047,22.5233242],[88.3150209,22.5231529],[88.3151986,22.523065],[88.315444,22.5229789],[88.3159509,22.5228581],[88.3161145,22.522803],[88.3162768,22.5227187],[88.3167543,22.5224164],[88.3168931,22.5223458],[88.3169757,22.5223124],[88.3170616,22.5222866],[88.3171497,22.5222688],[88.3172393,22.5222589],[88.3173296,22.5222573],[88.3174085,22.5222641],[88.3175033,22.522283],[88.317585,22.5223056],[88.3176641,22.5223351],[88.3177581,22.522375],[88.3178895,22.5224348],[88.3183087,22.5226344],[88.3183869,22.5226669],[88.3184677,22.5226934],[88.3185505,22.5227136],[88.318635,22.5227275],[88.3187203,22.5227348],[88.3188244,22.522735],[88.318928,22.5227255],[88.31903,22.5227065],[88.3191295,22.5226781],[88.3192253,22.5226407],[88.3207333,22.5219215],[88.3209318,22.5218063],[88.3211236,22.5216781],[88.3213576,22.521501],[88.3215762,22.521304],[88.3217103,22.5211621],[88.3218981,22.5209441],[88.3221777,22.5205681],[88.3223547,22.520381],[88.3225007,22.5202355],[88.3230576,22.5197904]]}},
{"type":"Feature","properties":{"pipe_id":"P_1720","road_name":"Unnamed Street","diameter_mm":300,"depth_m":-2.2},"geometry":{"type":"LineString","coordinates":[[88.3392577,22.5130148],[88.339254,22.5131643],[88.3392431,22.5133251]]}},
{"type":"Feature","properties":{"pipe_id":"P_1721","road_name":"Unnamed Street","diameter_mm":300,"depth_m":-2.2},"geometry":{"type":"LineString","coordinates":[[88.3388897,22.512128],[88.3386308,22.512155],[88.3383726,22.512183],[88.3383265,22.5121777],[88.3382939,22.51216],[88.3382786,22.5121174],[88.3382335,22.5118338],[88.3382114,22.5114226]]}},
{"type":"Feature","properties":{"pipe_id":"P_1722","road_name":"Unnamed Street","diameter_mm":300,"depth_m":-2.2},"geometry":{"type":"LineString","coordinates":[[88.3385723,22.5114601],[88.3386308,22.512155]]}},
{"type":"Feature","properties":{"pipe_id":"P_1723","road_name":"Unnamed Street","diameter_mm":300,"depth_m":-2.2},"geometry":{"type":"LineString","coordinates":[[88.3389363,22.5164333],[88.338923,22.5162668],[88.3389151,22.5162497],[88.3389036,22.5162346],[88.3388891,22.5162177],[88.3388688,22.5162145]]}},
{"type":"Feature","properties":{"pipe_id":"P_1724","road_name":"Unnamed Street","diameter_mm":300,"depth_m":-2.2},"geometry":{"type":"LineString","coordinates":[[88.3380925,22.5158588],[88.3381006,22.5162415]]}},
{"type":"Feature","properties":{"pipe_id":"P_1725","road_name":"Unnamed Street","diameter_mm":300,"depth_m":-2.2},"geometry":{"type":"LineString","coordinates":[[88.3391672,22.514943],[88.3391794,22.5150454],[88.33919,22.5154216]]}},
{"type":"Feature","properties":{"pipe_id":"P_1726","road_name":"Unnamed Street","diameter_mm":300,"depth_m":-2.2},"geometry":{"type":"LineString","coordinates":[[88.3375374,22.5114582],[88.3375941,22.5120315]]}},
{"type":"Feature","properties":{"pipe_id":"P_1727","road_name":"Unnamed Street","diameter_mm":300,"depth_m":-2.2},"geometry":{"type":"LineString","coordinates":[[88.3356257,22.5140963],[88.3356299,22.5142921],[88.3356337,22.5143895],[88.3356352,22.5144255]]}},
{"type":"Feature","properties":{"pipe_id":"P_1728","road_name":"Unnamed Street","diameter_mm":300,"depth_m":-2.2},"geometry":{"type":"LineString","coordinates":[[88.3346254,22.5167211],[88.3346489,22.5169747]]}},
{"type":"Feature","properties":{"pipe_id":"P_1729","road_name":"Unnamed Street","diameter_mm":300,"depth_m":-2.2},"geometry":{"type":"LineString","coordinates":[[88.3340108,22.5162284],[88.3342635,22.5162193],[88.3344157,22.5162199],[88.3344853,22.5162253],[88.3345334,22.5162325],[88.3345458,22.5162425],[88.3345624,22.516276],[88.3345738,22.5163169],[88.3346101,22.5163335],[88.3346871,22.5163336],[88.3347584,22.5163207],[88.3349179,22.5163008],[88.3350143,22.5162853]]}},
{"type":"Feature","properties":{"pipe_id":"P_1730","road_name":"Unnamed Street","diameter_mm":300,"depth_m":-2.2},"geometry":{"type":"LineString","coordinates":[[88.3343518,22.5156146],[88.3343725,22.5158541]]}},
{"type":"Feature","properties":{"pipe_id":"P_1731","road_name":"Unnamed Street","diameter_mm":300,"depth_m":-2.2},"geometry":{"type":"LineString","coordinates":[[88.3340041,22.5158401],[88.3340523,22.5158105],[88.3340548,22.5157635],[88.3340359,22.5156913]]}},
{"type":"Feature","properties":{"pipe_id":"P_1732","road_name":"Unnamed Street","diameter_mm":300,"depth_m":-2.2},"geometry":{"type":"LineString","coordinates":[[88.335729,22.5161363],[88.3357404,22.5161658],[88.3357756,22.5162009],[88.3358259,22.516217],[88.3359205,22.5162075]]}},
{"type":"Feature","properties":{"pipe_id":"P_1733","road_name":"Unnamed Street","diameter_mm":300,"depth_m":-2.2},"geometry":{"type":"LineString","coordinates":[[88.330204,22.5152857],[88.3300684,22.5153737],[88.3301826,22.5155997]]}},
{"type":"Feature","properties":{"pipe_id":"P_1734","road_name":"Unnamed Street","diameter_mm":300,"depth_m":-2.2},"geometry":{"type":"LineString","coordinates":[[88.3314097,22.5153098],[88.3312478,22.5151822]]}},
{"type":"Feature","properties":{"pipe_id":"P_1735","road_name":"Unnamed Street","diameter_mm":300,"depth_m":-2.2},"geometry":{"type":"LineString","coordinates":[[88.3314097,22.5153098],[88.3318014,22.5153841]]}},
{"type":"Feature","properties":{"pipe_id":"P_1736","road_name":"Unnamed Street","diameter_mm":300,"depth_m":-2.2},"geometry":{"type":"LineString","coordinates":[[88.331076,22.5147172],[88.3310501,22.51525]]}},
{"type":"Feature","properties":{"pipe_id":"P_1737","road_name":"Unnamed Street","diameter_mm":300,"depth_m":-2.2},"geometry":{"type":"LineString","coordinates":[[88.3353836,22.5182418],[88.3348256,22.5182705]]}},
{"type":"Feature","properties":{"pipe_id":"P_1738","road_name":"Mahesh Chandra Dutta","diameter_mm":300,"depth_m":-2.2},"geometry":{"type":"LineString","coordinates":[[88.3357475,22.5129093],[88.3351982,22.5129441]]}},
{"type":"Feature","properties":{"pipe_id":"P_1739","road_name":"Unnamed Street","diameter_mm":300,"depth_m":-2.2},"geometry":{"type":"LineString","coordinates":[[88.3230804,22.5159559],[88.3230249,22.5160338],[88.3231397,22.5167981]]}},
{"type":"Feature","properties":{"pipe_id":"P_1740","road_name":"Unnamed Street","diameter_mm":300,"depth_m":-2.2},"geometry":{"type":"LineString","coordinates":[[88.3231397,22.5167981],[88.3228774,22.5169133],[88.3227796,22.5169499],[88.3224223,22.5170218],[88.3218001,22.5171469],[88.3214261,22.5172168],[88.3195271,22.5176061]]}},
{"type":"Feature","properties":{"pipe_id":"P_1741","road_name":"Unnamed Street","diameter_mm":300,"depth_m":-2.2},"geometry":{"type":"LineString","coordinates":[[88.3237973,22.5281799],[88.3238117,22.5286705],[88.3238577,22.5298792]]}},
{"type":"Feature","properties":{"pipe_id":"P_1742","road_name":"Unnamed Street","diameter_mm":300,"depth_m":-2.2},"geometry":{"type":"LineString","coordinates":[[88.3234642,22.517017],[88.3232017,22.5171171]]}},
{"type":"Feature","properties":{"pipe_id":"P_1743","road_name":"Unnamed Street","diameter_mm":300,"depth_m":-2.2},"geometry":{"type":"LineString","coordinates":[[88.3361393,22.5211376],[88.3361908,22.5210071],[88.336831,22.5210667],[88.3368344,22.5211428],[88.3371256,22.521208],[88.3372438,22.5212373],[88.3372537,22.5212584],[88.3372417,22.5215452]]}},
{"type":"Feature","properties":{"pipe_id":"P_1744","road_name":"Unnamed Street","diameter_mm":300,"depth_m":-2.2},"geometry":{"type":"LineString","coordinates":[[88.3273698,22.5251908],[88.3270911,22.5252869],[88.326638,22.5253786],[88.3265811,22.5251195]]}},
{"type":"Feature","properties":{"pipe_id":"P_1745","road_name":"Unnamed Street","diameter_mm":300,"depth_m":-2.2},"geometry":{"type":"LineString","coordinates":[[88.3303356,22.5275901],[88.331252,22.5274484],[88.331359,22.5274319]]}},
{"type":"Feature","properties":{"pipe_id":"P_1746","road_name":"Unnamed Street","diameter_mm":300,"depth_m":-2.2},"geometry":{"type":"LineString","coordinates":[[88.3123492,22.5439599],[88.3122807,22.5435071],[88.3122396,22.543307],[88.312064,22.5430621],[88.3119371,22.5429242],[88.3118101,22.5427517],[88.311675,22.5425176]]}},
{"type":"Feature","properties":{"pipe_id":"P_1747","road_name":"Unnamed Street","diameter_mm":300,"depth_m":-2.2},"geometry":{"type":"LineString","coordinates":[[88.3238216,22.539931],[88.3238044,22.539949],[88.3235573,22.5401613],[88.3232659,22.5402546]]}},
{"type":"Feature","properties":{"pipe_id":"P_1748","road_name":"Unnamed Street","diameter_mm":300,"depth_m":-2.2},"geometry":{"type":"LineString","coordinates":[[88.3227296,22.5155317],[88.3221197,22.5156674]]}},
{"type":"Feature","properties":{"pipe_id":"P_1749","road_name":"Unnamed Street","diameter_mm":300,"depth_m":-2.2},"geometry":{"type":"LineString","coordinates":[[88.3228154,22.5155154],[88.3229536,22.5154872]]}},
{"type":"Feature","properties":{"pipe_id":"P_1750","road_name":"Unnamed Street","diameter_mm":300,"depth_m":-2.2},"geometry":{"type":"LineString","coordinates":[[88.3340951,22.5169498],[88.3346489,22.5169747],[88.335157,22.517005]]}},
{"type":"Feature","properties":{"pipe_id":"P_1751","road_name":"Unnamed Street","diameter_mm":300,"depth_m":-2.2},"geometry":{"type":"LineString","coordinates":[[88.3331496,22.5168405],[88.3332011,22.5168402],[88.3336368,22.5168521]]}},
{"type":"Feature","properties":{"pipe_id":"P_1752","road_name":"Sambhunath Pandit Street","diameter_mm":600,"depth_m":-2.2},"geometry":{"type":"LineString","coordinates":[[88.3398816,22.5375384],[88.3397137,22.5374725],[88.3396063,22.5374182]]}},
{"type":"Feature","properties":{"pipe_id":"P_1753","road_name":"Debendra Lal Khan Road","diameter_mm":900,"depth_m":-3.5},"geometry":{"type":"LineString","coordinates":[[88.3363437,22.5328898],[88.3366808,22.5330293]]}},
{"type":"Feature","properties":{"pipe_id":"P_1754","road_name":"Unnamed Street","diameter_mm":900,"depth_m":-3.5},"geometry":{"type":"LineString","coordinates":[[88.3454894,22.5169168],[88.3450044,22.5168769],[88.3449315,22.5168709],[88.3444813,22.5168555],[88.3439269,22.5168366],[88.34372,22.5168371],[88.343275,22.5168267],[88.3430647,22.5168218],[88.3429275,22.5168229],[88.3428127,22.5168159],[88.3426659,22.516813],[88.3424118,22.5168066],[88.3422363,22.5168024],[88.3421373,22.5168001],[88.3414456,22.5167837],[88.3413725,22.5167896],[88.3412448,22.5168]]}},
{"type":"Feature","properties":{"pipe_id":"P_1755","road_name":"Chetla Central Road","diameter_mm":900,"depth_m":-3.5},"geometry":{"type":"LineString","coordinates":[[88.338734,22.5171208],[88.3388362,22.5171277]]}},
{"type":"Feature","properties":{"pipe_id":"P_1756","road_name":"Unnamed Street","diameter_mm":300,"depth_m":-2.2},"geometry":{"type":"LineString","coordinates":[[88.3284471,22.5117429],[88.328449,22.5118884],[88.3284707,22.5120127],[88.3284579,22.51209],[88.3284287,22.5121734],[88.328437,22.5122466],[88.3284713,22.5123835]]}},
{"type":"Feature","properties":{"pipe_id":"P_1757","road_name":"Hazra Road","diameter_mm":900,"depth_m":-3.5},"geometry":{"type":"LineString","coordinates":[[88.3438027,22.5234231],[88.3436835,22.5234035],[88.3433504,22.5233953],[88.3431757,22.5234044],[88.3429366,22.5234169],[88.3425189,22.5234548],[88.3421669,22.5234953],[88.3420086,22.5235135],[88.3415357,22.5235902],[88.3414996,22.523596],[88.3413132,22.5236371],[88.3412106,22.5236597]]}},
{"type":"Feature","properties":{"pipe_id":"P_1758","road_name":"Unnamed Street","diameter_mm":300,"depth_m":-2.2},"geometry":{"type":"LineString","coordinates":[[88.3387165,22.5348534],[88.3391918,22.5346058],[88.3392444,22.5345894],[88.3392711,22.5345945],[88.3394398,22.5347913]]}},
{"type":"Feature","properties":{"pipe_id":"P_1759","road_name":"Unnamed Street","diameter_mm":300,"depth_m":-2.2},"geometry":{"type":"LineString","coordinates":[[88.3352548,22.5300419],[88.3350588,22.5300061],[88.3348628,22.5299703],[88.334685,22.5299495]]}},
{"type":"Feature","properties":{"pipe_id":"P_1760","road_name":"Kali Temple Road","diameter_mm":300,"depth_m":-2.2},"geometry":{"type":"LineString","coordinates":[[88.3413494,22.5205485],[88.3421372,22.5205998],[88.3424046,22.5206281],[88.3426267,22.5206516],[88.3427046,22.5206575],[88.343119,22.520689],[88.3434073,22.5206951],[88.3434704,22.5206964],[88.3437922,22.5206964]]}},
{"type":"Feature","properties":{"pipe_id":"P_1761","road_name":"Unnamed Street","diameter_mm":900,"depth_m":-3.5},"geometry":{"type":"LineString","coordinates":[[88.3178498,22.5386554],[88.3180833,22.5386834],[88.318563,22.538719],[88.3191547,22.538763],[88.3198991,22.538815],[88.3203362,22.5388455],[88.3208059,22.5388843],[88.321149,22.5389126],[88.3214533,22.5389374],[88.3217115,22.5389551],[88.3217985,22.5389611],[88.3219452,22.5389699],[88.3221797,22.538991],[88.3223186,22.5390104],[88.3224178,22.5390327],[88.3225463,22.5390653],[88.3226567,22.5391091],[88.3228362,22.539216]]}},
{"type":"Feature","properties":{"pipe_id":"P_1762","road_name":"Karl Marx Sarani","diameter_mm":900,"depth_m":-3.5},"geometry":{"type":"LineString","coordinates":[[88.3238045,22.5398579],[88.323859,22.5398989],[88.3242328,22.5401772],[88.3244794,22.5403755],[88.3245588,22.5404394],[88.3247165,22.5405336],[88.3249825,22.5406925],[88.3250236,22.5407313],[88.3253622,22.5409439],[88.3255831,22.5411036],[88.3258274,22.5412751]]}},
{"type":"Feature","properties":{"pipe_id":"P_1763","road_name":"Unnamed Street","diameter_mm":300,"depth_m":-2.2},"geometry":{"type":"LineString","coordinates":[[88.3384847,22.5133782],[88.3384751,22.5131839],[88.3384728,22.5131343]]}},
{"type":"Feature","properties":{"pipe_id":"P_1764","road_name":"Unnamed Street","diameter_mm":300,"depth_m":-2.2},"geometry":{"type":"LineString","coordinates":[[88.3345439,22.514797],[88.3341793,22.5148107]]}},
{"type":"Feature","properties":{"pipe_id":"P_1765","road_name":"Unnamed Street","diameter_mm":300,"depth_m":-2.2},"geometry":{"type":"LineString","coordinates":[[88.3397417,22.5200093],[88.3398694,22.5200019]]}},
{"type":"Feature","properties":{"pipe_id":"P_1766","road_name":"Unnamed Street","diameter_mm":300,"depth_m":-2.2},"geometry":{"type":"LineString","coordinates":[[88.3398694,22.5200019],[88.3400136,22.5199772]]}},
{"type":"Feature","properties":{"pipe_id":"P_1767","road_name":"Unnamed Street","diameter_mm":300,"depth_m":-2.2},"geometry":{"type":"LineString","coordinates":[[88.3380255,22.5265534],[88.3388041,22.526755],[88.338902,22.5267756],[88.3389395,22.5267779],[88.3390067,22.5267477],[88.339047,22.5266355],[88.3390423,22.5265579],[88.3380925,22.5263552]]}},
{"type":"Feature","properties":{"pipe_id":"P_1768","road_name":"Unnamed Street","diameter_mm":300,"depth_m":-2.2},"geometry":{"type":"LineString","coordinates":[[88.338902,22.5267756],[88.3387961,22.5272263],[88.3387753,22.5272977],[88.3387423,22.5273315],[88.3386396,22.5273202],[88.3375185,22.5270649]]}},
{"type":"Feature","properties":{"pipe_id":"P_1769","road_name":"Unnamed Street","diameter_mm":300,"depth_m":-2.2},"geometry":{"type":"LineString","coordinates":[[88.3331357,22.514512],[88.3332859,22.5145096],[88.3334711,22.5145234],[88.3335795,22.5145],[88.3337435,22.5144396],[88.3337872,22.5143813],[88.3338009,22.5143237],[88.3340591,22.5143668],[88.334173,22.5143838]]}},
{"type":"Feature","properties":{"pipe_id":"P_1770","road_name":"Unnamed Street","diameter_mm":300,"depth_m":-2.2},"geometry":{"type":"LineString","coordinates":[[88.3335403,22.5140222],[88.3335409,22.5141073],[88.3336032,22.514222],[88.3337847,22.5142318],[88.3337922,22.5142567],[88.3338009,22.5143237]]}},
{"type":"Feature","properties":{"pipe_id":"P_1771","road_name":"Unnamed Street","diameter_mm":300,"depth_m":-2.2},"geometry":{"type":"LineString","coordinates":[[88.3341793,22.5148107],[88.3333221,22.5148667],[88.3331714,22.5148671]]}},
{"type":"Feature","properties":{"pipe_id":"P_1772","road_name":"Unnamed Street","diameter_mm":300,"depth_m":-2.2},"geometry":{"type":"LineString","coordinates":[[88.3390186,22.5169984],[88.3390045,22.5168764],[88.3390186,22.5168594],[88.3391091,22.5168264],[88.3392406,22.5167855],[88.339389,22.5167463],[88.3397953,22.5166976]]}},
{"type":"Feature","properties":{"pipe_id":"P_1773","road_name":"Unnamed Street","diameter_mm":300,"depth_m":-2.2},"geometry":{"type":"LineString","coordinates":[[88.3280195,22.5153067],[88.3280575,22.515336],[88.3281007,22.5153816],[88.3281361,22.5154302],[88.3281679,22.5154767],[88.3281908,22.5155092],[88.3282346,22.515601]]}},
{"type":"Feature","properties":{"pipe_id":"P_1774","road_name":"Unnamed Street","diameter_mm":900,"depth_m":-3.5},"geometry":{"type":"LineString","coordinates":[[88.3303219,22.5253777],[88.3305808,22.5253409],[88.3307021,22.5253253],[88.3308874,22.5253419]]}},
{"type":"Feature","properties":{"pipe_id":"P_1775","road_name":"Alipore Road","diameter_mm":900,"depth_m":-3.5},"geometry":{"type":"LineString","coordinates":[[88.3308874,22.5253419],[88.3308517,22.5251923],[88.3308493,22.5251822]]}},
{"type":"Feature","properties":{"pipe_id":"P_1776","road_name":"Karl Marx Sarani","diameter_mm":900,"depth_m":-3.5},"geometry":{"type":"LineString","coordinates":[[88.317842,22.5385668],[88.3171039,22.5384906],[88.3160107,22.5383973],[88.3152907,22.5383208],[88.3140127,22.538222]]}},
{"type":"Feature","properties":{"pipe_id":"P_1777","road_name":"Karl Marx Sarani","diameter_mm":900,"depth_m":-3.5},"geometry":{"type":"LineString","coordinates":[[88.3281525,22.5427646],[88.3284414,22.5429658]]}},
{"type":"Feature","properties":{"pipe_id":"P_1778","road_name":"Unnamed Street","diameter_mm":900,"depth_m":-3.5},"geometry":{"type":"LineString","coordinates":[[88.3294111,22.543496],[88.3283477,22.5427656]]}},
{"type":"Feature","properties":{"pipe_id":"P_1779","road_name":"Unnamed Street","diameter_mm":300,"depth_m":-2.2},"geometry":{"type":"LineString","coordinates":[[88.3413878,22.5164299],[88.3419458,22.5163952],[88.3419747,22.5163847],[88.3419983,22.5163282],[88.3420163,22.5162743],[88.3420405,22.5162518],[88.3421615,22.51625]]}},
{"type":"Feature","properties":{"pipe_id":"P_1780","road_name":"Unnamed Street","diameter_mm":300,"depth_m":-2.2},"geometry":{"type":"LineString","coordinates":[[88.3323864,22.5246968],[88.3323658,22.5246283],[88.3322585,22.524271],[88.3322224,22.5241124],[88.3324076,22.5238704],[88.3327786,22.5237804]]}},
{"type":"Feature","properties":{"pipe_id":"P_1781","road_name":"Unnamed Street","diameter_mm":300,"depth_m":-2.2},"geometry":{"type":"LineString","coordinates":[[88.3393427,22.5174686],[88.3394372,22.5174959],[88.339579,22.5175274],[88.3397072,22.517537],[88.3398287,22.5175499]]}},
{"type":"Feature","properties":{"pipe_id":"P_1782","road_name":"Unnamed Street","diameter_mm":300,"depth_m":-2.2},"geometry":{"type":"LineString","coordinates":[[88.3374462,22.5337135],[88.3375086,22.5337912],[88.3376608,22.533981]]}},
{"type":"Feature","properties":{"pipe_id":"P_1783","road_name":"Unnamed Street","diameter_mm":300,"depth_m":-2.2},"geometry":{"type":"LineString","coordinates":[[88.3414272,22.5147908],[88.3407237,22.514827]]}},
{"type":"Feature","properties":{"pipe_id":"P_1784","road_name":"Unnamed Street","diameter_mm":300,"depth_m":-2.2},"geometry":{"type":"LineString","coordinates":[[88.3123492,22.5439599],[88.3123505,22.5441027],[88.3123352,22.5470069]]}},
{"type":"Feature","properties":{"pipe_id":"P_1785","road_name":"Unnamed Street","diameter_mm":900,"depth_m":-3.5},"geometry":{"type":"LineString","coordinates":[[88.3334448,22.5351149],[88.333336,22.5351881]]}},
{"type":"Feature","properties":{"pipe_id":"P_1786","road_name":"Alipore Road","diameter_mm":900,"depth_m":-3.5},"geometry":{"type":"LineString","coordinates":[[88.331359,22.5274319],[88.3310986,22.526228],[88.3310264,22.5259252],[88.3309827,22.5257417],[88.3308874,22.5253419]]}},
{"type":"Feature","properties":{"pipe_id":"P_1787","road_name":"Unnamed Street","diameter_mm":300,"depth_m":-2.2},"geometry":{"type":"LineString","coordinates":[[88.3371256,22.521208],[88.3371131,22.5209184]]}},
{"type":"Feature","properties":{"pipe_id":"P_1788","road_name":"Unnamed Street","diameter_mm":300,"depth_m":-2.2},"geometry":{"type":"LineString","coordinates":[[88.3390314,22.5403432],[88.3390422,22.5402791],[88.3390585,22.5401828],[88.3389222,22.5401794],[88.3387876,22.5401387],[88.3387899,22.5400152]]}},
{"type":"Feature","properties":{"pipe_id":"P_1789","road_name":"Unnamed Street","diameter_mm":300,"depth_m":-2.2},"geometry":{"type":"LineString","coordinates":[[88.3363441,22.5287047],[88.3358909,22.5286343],[88.3354914,22.5285756]]}},
{"type":"Feature","properties":{"pipe_id":"P_1790","road_name":"Belvedere Road","diameter_mm":900,"depth_m":-3.5},"geometry":{"type":"LineString","coordinates":[[88.336368,22.5286425],[88.3364043,22.5285314],[88.3364403,22.5284215],[88.3364516,22.5283786],[88.3365302,22.5280794],[88.3365744,22.5279111],[88.3366495,22.5276138],[88.3366998,22.5275064]]}},
{"type":"Feature","properties":{"pipe_id":"P_1791","road_name":"Unnamed Street","diameter_mm":300,"depth_m":-2.2},"geometry":{"type":"LineString","coordinates":[[88.3372441,22.5125907],[88.3377986,22.5125426]]}},
{"type":"Feature","properties":{"pipe_id":"P_1792","road_name":"Alipore Road","diameter_mm":900,"depth_m":-3.5},"geometry":{"type":"LineString","coordinates":[[88.3331318,22.5158548],[88.3328901,22.5124662],[88.3328834,22.5123783],[88.3328801,22.5123354],[88.3328734,22.5122472],[88.3328658,22.5121476],[88.3328586,22.512054],[88.3328521,22.5119689],[88.3328533,22.5106386],[88.3328673,22.5097019]]}},
{"type":"Feature","properties":{"pipe_id":"P_1793","road_name":"Alipore Road","diameter_mm":900,"depth_m":-3.5},"geometry":{"type":"LineString","coordinates":[[88.332928,22.5138315],[88.3330014,22.5144578],[88.3330386,22.5149454],[88.3330551,22.5150995],[88.3331067,22.515857]]}},
{"type":"Feature","properties":{"pipe_id":"P_1794","road_name":"Unnamed Street","diameter_mm":300,"depth_m":-2.2},"geometry":{"type":"LineString","coordinates":[[88.3399615,22.5313664],[88.3403331,22.5312973],[88.3405437,22.5311893],[88.3407264,22.5307772]]}},
{"type":"Feature","properties":{"pipe_id":"P_1795","road_name":"Unnamed Street","diameter_mm":300,"depth_m":-2.2},"geometry":{"type":"LineString","coordinates":[[88.3409493,22.5332273],[88.3411315,22.5332254]]}},
{"type":"Feature","properties":{"pipe_id":"P_1796","road_name":"Unnamed Street","diameter_mm":300,"depth_m":-2.2},"geometry":{"type":"LineString","coordinates":[[88.3261996,22.5389383],[88.3260372,22.5386564]]}},
{"type":"Feature","properties":{"pipe_id":"P_1797","road_name":"Diamond Harbour Road","diameter_mm":900,"depth_m":-3.5},"geometry":{"type":"LineString","coordinates":[[88.3258837,22.5271246],[88.3257434,22.5265589],[88.3256185,22.5260907],[88.3255594,22.5258611],[88.3253969,22.5253083],[88.3253087,22.5250003],[88.3252125,22.5246446],[88.325174,22.5244727],[88.3251169,22.5242181],[88.3250004,22.5236979],[88.324713,22.5224152],[88.3246604,22.5222376],[88.3246104,22.5220691]]}},
{"type":"Feature","properties":{"pipe_id":"P_1798","road_name":"Diamond Harbour Road","diameter_mm":900,"depth_m":-3.5},"geometry":{"type":"LineString","coordinates":[[88.3271482,22.5334321],[88.3272677,22.5342523],[88.3273271,22.5347706],[88.3273558,22.5350206],[88.327395,22.5358076],[88.327397,22.5358382],[88.3274231,22.5362297],[88.3274351,22.5369688],[88.3274125,22.5375058],[88.3273869,22.5381127],[88.3273481,22.5389533],[88.3273258,22.5392843],[88.3272537,22.5396121],[88.3269212,22.5400164],[88.3265237,22.5405133],[88.3260198,22.541194],[88.3259723,22.5412347],[88.3259214,22.5412545]]}},
{"type":"Feature","properties":{"pipe_id":"P_1799","road_name":"Remount Road","diameter_mm":600,"depth_m":-2.2},"geometry":{"type":"LineString","coordinates":[[88.3112276,22.5287559],[88.3114261,22.5287411],[88.3115216,22.5286795],[88.3116141,22.5286199],[88.3120593,22.5275645],[88.312569,22.5262712],[88.3129066,22.5257631],[88.3132714,22.5253766],[88.3134377,22.5252329],[88.3136094,22.5251685],[88.3138132,22.5251536],[88.3142907,22.5252626],[88.3145386,22.5253124]]}},
{"type":"Feature","properties":{"pipe_id":"P_1800","road_name":"Remount Road","diameter_mm":600,"depth_m":-2.2},"geometry":{"type":"LineString","coordinates":[[88.3145386,22.5253124],[88.3146258,22.5253299]]}},
{"type":"Feature","properties":{"pipe_id":"P_1801","road_name":"Unnamed Street","diameter_mm":900,"depth_m":-3.5},"geometry":{"type":"LineString","coordinates":[[88.322874,22.5151932],[88.3229536,22.5154872],[88.3230535,22.5158565],[88.3230681,22.5159103],[88.3230804,22.5159559]]}},
{"type":"Feature","properties":{"pipe_id":"P_1802","road_name":"Unnamed Street","diameter_mm":300,"depth_m":-2.2},"geometry":{"type":"LineString","coordinates":[[88.3282917,22.5156739],[88.3283185,22.5157081]]}},
{"type":"Feature","properties":{"pipe_id":"P_1803","road_name":"Unnamed Street","diameter_mm":300,"depth_m":-2.2},"geometry":{"type":"LineString","coordinates":[[88.3282346,22.515601],[88.3282917,22.5156739]]}},
{"type":"Feature","properties":{"pipe_id":"P_1804","road_name":"Majherhat Flyover","diameter_mm":900,"depth_m":-3.5},"geometry":{"type":"LineString","coordinates":[[88.3232662,22.5169807],[88.3235482,22.5180719],[88.3235691,22.5181531],[88.3236232,22.5183631],[88.3236391,22.5184249],[88.3236602,22.5185069],[88.3236652,22.5185261],[88.3236862,22.5186079],[88.3237037,22.5186758],[88.3243382,22.521229]]}},
{"type":"Feature","properties":{"pipe_id":"P_1805","road_name":"Unnamed Street","diameter_mm":300,"depth_m":-2.2},"geometry":{"type":"LineString","coordinates":[[88.3179295,22.5275083],[88.3178299,22.5280103]]}},
{"type":"Feature","properties":{"pipe_id":"P_1806","road_name":"Unnamed Street","diameter_mm":300,"depth_m":-2.2},"geometry":{"type":"LineString","coordinates":[[88.3387787,22.5187252],[88.3382637,22.5188295]]}},
{"type":"Feature","properties":{"pipe_id":"P_1807","road_name":"Unnamed Street","diameter_mm":300,"depth_m":-2.2},"geometry":{"type":"LineString","coordinates":[[88.3322705,22.5160734],[88.3326593,22.5160341],[88.332788,22.5159598],[88.3331225,22.5159007]]}},
{"type":"Feature","properties":{"pipe_id":"P_1808","road_name":"Garden Reach Road","diameter_mm":300,"depth_m":-2.2},"geometry":{"type":"LineString","coordinates":[[88.3134912,22.5443401],[88.3136671,22.5444045],[88.3137784,22.5444452],[88.3140784,22.5445657],[88.3143882,22.5446901],[88.314705,22.544817],[88.3148335,22.5448685],[88.3152214,22.5449853],[88.3153323,22.5450444],[88.3156372,22.5451959],[88.3159792,22.5453224],[88.3160512,22.5453491],[88.3161463,22.5453255],[88.3162309,22.5453045],[88.3164218,22.545263],[88.3167325,22.5451955],[88.3167965,22.545157]]}},
{"type":"Feature","properties":{"pipe_id":"P_1809","road_name":"Karl Marx Sarani","diameter_mm":900,"depth_m":-3.5},"geometry":{"type":"LineString","coordinates":[[88.3133702,22.5381675],[88.3121988,22.5380789],[88.311316,22.5380347]]}},
{"type":"Feature","properties":{"pipe_id":"P_1810","road_name":"Manastala Lane","diameter_mm":300,"depth_m":-2.2},"geometry":{"type":"LineString","coordinates":[[88.3238639,22.5398049],[88.3238045,22.5398579]]}},
{"type":"Feature","properties":{"pipe_id":"P_1811","road_name":"Karl Marx Sarani","diameter_mm":900,"depth_m":-3.5},"geometry":{"type":"LineString","coordinates":[[88.3228362,22.539216],[88.3230312,22.5393453],[88.3238045,22.5398579]]}},
{"type":"Feature","properties":{"pipe_id":"P_1812","road_name":"Karl Marx Sarani","diameter_mm":900,"depth_m":-3.5},"geometry":{"type":"LineString","coordinates":[[88.3259859,22.5413719],[88.3263993,22.5416748],[88.3265812,22.5417973],[88.3267382,22.5419081],[88.3268403,22.5419753],[88.3270941,22.5421442],[88.3272981,22.5422662],[88.3276314,22.5424639]]}},
{"type":"Feature","properties":{"pipe_id":"P_1813","road_name":"Diamond Harbour Road","diameter_mm":900,"depth_m":-3.5},"geometry":{"type":"LineString","coordinates":[[88.3258214,22.5271286],[88.3258306,22.527181],[88.3259965,22.5278143],[88.3260755,22.5281552],[88.3262258,22.5287978],[88.3264534,22.5298536],[88.3266664,22.5308202],[88.3267437,22.5312081],[88.3267543,22.5312614],[88.3267979,22.5314798],[88.326811,22.5315454],[88.3268782,22.5318851],[88.3268905,22.5319529],[88.3269055,22.5320354],[88.3270318,22.5327308],[88.3271482,22.5334321]]}},
{"type":"Feature","properties":{"pipe_id":"P_1814","road_name":"Kabi Mohammad Iqbal Road","diameter_mm":300,"depth_m":-2.2},"geometry":{"type":"LineString","coordinates":[[88.3272105,22.5334092],[88.3271482,22.5334321]]}},
{"type":"Feature","properties":{"pipe_id":"P_1815","road_name":"Alipore Road","diameter_mm":900,"depth_m":-3.5},"geometry":{"type":"LineString","coordinates":[[88.3331684,22.5346917],[88.3329057,22.5344768],[88.3326089,22.5343103],[88.3323211,22.5341339],[88.3321352,22.5339352],[88.3320393,22.5335833],[88.3319955,22.5330038]]}},
{"type":"Feature","properties":{"pipe_id":"P_1816","road_name":"Alipore Road","diameter_mm":900,"depth_m":-3.5},"geometry":{"type":"LineString","coordinates":[[88.3313643,22.5275415],[88.331359,22.5274319]]}},
{"type":"Feature","properties":{"pipe_id":"P_1817","road_name":"Taratala Road","diameter_mm":900,"depth_m":-3.5},"geometry":{"type":"LineString","coordinates":[[88.3221753,22.5123448],[88.321967,22.5123831]]}},
{"type":"Feature","properties":{"pipe_id":"P_1818","road_name":"Unnamed Street","diameter_mm":900,"depth_m":-3.5},"geometry":{"type":"LineString","coordinates":[[88.322149,22.512268],[88.3221235,22.5121997]]}},
{"type":"Feature","properties":{"pipe_id":"P_1819","road_name":"Unnamed Street","diameter_mm":900,"depth_m":-3.5},"geometry":{"type":"LineString","coordinates":[[88.3221753,22.5123448],[88.322149,22.512268]]}},
{"type":"Feature","properties":{"pipe_id":"P_1820","road_name":"Unnamed Street","diameter_mm":600,"depth_m":-2.2},"geometry":{"type":"LineString","coordinates":[[88.3224614,22.5132063],[88.322245,22.5125774]]}},
{"type":"Feature","properties":{"pipe_id":"P_1821","road_name":"Kidderpore Road","diameter_mm":900,"depth_m":-3.5},"geometry":{"type":"LineString","coordinates":[[88.3297438,22.5438136],[88.3299199,22.5439375],[88.3301718,22.5441148]]}},
{"type":"Feature","properties":{"pipe_id":"P_1822","road_name":"Taratala Flyover","diameter_mm":900,"depth_m":-3.5},"geometry":{"type":"LineString","coordinates":[[88.3227851,22.5148977],[88.322874,22.5151932]]}},
{"type":"Feature","properties":{"pipe_id":"P_1823","road_name":"Karl Marx Sarani","diameter_mm":900,"depth_m":-3.5},"geometry":{"type":"LineString","coordinates":[[88.3295752,22.5437201],[88.3297438,22.5438136]]}},
{"type":"Feature","properties":{"pipe_id":"P_1824","road_name":"Unnamed Street","diameter_mm":900,"depth_m":-3.5},"geometry":{"type":"LineString","coordinates":[[88.3219873,22.5124605],[88.3221995,22.5124234]]}},
{"type":"Feature","properties":{"pipe_id":"P_1825","road_name":"Unnamed Street","diameter_mm":900,"depth_m":-3.5},"geometry":{"type":"LineString","coordinates":[[88.321967,22.5123831],[88.3219873,22.5124605]]}},
{"type":"Feature","properties":{"pipe_id":"P_1826","road_name":"Meherali Mondal Street","diameter_mm":300,"depth_m":-2.2},"geometry":{"type":"LineString","coordinates":[[88.3258306,22.527181],[88.3258975,22.5271705]]}},
{"type":"Feature","properties":{"pipe_id":"P_1827","road_name":"Majherhat Flyover","diameter_mm":900,"depth_m":-3.5},"geometry":{"type":"LineString","coordinates":[[88.3243382,22.521229],[88.3244903,22.5218438]]}},
{"type":"Feature","properties":{"pipe_id":"P_1828","road_name":"Burdwan Road","diameter_mm":900,"depth_m":-3.5},"geometry":{"type":"LineString","coordinates":[[88.324572,22.5219499],[88.3245221,22.5219608]]}},
{"type":"Feature","properties":{"pipe_id":"P_1829","road_name":"Chetla Central Road","diameter_mm":900,"depth_m":-3.5},"geometry":{"type":"LineString","coordinates":[[88.3376861,22.5173401],[88.3378944,22.5173265],[88.3385834,22.5171475],[88.338734,22.5171208]]}},
{"type":"Feature","properties":{"pipe_id":"P_1830","road_name":"Unnamed Street","diameter_mm":600,"depth_m":-2.2},"geometry":{"type":"LineString","coordinates":[[88.3222595,22.5132384],[88.3223595,22.5132225],[88.3224614,22.5132063]]}},
{"type":"Feature","properties":{"pipe_id":"P_1831","road_name":"Unnamed Street","diameter_mm":600,"depth_m":-2.2},"geometry":{"type":"LineString","coordinates":[[88.3219873,22.5124605],[88.3222595,22.5132384]]}},
{"type":"Feature","properties":{"pipe_id":"P_1832","road_name":"Acharya Jagadish Chandra Bose Road","diameter_mm":900,"depth_m":-3.5},"geometry":{"type":"LineString","coordinates":[[88.3412214,22.540999],[88.3415656,22.5411486],[88.3418785,22.5412264],[88.3420849,22.5412776],[88.3427544,22.5414056],[88.3433322,22.5415471],[88.3435266,22.541571],[88.3439862,22.5416274]]}},
{"type":"Feature","properties":{"pipe_id":"P_1833","road_name":"Alipore Road","diameter_mm":900,"depth_m":-3.5},"geometry":{"type":"LineString","coordinates":[[88.3335471,22.5198551],[88.3333878,22.5196039],[88.3333341,22.5194415],[88.3332675,22.5192399],[88.3332484,22.519182],[88.333214,22.5187319],[88.3331857,22.5184059],[88.333163,22.5181763]]}},
{"type":"Feature","properties":{"pipe_id":"P_1834","road_name":"Chetla Hat Road","diameter_mm":300,"depth_m":-2.2},"geometry":{"type":"LineString","coordinates":[[88.3358289,22.5200181],[88.3358823,22.5200199],[88.3360684,22.5200218],[88.3361264,22.5200224],[88.3361529,22.5200229],[88.3363865,22.5200274],[88.3364681,22.5200468],[88.3365528,22.520067],[88.3367567,22.5201201],[88.3368667,22.5201488],[88.3370759,22.5201909],[88.337167,22.5202068],[88.3373736,22.5202429],[88.3375664,22.5202579],[88.337674,22.5202578],[88.3379288,22.5202628],[88.3380278,22.5202889]]}},
{"type":"Feature","properties":{"pipe_id":"P_1835","road_name":"Unnamed Street","diameter_mm":300,"depth_m":-2.2},"geometry":{"type":"LineString","coordinates":[[88.3300351,22.5273835],[88.3301054,22.5274488],[88.3302234,22.5273943],[88.3303538,22.5274043]]}},
{"type":"Feature","properties":{"pipe_id":"P_1836","road_name":"Unnamed Street","diameter_mm":900,"depth_m":-3.5},"geometry":{"type":"LineString","coordinates":[[88.3296337,22.5436121],[88.3294111,22.543496]]}},
{"type":"Feature","properties":{"pipe_id":"P_1837","road_name":"Strand Road","diameter_mm":900,"depth_m":-3.5},"geometry":{"type":"LineString","coordinates":[[88.3296337,22.5436121],[88.329613,22.5436503],[88.3295752,22.5437201]]}},
{"type":"Feature","properties":{"pipe_id":"P_1838","road_name":"Vidyasagar Flyover","diameter_mm":900,"depth_m":-3.5},"geometry":{"type":"LineString","coordinates":[[88.3323038,22.5419199],[88.331698,22.5422422]]}},
{"type":"Feature","properties":{"pipe_id":"P_1839","road_name":"Belvedere Road","diameter_mm":900,"depth_m":-3.5},"geometry":{"type":"LineString","coordinates":[[88.3347632,22.5407461],[88.3346898,22.5406311]]}},
{"type":"Feature","properties":{"pipe_id":"P_1840","road_name":"Hospital Road","diameter_mm":900,"depth_m":-3.5},"geometry":{"type":"LineString","coordinates":[[88.3392818,22.5404157],[88.33926,22.5405465]]}},
{"type":"Feature","properties":{"pipe_id":"P_1841","road_name":"Acharya Jagadish Chandra Bose Road","diameter_mm":900,"depth_m":-3.5},"geometry":{"type":"LineString","coordinates":[[88.33926,22.5405465],[88.3393758,22.5405811]]}},
{"type":"Feature","properties":{"pipe_id":"P_1842","road_name":"Unnamed Street","diameter_mm":900,"depth_m":-3.5},"geometry":{"type":"LineString","coordinates":[[88.3346494,22.5408022],[88.3347632,22.5407461]]}},
{"type":"Feature","properties":{"pipe_id":"P_1843","road_name":"Unnamed Street","diameter_mm":300,"depth_m":-2.2},"geometry":{"type":"LineString","coordinates":[[88.3395436,22.5395669],[88.3401902,22.5396262],[88.3402573,22.5396262],[88.3403592,22.5396014],[88.3404274,22.5394743]]}},
{"type":"Feature","properties":{"pipe_id":"P_1844","road_name":"Unnamed Street","diameter_mm":300,"depth_m":-2.2},"geometry":{"type":"LineString","coordinates":[[88.3402123,22.5394098],[88.3397503,22.5393859]]}},
{"type":"Feature","properties":{"pipe_id":"P_1845","road_name":"Unnamed Street","diameter_mm":300,"depth_m":-2.2},"geometry":{"type":"LineString","coordinates":[[88.3403354,22.5394467],[88.3403427,22.5389475]]}},
{"type":"Feature","properties":{"pipe_id":"P_1846","road_name":"Unnamed Street","diameter_mm":300,"depth_m":-2.2},"geometry":{"type":"LineString","coordinates":[[88.3406259,22.5389555],[88.34161,22.5391711],[88.3422374,22.5392305],[88.3424895,22.5392463]]}},
{"type":"Feature","properties":{"pipe_id":"P_1847","road_name":"Belvedere Road","diameter_mm":900,"depth_m":-3.5},"geometry":{"type":"LineString","coordinates":[[88.3333914,22.5353195],[88.3334456,22.5359209],[88.3335034,22.5366477],[88.333537,22.5371031],[88.333567,22.5375407],[88.333592,22.5378723],[88.3336512,22.5386593],[88.3336952,22.5389315],[88.3337325,22.5391127]]}},
{"type":"Feature","properties":{"pipe_id":"P_1848","road_name":"Alipore Road","diameter_mm":900,"depth_m":-3.5},"geometry":{"type":"LineString","coordinates":[[88.3304713,22.5222085],[88.330457,22.5221729],[88.3304244,22.5221466],[88.3303431,22.5221466],[88.3302999,22.522171]]}},
{"type":"Feature","properties":{"pipe_id":"P_1849","road_name":"Burdwan Road","diameter_mm":900,"depth_m":-3.5},"geometry":{"type":"LineString","coordinates":[[88.3302999,22.522171],[88.3302903,22.5222612],[88.3303099,22.5223167],[88.3303442,22.5223397],[88.3303906,22.5223364]]}},
{"type":"Feature","properties":{"pipe_id":"P_1850","road_name":"Unnamed Street","diameter_mm":300,"depth_m":-2.2},"geometry":{"type":"LineString","coordinates":[[88.3318331,22.5320848],[88.3317069,22.5320894],[88.3316634,22.5320953],[88.3316423,22.5321049],[88.3316274,22.5321178],[88.3316184,22.5321369],[88.3316199,22.532169],[88.331631,22.5322513],[88.3316437,22.5322673],[88.3316577,22.5322729],[88.3316732,22.5322754],[88.331847,22.5322684]]}},
{"type":"Feature","properties":{"pipe_id":"P_1851","road_name":"Unnamed Street","diameter_mm":300,"depth_m":-2.2},"geometry":{"type":"LineString","coordinates":[[88.3417778,22.5311642],[88.3420129,22.5311436]]}},
{"type":"Feature","properties":{"pipe_id":"P_1852","road_name":"Kidderpore Road","diameter_mm":900,"depth_m":-3.5},"geometry":{"type":"LineString","coordinates":[[88.3331261,22.5460586],[88.3331005,22.5460255],[88.3324425,22.5456405],[88.3323607,22.545607],[88.3322856,22.5455959],[88.3318068,22.5455463],[88.3317156,22.5455129],[88.3316647,22.5454708],[88.331603,22.5453735],[88.331501,22.5451326],[88.3314192,22.5449574],[88.3313173,22.5448478],[88.3301613,22.544003],[88.3296337,22.5436121]]}},
{"type":"Feature","properties":{"pipe_id":"P_1853","road_name":"Unnamed Street","diameter_mm":300,"depth_m":-2.2},"geometry":{"type":"LineString","coordinates":[[88.3334711,22.5145234],[88.3334728,22.5145782],[88.3335238,22.5146129],[88.3337469,22.5145896],[88.3338215,22.51465],[88.3338492,22.5146812],[88.3338993,22.5147045],[88.3341965,22.5147126]]}},
{"type":"Feature","properties":{"pipe_id":"P_1854","road_name":"Unnamed Street","diameter_mm":300,"depth_m":-2.2},"geometry":{"type":"LineString","coordinates":[[88.336545,22.529719],[88.3359646,22.5296346],[88.3356829,22.5295731]]}},
{"type":"Feature","properties":{"pipe_id":"P_1855","road_name":"Unnamed Street","diameter_mm":300,"depth_m":-2.2},"geometry":{"type":"LineString","coordinates":[[88.329628,22.5272481],[88.32985,22.5270636]]}},
{"type":"Feature","properties":{"pipe_id":"P_1856","road_name":"Unnamed Street","diameter_mm":300,"depth_m":-2.2},"geometry":{"type":"LineString","coordinates":[[88.3171687,22.5213331],[88.3171793,22.5213739],[88.317185,22.5213958],[88.3171986,22.5214478],[88.3172107,22.5214938],[88.3172196,22.5215279],[88.3172303,22.5215691],[88.3172361,22.5215912],[88.3172467,22.5216317],[88.3172583,22.5216678],[88.3172729,22.5217135],[88.3172884,22.5217617],[88.3172939,22.521779],[88.3173086,22.5218249],[88.3173213,22.5218645],[88.3173148,22.5219252],[88.3172129,22.5220374],[88.3171705,22.5221067]]}},
{"type":"Feature","properties":{"pipe_id":"P_1857","road_name":"Garden Reach Flyover","diameter_mm":900,"depth_m":-3.5},"geometry":{"type":"LineString","coordinates":[[88.3230576,22.5197904],[88.3231751,22.5197032],[88.3232183,22.5196375]]}},
{"type":"Feature","properties":{"pipe_id":"P_1858","road_name":"Garden Reach Flyover","diameter_mm":900,"depth_m":-3.5},"geometry":{"type":"LineString","coordinates":[[88.3232183,22.5196375],[88.3231262,22.5196642],[88.3230123,22.5197312]]}},
{"type":"Feature","properties":{"pipe_id":"P_1859","road_name":"Belvedere Road","diameter_mm":900,"depth_m":-3.5},"geometry":{"type":"LineString","coordinates":[[88.3345809,22.5406898],[88.3346494,22.5408022]]}},
{"type":"Feature","properties":{"pipe_id":"P_1860","road_name":"Unnamed Street","diameter_mm":900,"depth_m":-3.5},"geometry":{"type":"LineString","coordinates":[[88.333637,22.5411927],[88.3334194,22.54131]]}},
{"type":"Feature","properties":{"pipe_id":"P_1861","road_name":"Hospital Road","diameter_mm":900,"depth_m":-3.5},"geometry":{"type":"LineString","coordinates":[[88.3393758,22.5405811],[88.339375,22.5404412]]}},
{"type":"Feature","properties":{"pipe_id":"P_1862","road_name":"Acharya Jagadish Chandra Bose Road","diameter_mm":300,"depth_m":-2.2},"geometry":{"type":"LineString","coordinates":[[88.3393758,22.5405811],[88.3412214,22.540999]]}},
{"type":"Feature","properties":{"pipe_id":"P_1863","road_name":"Acharya Jagadish Chandra Bose Road","diameter_mm":900,"depth_m":-3.5},"geometry":{"type":"LineString","coordinates":[[88.3392818,22.5404157],[88.3390314,22.5403432]]}},
{"type":"Feature","properties":{"pipe_id":"P_1864","road_name":"Acharya Jagadish Chandra Bose Road","diameter_mm":900,"depth_m":-3.5},"geometry":{"type":"LineString","coordinates":[[88.339375,22.5404412],[88.3392818,22.5404157]]}},
{"type":"Feature","properties":{"pipe_id":"P_1865","road_name":"Majherhat Flyover","diameter_mm":900,"depth_m":-3.5},"geometry":{"type":"LineString","coordinates":[[88.3245467,22.5218317],[88.3244089,22.5212262]]}},
{"type":"Feature","properties":{"pipe_id":"P_1866","road_name":"Diamond Harbour Road","diameter_mm":900,"depth_m":-3.5},"geometry":{"type":"LineString","coordinates":[[88.3246104,22.5220691],[88.324572,22.5219499]]}},
{"type":"Feature","properties":{"pipe_id":"P_1867","road_name":"Unnamed Street","diameter_mm":900,"depth_m":-3.5},"geometry":{"type":"LineString","coordinates":[[88.3244946,22.5218614],[88.3245221,22.5219608]]}},
{"type":"Feature","properties":{"pipe_id":"P_1868","road_name":"Unnamed Street","diameter_mm":900,"depth_m":-3.5},"geometry":{"type":"LineString","coordinates":[[88.3244903,22.5218438],[88.3244946,22.5218614]]}},
{"type":"Feature","properties":{"pipe_id":"P_1869","road_name":"Unnamed Street","diameter_mm":300,"depth_m":-2.2},"geometry":{"type":"LineString","coordinates":[[88.3244072,22.5218798],[88.32442,22.5218771],[88.3244946,22.5218614]]}},
{"type":"Feature","properties":{"pipe_id":"P_1870","road_name":"Diamond Harbour Road","diameter_mm":900,"depth_m":-3.5},"geometry":{"type":"LineString","coordinates":[[88.324556,22.5220796],[88.3246517,22.5224234],[88.3248245,22.5232626],[88.3250115,22.5240376],[88.3251441,22.5246602],[88.3252514,22.5250133],[88.3253373,22.5253173],[88.3255542,22.5261111],[88.32567,22.5265759],[88.3258214,22.5271286]]}},
{"type":"Feature","properties":{"pipe_id":"P_1871","road_name":"Unnamed Street","diameter_mm":300,"depth_m":-2.2},"geometry":{"type":"LineString","coordinates":[[88.324556,22.5220796],[88.3246104,22.5220691]]}},
{"type":"Feature","properties":{"pipe_id":"P_1872","road_name":"Alipore Road","diameter_mm":900,"depth_m":-3.5},"geometry":{"type":"LineString","coordinates":[[88.3331225,22.5159007],[88.3331196,22.5159436],[88.3331217,22.5160358],[88.3331376,22.5162437],[88.333139,22.5163606],[88.3331445,22.5167566],[88.3331496,22.5168405],[88.3331511,22.5171861],[88.3331579,22.5173579],[88.3331525,22.5175103],[88.333163,22.5181763]]}},
{"type":"Feature","properties":{"pipe_id":"P_1873","road_name":"Alipore Road","diameter_mm":900,"depth_m":-3.5},"geometry":{"type":"LineString","coordinates":[[88.3331067,22.515857],[88.3331225,22.5159007]]}},
{"type":"Feature","properties":{"pipe_id":"P_1874","road_name":"Belvedere Road","diameter_mm":900,"depth_m":-3.5},"geometry":{"type":"LineString","coordinates":[[88.3335001,22.5350717],[88.3334448,22.5351149]]}},
{"type":"Feature","properties":{"pipe_id":"P_1875","road_name":"Unnamed Street","diameter_mm":900,"depth_m":-3.5},"geometry":{"type":"LineString","coordinates":[[88.3397432,22.523816],[88.3386245,22.5238803],[88.3384812,22.5238859],[88.3379609,22.5239064],[88.337511,22.5239212],[88.3371929,22.5239571],[88.3370146,22.5239774],[88.3368035,22.5240014],[88.3364288,22.524044],[88.3363736,22.5240503],[88.3362338,22.5240642],[88.335864,22.524101],[88.3355525,22.524132],[88.3349604,22.5242072],[88.3344821,22.5242771],[88.3344239,22.5242856],[88.3343652,22.5243327]]}},
{"type":"Feature","properties":{"pipe_id":"P_1876","road_name":"Judges Court Road","diameter_mm":900,"depth_m":-3.5},"geometry":{"type":"LineString","coordinates":[[88.3385954,22.5239178],[88.3395641,22.5238839]]}},
{"type":"Feature","properties":{"pipe_id":"P_1877","road_name":"Unnamed Street","diameter_mm":900,"depth_m":-3.5},"geometry":{"type":"LineString","coordinates":[[88.3375096,22.5239558],[88.3385954,22.5239178]]}},
{"type":"Feature","properties":{"pipe_id":"P_1878","road_name":"Unnamed Street","diameter_mm":300,"depth_m":-2.2},"geometry":{"type":"LineString","coordinates":[[88.33845,22.5235184],[88.3384812,22.5238859]]}},
{"type":"Feature","properties":{"pipe_id":"P_1879","road_name":"Judges Court Road","diameter_mm":900,"depth_m":-3.5},"geometry":{"type":"LineString","coordinates":[[88.3358311,22.5241459],[88.336231,22.5241091],[88.3364315,22.524085],[88.3367991,22.524041],[88.3370169,22.5240149],[88.3375096,22.5239558]]}},
{"type":"Feature","properties":{"pipe_id":"P_1880","road_name":"Judges Court Road","diameter_mm":900,"depth_m":-3.5},"geometry":{"type":"LineString","coordinates":[[88.3343652,22.5243327],[88.3344858,22.5243183],[88.3349646,22.5242609],[88.3357185,22.5241705],[88.3358311,22.5241459]]}},
{"type":"Feature","properties":{"pipe_id":"P_1881","road_name":"Unnamed Street","diameter_mm":300,"depth_m":-2.2},"geometry":{"type":"LineString","coordinates":[[88.3199795,22.5378333],[88.3196516,22.5378787]]}},
{"type":"Feature","properties":{"pipe_id":"P_1882","road_name":"Unnamed Street","diameter_mm":300,"depth_m":-2.2},"geometry":{"type":"LineString","coordinates":[[88.3210658,22.5376245],[88.3209425,22.53765],[88.3206986,22.5377225]]}},
{"type":"Feature","properties":{"pipe_id":"P_1883","road_name":"Rajab Ali Lane","diameter_mm":300,"depth_m":-2.2},"geometry":{"type":"LineString","coordinates":[[88.3246467,22.5305106],[88.3247084,22.530858],[88.3246707,22.5308676]]}},
{"type":"Feature","properties":{"pipe_id":"P_1884","road_name":"Unnamed Street","diameter_mm":300,"depth_m":-2.2},"geometry":{"type":"LineString","coordinates":[[88.3407459,22.5342883],[88.3407686,22.5340777],[88.3407897,22.5338253]]}},
{"type":"Feature","properties":{"pipe_id":"P_1885","road_name":"Harish Chatterjee Road","diameter_mm":300,"depth_m":-2.2},"geometry":{"type":"LineString","coordinates":[[88.3414663,22.5236872],[88.3414695,22.5237908],[88.3414702,22.523812],[88.3414266,22.5240684],[88.3414273,22.5241061],[88.3414344,22.5244952],[88.3414358,22.5245695],[88.3414392,22.5247579],[88.3414433,22.5248121]]}},
{"type":"Feature","properties":{"pipe_id":"P_1886","road_name":"Unnamed Street","diameter_mm":300,"depth_m":-2.2},"geometry":{"type":"LineString","coordinates":[[88.3414433,22.5248121],[88.3412549,22.5248414],[88.3409491,22.5248761]]}},
{"type":"Feature","properties":{"pipe_id":"P_1887","road_name":"Unnamed Street","diameter_mm":300,"depth_m":-2.2},"geometry":{"type":"LineString","coordinates":[[88.3410295,22.5319297],[88.3410165,22.5318043],[88.3410235,22.5317664],[88.3410433,22.5316927],[88.3410632,22.5315988]]}},
{"type":"Feature","properties":{"pipe_id":"P_1888","road_name":"Unnamed Street","diameter_mm":300,"depth_m":-2.2},"geometry":{"type":"LineString","coordinates":[[88.3413187,22.5312142],[88.3415386,22.5312737],[88.3417934,22.5312935]]}},
{"type":"Feature","properties":{"pipe_id":"P_1889","road_name":"Unnamed Street","diameter_mm":300,"depth_m":-2.2},"geometry":{"type":"LineString","coordinates":[[88.3410632,22.5315988],[88.3410915,22.5315495],[88.341176,22.5314215]]}},
{"type":"Feature","properties":{"pipe_id":"P_1890","road_name":"Gobind Bose Lane","diameter_mm":300,"depth_m":-2.2},"geometry":{"type":"LineString","coordinates":[[88.3413097,22.5325389],[88.3411771,22.532554],[88.3409732,22.5325639],[88.3408004,22.532529]]}},
{"type":"Feature","properties":{"pipe_id":"P_1891","road_name":"Unnamed Street","diameter_mm":300,"depth_m":-2.2},"geometry":{"type":"LineString","coordinates":[[88.3413097,22.5325389],[88.3413677,22.533039]]}},
{"type":"Feature","properties":{"pipe_id":"P_1892","road_name":"Unnamed Street","diameter_mm":900,"depth_m":-3.5},"geometry":{"type":"LineString","coordinates":[[88.337182,22.5331999],[88.3370006,22.5330953],[88.3368341,22.5330364],[88.3366808,22.5330293]]}},
{"type":"Feature","properties":{"pipe_id":"P_1893","road_name":"Hospital Road","diameter_mm":900,"depth_m":-3.5},"geometry":{"type":"LineString","coordinates":[[88.3375956,22.5334382],[88.337182,22.5331999]]}},
{"type":"Feature","properties":{"pipe_id":"P_1894","road_name":"Unnamed Street","diameter_mm":900,"depth_m":-3.5},"geometry":{"type":"LineString","coordinates":[[88.3398281,22.5168816],[88.339584,22.5169014],[88.3390641,22.5169906]]}},
{"type":"Feature","properties":{"pipe_id":"P_1895","road_name":"Unnamed Street","diameter_mm":900,"depth_m":-3.5},"geometry":{"type":"LineString","coordinates":[[88.3399485,22.5168719],[88.3398281,22.5168816]]}},
{"type":"Feature","properties":{"pipe_id":"P_1896","road_name":"Unnamed Street","diameter_mm":900,"depth_m":-3.5},"geometry":{"type":"LineString","coordinates":[[88.3404235,22.5168551],[88.3399485,22.5168719]]}},
{"type":"Feature","properties":{"pipe_id":"P_1897","road_name":"Unnamed Street","diameter_mm":300,"depth_m":-2.2},"geometry":{"type":"LineString","coordinates":[[88.3403705,22.5163846],[88.3413878,22.5164299]]}},
{"type":"Feature","properties":{"pipe_id":"P_1898","road_name":"Unnamed Street","diameter_mm":300,"depth_m":-2.2},"geometry":{"type":"LineString","coordinates":[[88.3187539,22.5292217],[88.3187552,22.5293107],[88.3188035,22.5294024],[88.318837,22.5294299],[88.3188585,22.5296528],[88.3188921,22.5298485]]}},
{"type":"Feature","properties":{"pipe_id":"P_1899","road_name":"Unnamed Street","diameter_mm":300,"depth_m":-2.2},"geometry":{"type":"LineString","coordinates":[[88.3274351,22.5369688],[88.3269855,22.5370282]]}},
{"type":"Feature","properties":{"pipe_id":"P_1900","road_name":"Unnamed Street","diameter_mm":300,"depth_m":-2.2},"geometry":{"type":"LineString","coordinates":[[88.3202371,22.5398636],[88.3205079,22.5397879],[88.320722,22.5397549],[88.3207696,22.539745],[88.3212133,22.5396517],[88.3213198,22.5395943]]}},
{"type":"Feature","properties":{"pipe_id":"P_1901","road_name":"Unnamed Street","diameter_mm":300,"depth_m":-2.2},"geometry":{"type":"LineString","coordinates":[[88.3224419,22.5432325],[88.3227787,22.5432533]]}},
{"type":"Feature","properties":{"pipe_id":"P_1902","road_name":"Unnamed Street","diameter_mm":300,"depth_m":-2.2},"geometry":{"type":"LineString","coordinates":[[88.3233091,22.538133],[88.3227711,22.5382799]]}},
{"type":"Feature","properties":{"pipe_id":"P_1903","road_name":"Unnamed Street","diameter_mm":300,"depth_m":-2.2},"geometry":{"type":"LineString","coordinates":[[88.3149561,22.5443438],[88.3151705,22.5442397]]}},
{"type":"Feature","properties":{"pipe_id":"P_1904","road_name":"Unnamed Street","diameter_mm":300,"depth_m":-2.2},"geometry":{"type":"LineString","coordinates":[[88.3159695,22.5339775],[88.3162139,22.5339149],[88.316466,22.5338505]]}},
{"type":"Feature","properties":{"pipe_id":"P_1905","road_name":"Unnamed Street","diameter_mm":300,"depth_m":-2.2},"geometry":{"type":"LineString","coordinates":[[88.3173226,22.5336706],[88.31726,22.5334273]]}},
{"type":"Feature","properties":{"pipe_id":"P_1906","road_name":"Unnamed Street","diameter_mm":300,"depth_m":-2.2},"geometry":{"type":"LineString","coordinates":[[88.3326811,22.5312576],[88.3326798,22.5310651],[88.3321649,22.53108],[88.3320468,22.5310948],[88.3319658,22.5310979],[88.3318848,22.531101]]}},
{"type":"Feature","properties":{"pipe_id":"P_1907","road_name":"Unnamed Street","diameter_mm":300,"depth_m":-2.2},"geometry":{"type":"LineString","coordinates":[[88.3334964,22.5414277],[88.3334194,22.54131]]}},
{"type":"Feature","properties":{"pipe_id":"P_1908","road_name":"Unnamed Street","diameter_mm":900,"depth_m":-3.5},"geometry":{"type":"LineString","coordinates":[[88.3332762,22.5413883],[88.3323038,22.5419199]]}},
{"type":"Feature","properties":{"pipe_id":"P_1909","road_name":"Vidyasagar Flyover","diameter_mm":900,"depth_m":-3.5},"geometry":{"type":"LineString","coordinates":[[88.330863,22.5429051],[88.3310969,22.5427577],[88.3313024,22.5426485],[88.3317819,22.5423628],[88.33198,22.5422544],[88.3324309,22.5420077]]}},
{"type":"Feature","properties":{"pipe_id":"P_1910","road_name":"Unnamed Street","diameter_mm":900,"depth_m":-3.5},"geometry":{"type":"LineString","coordinates":[[88.3324309,22.5420077],[88.3329427,22.5417277],[88.3333334,22.541516]]}},
{"type":"Feature","properties":{"pipe_id":"P_1911","road_name":"Unnamed Street","diameter_mm":300,"depth_m":-2.2},"geometry":{"type":"LineString","coordinates":[[88.333331,22.541127],[88.3332886,22.541044],[88.3332162,22.5409077],[88.3331363,22.5408328]]}},
{"type":"Feature","properties":{"pipe_id":"P_1912","road_name":"Unnamed Street","diameter_mm":300,"depth_m":-2.2},"geometry":{"type":"LineString","coordinates":[[88.3331304,22.5413121],[88.3332296,22.5412075],[88.333331,22.541127]]}},
{"type":"Feature","properties":{"pipe_id":"P_1913","road_name":"Unnamed Street","diameter_mm":300,"depth_m":-2.2},"geometry":{"type":"LineString","coordinates":[[88.3373415,22.5298349],[88.3373816,22.5296839]]}},
{"type":"Feature","properties":{"pipe_id":"P_1914","road_name":"Unnamed Street","diameter_mm":300,"depth_m":-2.2},"geometry":{"type":"LineString","coordinates":[[88.3287559,22.5319854],[88.3287613,22.5320479],[88.3287666,22.5321103],[88.3288009,22.5323579],[88.3290695,22.5323482],[88.329083,22.5324151]]}},
{"type":"Feature","properties":{"pipe_id":"P_1915","road_name":"Unnamed Street","diameter_mm":300,"depth_m":-2.2},"geometry":{"type":"LineString","coordinates":[[88.327479,22.5297124],[88.3273992,22.5293564]]}},
{"type":"Feature","properties":{"pipe_id":"P_1916","road_name":"Unnamed Street","diameter_mm":300,"depth_m":-2.2},"geometry":{"type":"LineString","coordinates":[[88.3273112,22.5304905],[88.3269318,22.5305583]]}},
{"type":"Feature","properties":{"pipe_id":"P_1917","road_name":"Unnamed Street","diameter_mm":300,"depth_m":-2.2},"geometry":{"type":"LineString","coordinates":[[88.3294422,22.5222285],[88.3294339,22.5221781],[88.3294091,22.5220263],[88.3293372,22.5216905],[88.3294045,22.5216257],[88.329741,22.5215342],[88.3300039,22.5214694],[88.3300213,22.5214022],[88.3301597,22.5213836],[88.3302486,22.5213717]]}},
{"type":"Feature","properties":{"pipe_id":"P_1918","road_name":"Unnamed Street","diameter_mm":300,"depth_m":-2.2},"geometry":{"type":"LineString","coordinates":[[88.3251169,22.5242181],[88.3253109,22.524187],[88.3259201,22.5240895]]}},
{"type":"Feature","properties":{"pipe_id":"P_1919","road_name":"Unnamed Street","diameter_mm":300,"depth_m":-2.2},"geometry":{"type":"LineString","coordinates":[[88.3260919,22.5257665],[88.3261255,22.5257312],[88.3263725,22.5256916],[88.3263346,22.5254452]]}},
{"type":"Feature","properties":{"pipe_id":"P_1920","road_name":"Unnamed Street","diameter_mm":300,"depth_m":-2.2},"geometry":{"type":"LineString","coordinates":[[88.340503,22.518709],[88.3406764,22.51869],[88.3406785,22.5186808],[88.3406804,22.518675],[88.3406844,22.5186735],[88.3406908,22.5186721],[88.340783,22.5186695],[88.3407903,22.5186874],[88.3407922,22.5187118],[88.3408214,22.5187203],[88.3413969,22.5187272]]}},
{"type":"Feature","properties":{"pipe_id":"P_1921","road_name":"Unnamed Street","diameter_mm":300,"depth_m":-2.2},"geometry":{"type":"LineString","coordinates":[[88.3219997,22.5274757],[88.3218407,22.527473],[88.3217895,22.5274721],[88.320347,22.5274357]]}},
{"type":"Feature","properties":{"pipe_id":"P_1922","road_name":"Unnamed Street","diameter_mm":300,"depth_m":-2.2},"geometry":{"type":"LineString","coordinates":[[88.3225464,22.5281267],[88.3226088,22.5284018]]}},
{"type":"Feature","properties":{"pipe_id":"P_1923","road_name":"Unnamed Street","diameter_mm":300,"depth_m":-2.2},"geometry":{"type":"LineString","coordinates":[[88.3398765,22.5129107],[88.3403859,22.5128758]]}},
{"type":"Feature","properties":{"pipe_id":"P_1924","road_name":"Unnamed Street","diameter_mm":300,"depth_m":-2.2},"geometry":{"type":"LineString","coordinates":[[88.3267938,22.5205439],[88.3271534,22.5204956]]}},
{"type":"Feature","properties":{"pipe_id":"P_1925","road_name":"Unnamed Street","diameter_mm":300,"depth_m":-2.2},"geometry":{"type":"LineString","coordinates":[[88.3225665,22.5261444],[88.3225441,22.5260359],[88.3225302,22.5259384],[88.3225354,22.5258968],[88.3225864,22.5258727],[88.3227046,22.525854],[88.3228872,22.5258362],[88.3229648,22.5258246]]}},
{"type":"Feature","properties":{"pipe_id":"P_1926","road_name":"Unnamed Street","diameter_mm":300,"depth_m":-2.2},"geometry":{"type":"LineString","coordinates":[[88.3226475,22.5270234],[88.3226831,22.5271748],[88.322751,22.5276471],[88.3228204,22.5277238],[88.3228399,22.5277502],[88.3228732,22.5279253]]}},
{"type":"Feature","properties":{"pipe_id":"P_1927","road_name":"Unnamed Street","diameter_mm":300,"depth_m":-2.2},"geometry":{"type":"LineString","coordinates":[[88.3391038,22.5164109],[88.3391062,22.5164364],[88.3391166,22.5165512],[88.3391116,22.5165621],[88.3391027,22.5165699],[88.3390891,22.5165744],[88.3390713,22.5165779],[88.3390516,22.5165796],[88.339025,22.5165814],[88.3388859,22.5165838],[88.3388794,22.5165811],[88.3388774,22.5165747],[88.3388749,22.5165639],[88.3388566,22.5164875],[88.3388576,22.516473],[88.338866,22.516465],[88.3391062,22.5164364]]}},
{"type":"Feature","properties":{"pipe_id":"P_1928","road_name":"Unnamed Street","diameter_mm":300,"depth_m":-2.2},"geometry":{"type":"LineString","coordinates":[[88.3273271,22.5347706],[88.3272562,22.5347799],[88.3271185,22.5347982],[88.3270684,22.5348048],[88.3267768,22.5348572],[88.3267701,22.5348095],[88.3267413,22.5346062],[88.3266913,22.5343102],[88.3267401,22.5342821],[88.3269716,22.5342464],[88.3269979,22.5342742],[88.3271185,22.5347982]]}},
{"type":"Feature","properties":{"pipe_id":"P_1929","road_name":"Unnamed Street","diameter_mm":300,"depth_m":-2.2},"geometry":{"type":"LineString","coordinates":[[88.3264967,22.5383363],[88.3265584,22.5384369],[88.3266085,22.5385148],[88.3266571,22.5385998]]}},
{"type":"Feature","properties":{"pipe_id":"P_1930","road_name":"Unnamed Street","diameter_mm":300,"depth_m":-2.2},"geometry":{"type":"LineString","coordinates":[[88.327397,22.5358382],[88.3273428,22.535844],[88.3272886,22.5358497],[88.327051,22.535878],[88.3270044,22.5358851],[88.3266984,22.5359153],[88.3266473,22.535638],[88.3269942,22.5355701],[88.3270044,22.5358851]]}},
{"type":"Feature","properties":{"pipe_id":"P_1931","road_name":"Unnamed Street","diameter_mm":300,"depth_m":-2.2},"geometry":{"type":"LineString","coordinates":[[88.3227445,22.5357488],[88.3227062,22.5357557],[88.3226285,22.5357697],[88.3223478,22.535822]]}},
{"type":"Feature","properties":{"pipe_id":"P_1932","road_name":"Unnamed Street","diameter_mm":300,"depth_m":-2.2},"geometry":{"type":"LineString","coordinates":[[88.3404235,22.522406],[88.3404324,22.5216958],[88.3404172,22.5212908],[88.3403435,22.5208289],[88.3402974,22.5205898]]}},
{"type":"Feature","properties":{"pipe_id":"P_1933","road_name":"Unnamed Street","diameter_mm":300,"depth_m":-2.2},"geometry":{"type":"LineString","coordinates":[[88.3228032,22.5360038],[88.3228384,22.5359964],[88.3231495,22.5359312]]}},
{"type":"Feature","properties":{"pipe_id":"P_1934","road_name":"Unnamed Street","diameter_mm":300,"depth_m":-2.2},"geometry":{"type":"LineString","coordinates":[[88.3240357,22.5340319],[88.3240643,22.5340871],[88.3241764,22.5343032]]}},
{"type":"Feature","properties":{"pipe_id":"P_1935","road_name":"Unnamed Street","diameter_mm":300,"depth_m":-2.2},"geometry":{"type":"LineString","coordinates":[[88.323492,22.5309879],[88.323464,22.5307366],[88.3234475,22.5306113]]}},
{"type":"Feature","properties":{"pipe_id":"P_1936","road_name":"Unnamed Street","diameter_mm":300,"depth_m":-2.2},"geometry":{"type":"LineString","coordinates":[[88.341602,22.5264257],[88.3422656,22.5263276]]}},
{"type":"Feature","properties":{"pipe_id":"P_1937","road_name":"Unnamed Street","diameter_mm":300,"depth_m":-2.2},"geometry":{"type":"LineString","coordinates":[[88.3414299,22.5219312],[88.3418866,22.521871],[88.3418925,22.5219948]]}},
{"type":"Feature","properties":{"pipe_id":"P_1938","road_name":"Unnamed Street","diameter_mm":300,"depth_m":-2.2},"geometry":{"type":"LineString","coordinates":[[88.3380566,22.5341833],[88.337813,22.5339046],[88.337665,22.5339853]]}},
{"type":"Feature","properties":{"pipe_id":"P_1939","road_name":"Unnamed Street","diameter_mm":300,"depth_m":-2.2},"geometry":{"type":"LineString","coordinates":[[88.3155578,22.5179291],[88.3156223,22.5174677],[88.3155974,22.5173826],[88.3150864,22.5173214],[88.3146348,22.5172674]]}},
{"type":"Feature","properties":{"pipe_id":"P_1940","road_name":"Unnamed Street","diameter_mm":300,"depth_m":-2.2},"geometry":{"type":"LineString","coordinates":[[88.3300642,22.5186816],[88.3296254,22.5186645],[88.329343,22.5186535]]}},
{"type":"Feature","properties":{"pipe_id":"P_1941","road_name":"Unnamed Street","diameter_mm":300,"depth_m":-2.2},"geometry":{"type":"LineString","coordinates":[[88.3379915,22.518013],[88.3375088,22.5180209],[88.3373707,22.5180261],[88.3369125,22.5180255]]}},
{"type":"Feature","properties":{"pipe_id":"P_1942","road_name":"Unnamed Street","diameter_mm":300,"depth_m":-2.2},"geometry":{"type":"LineString","coordinates":[[88.3152448,22.5198598],[88.3155176,22.5209995]]}},
{"type":"Feature","properties":{"pipe_id":"P_1943","road_name":"Unnamed Street","diameter_mm":300,"depth_m":-2.2},"geometry":{"type":"LineString","coordinates":[[88.3301559,22.5424906],[88.330179,22.542736]]}},
{"type":"Feature","properties":{"pipe_id":"P_1944","road_name":"Unnamed Street","diameter_mm":300,"depth_m":-2.2},"geometry":{"type":"LineString","coordinates":[[88.3230667,22.5419936],[88.323485,22.5419836],[88.3239585,22.5419601]]}},
{"type":"Feature","properties":{"pipe_id":"P_1945","road_name":"Unnamed Street","diameter_mm":300,"depth_m":-2.2},"geometry":{"type":"LineString","coordinates":[[88.3230407,22.5398555],[88.3230507,22.5398498],[88.3231794,22.5397773]]}},
{"type":"Feature","properties":{"pipe_id":"P_1946","road_name":"Unnamed Street","diameter_mm":300,"depth_m":-2.2},"geometry":{"type":"LineString","coordinates":[[88.3212348,22.5184233],[88.3212483,22.5184812],[88.3212618,22.5185392],[88.3212978,22.5187393],[88.3213896,22.5187928],[88.3222767,22.518533],[88.3223286,22.518446]]}},
{"type":"Feature","properties":{"pipe_id":"P_1947","road_name":"Unnamed Street","diameter_mm":300,"depth_m":-2.2},"geometry":{"type":"LineString","coordinates":[[88.3242306,22.5149397],[88.3244863,22.5152409]]}},
{"type":"Feature","properties":{"pipe_id":"P_1948","road_name":"Unnamed Street","diameter_mm":300,"depth_m":-2.2},"geometry":{"type":"LineString","coordinates":[[88.340219,22.538944],[88.3403427,22.5389475],[88.3406259,22.5389555]]}},
{"type":"Feature","properties":{"pipe_id":"P_1949","road_name":"Belvedere Road","diameter_mm":900,"depth_m":-3.5},"geometry":{"type":"LineString","coordinates":[[88.3313643,22.5275415],[88.3313494,22.5277262],[88.331377,22.528003],[88.3314844,22.5288118],[88.3316101,22.5299169],[88.3316716,22.5305113]]}},
{"type":"Feature","properties":{"pipe_id":"P_1950","road_name":"Unnamed Street","diameter_mm":300,"depth_m":-2.2},"geometry":{"type":"LineString","coordinates":[[88.3316716,22.5305113],[88.3318189,22.5305232]]}},
{"type":"Feature","properties":{"pipe_id":"P_1951","road_name":"Unnamed Street","diameter_mm":300,"depth_m":-2.2},"geometry":{"type":"LineString","coordinates":[[88.3313021,22.5220682],[88.3313181,22.5221718],[88.3313415,22.5223233],[88.331352,22.522349],[88.3314497,22.5224609],[88.3315202,22.5226341],[88.3315291,22.5226439],[88.3317667,22.5226313]]}},
{"type":"Feature","properties":{"pipe_id":"P_1952","road_name":"Unnamed Street","diameter_mm":300,"depth_m":-2.2},"geometry":{"type":"LineString","coordinates":[[88.3398838,22.5169843],[88.3395468,22.5170348],[88.3391287,22.5171089],[88.3388436,22.5171694],[88.338734,22.5171208]]}},
{"type":"Feature","properties":{"pipe_id":"P_1953","road_name":"Unnamed Street","diameter_mm":900,"depth_m":-3.5},"geometry":{"type":"LineString","coordinates":[[88.3231792,22.5161355],[88.3231262,22.5158972],[88.3231129,22.5158465],[88.3229374,22.5151781]]}},
{"type":"Feature","properties":{"pipe_id":"P_1954","road_name":"Unnamed Street","diameter_mm":900,"depth_m":-3.5},"geometry":{"type":"LineString","coordinates":[[88.3231136,22.5161439],[88.3231468,22.5163319]]}},
{"type":"Feature","properties":{"pipe_id":"P_1955","road_name":"Unnamed Street","diameter_mm":900,"depth_m":-3.5},"geometry":{"type":"LineString","coordinates":[[88.3230804,22.5159559],[88.3231136,22.5161439]]}},
{"type":"Feature","properties":{"pipe_id":"P_1956","road_name":"Unnamed Street","diameter_mm":600,"depth_m":-2.2},"geometry":{"type":"LineString","coordinates":[[88.3231468,22.5163319],[88.3232199,22.5163186]]}},
{"type":"Feature","properties":{"pipe_id":"P_1957","road_name":"Unnamed Street","diameter_mm":900,"depth_m":-3.5},"geometry":{"type":"LineString","coordinates":[[88.3232199,22.5163186],[88.3231792,22.5161355]]}},
{"type":"Feature","properties":{"pipe_id":"P_1958","road_name":"Majherhat Flyover","diameter_mm":900,"depth_m":-3.5},"geometry":{"type":"LineString","coordinates":[[88.3231783,22.516503],[88.3232662,22.5169807]]}},
{"type":"Feature","properties":{"pipe_id":"P_1959","road_name":"Unnamed Street","diameter_mm":600,"depth_m":-2.2},"geometry":{"type":"LineString","coordinates":[[88.323304,22.5162938],[88.3242291,22.5156882],[88.3248293,22.5153162]]}},
{"type":"Feature","properties":{"pipe_id":"P_1960","road_name":"Majherhat Flyover","diameter_mm":900,"depth_m":-3.5},"geometry":{"type":"LineString","coordinates":[[88.3232552,22.5164776],[88.3232199,22.5163186]]}},
{"type":"Feature","properties":{"pipe_id":"P_1961","road_name":"Unnamed Street","diameter_mm":300,"depth_m":-2.2},"geometry":{"type":"LineString","coordinates":[[88.3292843,22.5180628],[88.3292799,22.5181306],[88.3292765,22.5183484]]}},
{"type":"Feature","properties":{"pipe_id":"P_1962","road_name":"Unnamed Street","diameter_mm":300,"depth_m":-2.2},"geometry":{"type":"LineString","coordinates":[[88.319019,22.5183407],[88.3189405,22.5186847],[88.3188346,22.5191876]]}},
{"type":"Feature","properties":{"pipe_id":"P_1963","road_name":"Unnamed Street","diameter_mm":300,"depth_m":-2.2},"geometry":{"type":"LineString","coordinates":[[88.3119928,22.514351],[88.3120238,22.5143708],[88.3120554,22.5144058],[88.3120832,22.5144552],[88.3121784,22.5145702]]}},
{"type":"Feature","properties":{"pipe_id":"P_1964","road_name":"Unnamed Street","diameter_mm":300,"depth_m":-2.2},"geometry":{"type":"LineString","coordinates":[[88.3121988,22.5380789],[88.312214,22.5381427]]}},
{"type":"Feature","properties":{"pipe_id":"P_1965","road_name":"Hospital Lane","diameter_mm":300,"depth_m":-2.2},"geometry":{"type":"LineString","coordinates":[[88.3286071,22.5435093],[88.3290106,22.54365]]}},
{"type":"Feature","properties":{"pipe_id":"P_1966","road_name":"Unnamed Street","diameter_mm":300,"depth_m":-2.2},"geometry":{"type":"LineString","coordinates":[[88.32198,22.5398695],[88.3218892,22.5399044],[88.3215845,22.5399857]]}},
{"type":"Feature","properties":{"pipe_id":"P_1967","road_name":"Unnamed Street","diameter_mm":300,"depth_m":-2.2},"geometry":{"type":"LineString","coordinates":[[88.32198,22.5398695],[88.3220493,22.5402151],[88.3221253,22.5405039],[88.3222016,22.5406516]]}},
{"type":"Feature","properties":{"pipe_id":"P_1968","road_name":"Unnamed Street","diameter_mm":300,"depth_m":-2.2},"geometry":{"type":"LineString","coordinates":[[88.3221011,22.5394163],[88.3223292,22.5392901]]}},
{"type":"Feature","properties":{"pipe_id":"P_1969","road_name":"Majherhat Flyover","diameter_mm":900,"depth_m":-3.5},"geometry":{"type":"LineString","coordinates":[[88.3231468,22.5163319],[88.3231783,22.516503]]}},
{"type":"Feature","properties":{"pipe_id":"P_1970","road_name":"Unnamed Street","diameter_mm":900,"depth_m":-3.5},"geometry":{"type":"LineString","coordinates":[[88.312214,22.5381427],[88.313361,22.5382386]]}},
{"type":"Feature","properties":{"pipe_id":"P_1971","road_name":"Unnamed Street","diameter_mm":900,"depth_m":-3.5},"geometry":{"type":"LineString","coordinates":[[88.313361,22.5382386],[88.3139964,22.5382917]]}},
{"type":"Feature","properties":{"pipe_id":"P_1972","road_name":"Unnamed Street","diameter_mm":300,"depth_m":-2.2},"geometry":{"type":"LineString","coordinates":[[88.3198654,22.5139766],[88.3199705,22.5144644],[88.3199774,22.5145086],[88.3199503,22.5145334],[88.3199081,22.5145488],[88.319775,22.5145999],[88.3197599,22.5146291],[88.3197555,22.5146591],[88.3198096,22.5147993]]}},
{"type":"Feature","properties":{"pipe_id":"P_1973","road_name":"Unnamed Street","diameter_mm":300,"depth_m":-2.2},"geometry":{"type":"LineString","coordinates":[[88.318269,22.5144024],[88.3181338,22.5138572],[88.3181236,22.5138129],[88.3180915,22.5137977],[88.3180286,22.5138107],[88.3167948,22.5140824],[88.3167475,22.514088],[88.3166967,22.5140788],[88.3166675,22.5140452],[88.3166334,22.5137962]]}},
{"type":"Feature","properties":{"pipe_id":"P_1974","road_name":"Unnamed Street","diameter_mm":300,"depth_m":-2.2},"geometry":{"type":"LineString","coordinates":[[88.3212358,22.5139424],[88.3211899,22.5139189],[88.3211146,22.5138803],[88.3210806,22.5138553],[88.321053,22.5138203],[88.3209053,22.5133815]]}},
{"type":"Feature","properties":{"pipe_id":"P_1975","road_name":"Unnamed Street","diameter_mm":300,"depth_m":-2.2},"geometry":{"type":"LineString","coordinates":[[88.3137993,22.5144973],[88.3137688,22.5143935],[88.3137418,22.5143016]]}},
{"type":"Feature","properties":{"pipe_id":"P_1976","road_name":"Unnamed Street","diameter_mm":300,"depth_m":-2.2},"geometry":{"type":"LineString","coordinates":[[88.3230427,22.5279012],[88.3230936,22.5279111],[88.3232529,22.5278992],[88.3232733,22.5279557],[88.3233441,22.5281937]]}},
{"type":"Feature","properties":{"pipe_id":"P_1977","road_name":"Unnamed Street","diameter_mm":300,"depth_m":-2.2},"geometry":{"type":"LineString","coordinates":[[88.3211842,22.5251244],[88.3211894,22.52517],[88.3212311,22.5255308]]}},
{"type":"Feature","properties":{"pipe_id":"P_1978","road_name":"Unnamed Street","diameter_mm":300,"depth_m":-2.2},"geometry":{"type":"LineString","coordinates":[[88.330179,22.542736],[88.3302068,22.5428696],[88.3302313,22.5429878]]}},
{"type":"Feature","properties":{"pipe_id":"P_1979","road_name":"Unnamed Street","diameter_mm":300,"depth_m":-2.2},"geometry":{"type":"LineString","coordinates":[[88.3396806,22.5380666],[88.3396375,22.5380644]]}},
{"type":"Feature","properties":{"pipe_id":"P_1980","road_name":"Hospital Road","diameter_mm":900,"depth_m":-3.5},"geometry":{"type":"LineString","coordinates":[[88.339375,22.5404412],[88.3393701,22.5399107],[88.3394242,22.5395558],[88.3395082,22.5391362],[88.339559,22.5388936],[88.3396203,22.5383839],[88.3396806,22.5380666],[88.3396765,22.5377039],[88.3396063,22.5374182],[88.3392962,22.536491],[88.3390878,22.5358331],[88.3389717,22.5354996],[88.3387165,22.5348534],[88.338575,22.5344951],[88.3383474,22.5339752],[88.3381933,22.533807],[88.3379372,22.5336351],[88.3375956,22.5334382]]}},
{"type":"Feature","properties":{"pipe_id":"P_1981","road_name":"Unnamed Street","diameter_mm":300,"depth_m":-2.2},"geometry":{"type":"LineString","coordinates":[[88.3263736,22.5184176],[88.3263518,22.518352],[88.3263415,22.5183181],[88.3262235,22.5179288],[88.3262074,22.5178954],[88.3261675,22.517883],[88.3258375,22.5179425],[88.3258333,22.5179774],[88.3258504,22.5180127],[88.3259474,22.5182354],[88.3260326,22.5183839],[88.3260601,22.5184319],[88.3260878,22.5184829]]}},
{"type":"Feature","properties":{"pipe_id":"P_1982","road_name":"Unnamed Street","diameter_mm":300,"depth_m":-2.2},"geometry":{"type":"LineString","coordinates":[[88.3282152,22.5180342],[88.3282219,22.5179511],[88.3282288,22.5178649],[88.3282468,22.5176419],[88.3282535,22.5176157],[88.3282715,22.5175979],[88.3282964,22.5175813],[88.3285734,22.5175811],[88.3286013,22.5175852],[88.3286222,22.517595],[88.3286325,22.5176155],[88.3286301,22.5176519],[88.3286232,22.5178654],[88.3286203,22.517955],[88.3286173,22.5180468]]}},
{"type":"Feature","properties":{"pipe_id":"P_1983","road_name":"Unnamed Street","diameter_mm":300,"depth_m":-2.2},"geometry":{"type":"LineString","coordinates":[[88.3282288,22.5178649],[88.3286232,22.5178654]]}},
{"type":"Feature","properties":{"pipe_id":"P_1984","road_name":"Unnamed Street","diameter_mm":300,"depth_m":-2.2},"geometry":{"type":"LineString","coordinates":[[88.3306146,22.5240349],[88.3305738,22.5240418],[88.3304485,22.5240777],[88.330401,22.5241429],[88.3304454,22.5243603],[88.330493,22.5243879],[88.3305503,22.5243938],[88.3306419,22.5243757],[88.3306827,22.5243675]]}},
{"type":"Feature","properties":{"pipe_id":"P_1985","road_name":"Unnamed Street","diameter_mm":300,"depth_m":-2.2},"geometry":{"type":"LineString","coordinates":[[88.3312824,22.522073],[88.3313021,22.5221708],[88.3313485,22.522434]]}},
{"type":"Feature","properties":{"pipe_id":"P_1986","road_name":"Unnamed Street","diameter_mm":300,"depth_m":-2.2},"geometry":{"type":"LineString","coordinates":[[88.3211975,22.5329357],[88.321164,22.53283],[88.3211127,22.5325483]]}},
{"type":"Feature","properties":{"pipe_id":"P_1987","road_name":"Unnamed Street","diameter_mm":300,"depth_m":-2.2},"geometry":{"type":"LineString","coordinates":[[88.3230972,22.5318443],[88.3226598,22.5319182]]}},
{"type":"Feature","properties":{"pipe_id":"P_1988","road_name":"Unnamed Street","diameter_mm":300,"depth_m":-2.2},"geometry":{"type":"LineString","coordinates":[[88.3215026,22.5285547],[88.3215725,22.5284864],[88.3216947,22.5284678],[88.3220021,22.5284408],[88.3219472,22.5276624]]}},
{"type":"Feature","properties":{"pipe_id":"P_1989","road_name":"Unnamed Street","diameter_mm":300,"depth_m":-2.2},"geometry":{"type":"LineString","coordinates":[[88.3264638,22.5312533],[88.3266948,22.531216],[88.3267437,22.5312081]]}},
{"type":"Feature","properties":{"pipe_id":"P_1990","road_name":"Unnamed Street","diameter_mm":300,"depth_m":-2.2},"geometry":{"type":"LineString","coordinates":[[88.3250784,22.5304779],[88.3251053,22.5303522]]}},
{"type":"Feature","properties":{"pipe_id":"P_1991","road_name":"Unnamed Street","diameter_mm":300,"depth_m":-2.2},"geometry":{"type":"LineString","coordinates":[[88.3273138,22.5319081],[88.3273006,22.5317569],[88.3273128,22.5317436],[88.3276201,22.5317219],[88.3276368,22.5317207],[88.32776,22.5317125],[88.3277719,22.5317197]]}},
{"type":"Feature","properties":{"pipe_id":"P_1992","road_name":"Unnamed Street","diameter_mm":300,"depth_m":-2.2},"geometry":{"type":"LineString","coordinates":[[88.3312797,22.5320795],[88.3312713,22.53186],[88.3312684,22.5317843]]}},
{"type":"Feature","properties":{"pipe_id":"P_1993","road_name":"Unnamed Street","diameter_mm":300,"depth_m":-2.2},"geometry":{"type":"LineString","coordinates":[[88.3310875,22.5317977],[88.3310857,22.5317674],[88.3310772,22.5316214]]}},
{"type":"Feature","properties":{"pipe_id":"P_1994","road_name":"Unnamed Street","diameter_mm":300,"depth_m":-2.2},"geometry":{"type":"LineString","coordinates":[[88.3304511,22.5318535],[88.3304497,22.5318255],[88.3304416,22.5316644]]}},
{"type":"Feature","properties":{"pipe_id":"P_1995","road_name":"Unnamed Street","diameter_mm":300,"depth_m":-2.2},"geometry":{"type":"LineString","coordinates":[[88.32348,22.5269419],[88.3236193,22.5276104]]}},
{"type":"Feature","properties":{"pipe_id":"P_1996","road_name":"Unnamed Street","diameter_mm":300,"depth_m":-2.2},"geometry":{"type":"LineString","coordinates":[[88.325454,22.5320288],[88.3254281,22.5319598],[88.3253817,22.5318362]]}},
{"type":"Feature","properties":{"pipe_id":"P_1997","road_name":"Unnamed Street","diameter_mm":300,"depth_m":-2.2},"geometry":{"type":"LineString","coordinates":[[88.32617,22.5316556],[88.3267523,22.5315561],[88.326811,22.5315454]]}},
{"type":"Feature","properties":{"pipe_id":"P_1998","road_name":"Unnamed Street","diameter_mm":300,"depth_m":-2.2},"geometry":{"type":"LineString","coordinates":[[88.317842,22.5385668],[88.3178498,22.5386554]]}},
{"type":"Feature","properties":{"pipe_id":"P_1999","road_name":"Unnamed Street","diameter_mm":300,"depth_m":-2.2},"geometry":{"type":"LineString","coordinates":[[88.317861,22.5386868],[88.3178898,22.5387675]]}},
{"type":"Feature","properties":{"pipe_id":"P_2000","road_name":"Pitambar Sarkar Lane","diameter_mm":300,"depth_m":-2.2},"geometry":{"type":"LineString","coordinates":[[88.321149,22.5389176],[88.321149,22.5389126]]}},
{"type":"Feature","properties":{"pipe_id":"P_2001","road_name":"Pitambar Sarkar Lane","diameter_mm":300,"depth_m":-2.2},"geometry":{"type":"LineString","coordinates":[[88.321149,22.5389843],[88.321149,22.5389176]]}},
{"type":"Feature","properties":{"pipe_id":"P_2002","road_name":"Unnamed Street","diameter_mm":300,"depth_m":-2.2},"geometry":{"type":"LineString","coordinates":[[88.3268979,22.5389859],[88.3273481,22.5389533]]}},
{"type":"Feature","properties":{"pipe_id":"P_2003","road_name":"Unnamed Street","diameter_mm":300,"depth_m":-2.2},"geometry":{"type":"LineString","coordinates":[[88.3246389,22.535518],[88.3249875,22.5354669]]}},
{"type":"Feature","properties":{"pipe_id":"P_2004","road_name":"Unnamed Street","diameter_mm":300,"depth_m":-2.2},"geometry":{"type":"LineString","coordinates":[[88.3245725,22.533943],[88.3245821,22.533925],[88.3246225,22.5338498]]}},
{"type":"Feature","properties":{"pipe_id":"P_2005","road_name":"Unnamed Street","diameter_mm":300,"depth_m":-2.2},"geometry":{"type":"LineString","coordinates":[[88.3240078,22.5340439],[88.3239218,22.533667],[88.3238817,22.5336037],[88.3238746,22.5335358]]}},
{"type":"Feature","properties":{"pipe_id":"P_2006","road_name":"Unnamed Street","diameter_mm":300,"depth_m":-2.2},"geometry":{"type":"LineString","coordinates":[[88.3232867,22.528751],[88.3234504,22.528704],[88.3236101,22.5286755],[88.3238117,22.5286705]]}},
{"type":"Feature","properties":{"pipe_id":"P_2007","road_name":"Woodland Road (Bhanu Bhakta Sarani)","diameter_mm":300,"depth_m":-2.2},"geometry":{"type":"LineString","coordinates":[[88.3285291,22.5314821],[88.3285311,22.5315216],[88.3285479,22.5318587],[88.3285572,22.5319196],[88.3285921,22.5319692]]}},
{"type":"Feature","properties":{"pipe_id":"P_2008","road_name":"Unnamed Street","diameter_mm":300,"depth_m":-2.2},"geometry":{"type":"LineString","coordinates":[[88.3253817,22.5318362],[88.3253555,22.531701],[88.3253279,22.5315646],[88.3253125,22.5314778]]}},
{"type":"Feature","properties":{"pipe_id":"P_2009","road_name":"Unnamed Street","diameter_mm":300,"depth_m":-2.2},"geometry":{"type":"LineString","coordinates":[[88.326125,22.5313251],[88.32617,22.5316556]]}},
{"type":"Feature","properties":{"pipe_id":"P_2010","road_name":"Unnamed Street","diameter_mm":300,"depth_m":-2.2},"geometry":{"type":"LineString","coordinates":[[88.3191611,22.5256628],[88.3191364,22.5254385],[88.3191292,22.5253692]]}},
{"type":"Feature","properties":{"pipe_id":"P_2011","road_name":"Remount Road","diameter_mm":600,"depth_m":-2.2},"geometry":{"type":"LineString","coordinates":[[88.3146258,22.5253299],[88.3148601,22.5253769],[88.3149032,22.5253856],[88.3151543,22.525436],[88.3155036,22.5255014],[88.3155522,22.5255105],[88.3159301,22.5255813],[88.3163452,22.525659],[88.3165759,22.5256788],[88.3169693,22.5256265]]}},
{"type":"Feature","properties":{"pipe_id":"P_2012","road_name":"Unnamed Street","diameter_mm":300,"depth_m":-2.2},"geometry":{"type":"LineString","coordinates":[[88.3257626,22.5243855],[88.3257294,22.5243711],[88.3252564,22.5244576],[88.325174,22.5244727]]}},
{"type":"Feature","properties":{"pipe_id":"P_2013","road_name":"Unnamed Street","diameter_mm":300,"depth_m":-2.2},"geometry":{"type":"LineString","coordinates":[[88.3220582,22.5429888],[88.3221206,22.5432653],[88.322142,22.5433668],[88.3221098,22.5434114]]}},
{"type":"Feature","properties":{"pipe_id":"P_2014","road_name":"Unnamed Street","diameter_mm":300,"depth_m":-2.2},"geometry":{"type":"LineString","coordinates":[[88.3271876,22.5374983],[88.3273533,22.5375038],[88.3274125,22.5375058]]}},
{"type":"Feature","properties":{"pipe_id":"P_2015","road_name":"Unnamed Street","diameter_mm":900,"depth_m":-3.5},"geometry":{"type":"LineString","coordinates":[[88.3258326,22.541274],[88.3258274,22.5412751]]}},
{"type":"Feature","properties":{"pipe_id":"P_2016","road_name":"Diamond Harbour Road","diameter_mm":900,"depth_m":-3.5},"geometry":{"type":"LineString","coordinates":[[88.3259214,22.5412545],[88.3258728,22.5412634],[88.3258409,22.5412724],[88.3258326,22.541274]]}},
{"type":"Feature","properties":{"pipe_id":"P_2017","road_name":"Unnamed Street","diameter_mm":300,"depth_m":-2.2},"geometry":{"type":"LineString","coordinates":[[88.3260655,22.5349791],[88.3267768,22.5348572]]}},
{"type":"Feature","properties":{"pipe_id":"P_2018","road_name":"Unnamed Street","diameter_mm":300,"depth_m":-2.2},"geometry":{"type":"LineString","coordinates":[[88.3228154,22.5155154],[88.3227296,22.5155317]]}},
{"type":"Feature","properties":{"pipe_id":"P_2019","road_name":"Unnamed Street","diameter_mm":300,"depth_m":-2.2},"geometry":{"type":"LineString","coordinates":[[88.3342443,22.5223733],[88.3343175,22.5223718],[88.3349058,22.5223414],[88.3350284,22.5223302],[88.3350658,22.5219913],[88.335067,22.5219261]]}},
{"type":"Feature","properties":{"pipe_id":"P_2020","road_name":"Unnamed Street","diameter_mm":300,"depth_m":-2.2},"geometry":{"type":"LineString","coordinates":[[88.3350284,22.5223302],[88.3350275,22.522568]]}},
{"type":"Feature","properties":{"pipe_id":"P_2021","road_name":"Unnamed Street","diameter_mm":300,"depth_m":-2.2},"geometry":{"type":"LineString","coordinates":[[88.3342324,22.5224292],[88.3341798,22.5224356],[88.3341271,22.522442],[88.3340076,22.5224554],[88.3339472,22.5224509],[88.3338903,22.5224237],[88.3338493,22.522275],[88.3338147,22.5221633],[88.3337725,22.5221606],[88.3336906,22.5221875],[88.3335515,22.5222235],[88.333489,22.5222304],[88.3334462,22.522202],[88.3334006,22.5221436],[88.3333839,22.522032],[88.3334005,22.5219683],[88.3336794,22.5218769],[88.3339528,22.5218072],[88.3341662,22.5217645],[88.3342571,22.521751],[88.3343134,22.52176],[88.3343403,22.521781],[88.3343549,22.5218044],[88.3343599,22.5218398],[88.3343013,22.5220055],[88.3342356,22.5221852],[88.3341528,22.5223848],[88.3341271,22.522442]]}},
{"type":"Feature","properties":{"pipe_id":"P_2022","road_name":"Unnamed Street","diameter_mm":300,"depth_m":-2.2},"geometry":{"type":"LineString","coordinates":[[88.3157579,22.5132769],[88.3157123,22.5132854],[88.3153411,22.5133548],[88.315278,22.5133399],[88.3152328,22.513289],[88.3150972,22.5126896]]}},
{"type":"Feature","properties":{"pipe_id":"P_2023","road_name":"Unnamed Street","diameter_mm":300,"depth_m":-2.2},"geometry":{"type":"LineString","coordinates":[[88.3121518,22.5185346],[88.3126373,22.518424],[88.3130452,22.5183401]]}},
{"type":"Feature","properties":{"pipe_id":"P_2024","road_name":"Unnamed Street","diameter_mm":300,"depth_m":-2.2},"geometry":{"type":"LineString","coordinates":[[88.3146172,22.5199941],[88.3146376,22.5200971],[88.3146693,22.520258],[88.3146884,22.5203545],[88.3146881,22.5203651],[88.3146849,22.5203737],[88.3146781,22.5203798],[88.314522,22.5204173]]}},
{"type":"Feature","properties":{"pipe_id":"P_2025","road_name":"Unnamed Street","diameter_mm":300,"depth_m":-2.2},"geometry":{"type":"LineString","coordinates":[[88.335855,22.5330878],[88.3359076,22.5331488],[88.3365314,22.5338719]]}},
{"type":"Feature","properties":{"pipe_id":"P_2026","road_name":"Unnamed Street","diameter_mm":300,"depth_m":-2.2},"geometry":{"type":"LineString","coordinates":[[88.3383099,22.5335153],[88.3383283,22.5335092],[88.3386867,22.5333895],[88.3387075,22.5333677],[88.3387053,22.5333387],[88.3385967,22.5331661],[88.338572,22.5331607],[88.3385448,22.5331631],[88.3385122,22.5331698],[88.3382211,22.533254],[88.338204,22.5332589]]}},
{"type":"Feature","properties":{"pipe_id":"P_2027","road_name":"Unnamed Street","diameter_mm":300,"depth_m":-2.2},"geometry":{"type":"LineString","coordinates":[[88.3171676,22.5175259],[88.3171285,22.5174833],[88.3170712,22.5174211],[88.3170061,22.5173933],[88.317038,22.5172022],[88.3170333,22.5171849],[88.3170189,22.5171734],[88.315989,22.5170531],[88.3159556,22.5170511],[88.3159216,22.5170628],[88.3159004,22.5170891],[88.3158579,22.5172866],[88.3158102,22.5175082],[88.3158132,22.5175311],[88.3158326,22.5175498],[88.3166851,22.5176744],[88.3167635,22.5176853],[88.3168008,22.5176904],[88.3169222,22.5177449]]}},
{"type":"Feature","properties":{"pipe_id":"P_2028","road_name":"Unnamed Street","diameter_mm":300,"depth_m":-2.2},"geometry":{"type":"LineString","coordinates":[[88.3158579,22.5172866],[88.3168323,22.5174068]]}},
{"type":"Feature","properties":{"pipe_id":"P_2029","road_name":"Unnamed Street","diameter_mm":300,"depth_m":-2.2},"geometry":{"type":"LineString","coordinates":[[88.3167635,22.5176853],[88.3167841,22.5176019],[88.3168323,22.5174068],[88.3170061,22.5173933]]}},
{"type":"Feature","properties":{"pipe_id":"P_2030","road_name":"Unnamed Street","diameter_mm":300,"depth_m":-2.2},"geometry":{"type":"LineString","coordinates":[[88.3311831,22.5330363],[88.3311889,22.5329525],[88.3311922,22.5329034],[88.3311992,22.5328733],[88.331215,22.5328504],[88.3312414,22.5328338],[88.331278,22.5328231],[88.3313896,22.532816]]}},
{"type":"Feature","properties":{"pipe_id":"P_2031","road_name":"Unnamed Street","diameter_mm":300,"depth_m":-2.2},"geometry":{"type":"LineString","coordinates":[[88.3364516,22.5283786],[88.336346,22.5283617]]}},
{"type":"Feature","properties":{"pipe_id":"P_2032","road_name":"Unnamed Street","diameter_mm":300,"depth_m":-2.2},"geometry":{"type":"LineString","coordinates":[[88.336346,22.5283617],[88.3363339,22.5283622],[88.3363229,22.5283666],[88.3363106,22.5283815],[88.3363043,22.5284074],[88.3362962,22.5284529],[88.3362917,22.5284936],[88.3362957,22.5284985],[88.3363034,22.5285035],[88.3364043,22.5285314]]}},
{"type":"Feature","properties":{"pipe_id":"P_2033","road_name":"Unnamed Street","diameter_mm":300,"depth_m":-2.2},"geometry":{"type":"LineString","coordinates":[[88.3388825,22.5115051],[88.3388853,22.5115613],[88.3388847,22.5117165],[88.3388897,22.512128]]}},
{"type":"Feature","properties":{"pipe_id":"P_2034","road_name":"Unnamed Street","diameter_mm":300,"depth_m":-2.2},"geometry":{"type":"LineString","coordinates":[[88.3236413,22.5130743],[88.3235575,22.5125494]]}},
{"type":"Feature","properties":{"pipe_id":"P_2035","road_name":"Unnamed Street","diameter_mm":300,"depth_m":-2.2},"geometry":{"type":"LineString","coordinates":[[88.3242604,22.5135225],[88.3248528,22.5133093],[88.3250219,22.5136886]]}},
{"type":"Feature","properties":{"pipe_id":"P_2036","road_name":"Unnamed Street","diameter_mm":300,"depth_m":-2.2},"geometry":{"type":"LineString","coordinates":[[88.3225006,22.5301706],[88.322492,22.5296954],[88.3225283,22.5295828],[88.3225572,22.5295136],[88.322586,22.5294444]]}},
{"type":"Feature","properties":{"pipe_id":"P_2037","road_name":"Unnamed Street","diameter_mm":300,"depth_m":-2.2},"geometry":{"type":"LineString","coordinates":[[88.3382945,22.534061],[88.3380566,22.5341833],[88.3379196,22.5342552]]}},
{"type":"Feature","properties":{"pipe_id":"P_2038","road_name":"Unnamed Street","diameter_mm":900,"depth_m":-3.5},"geometry":{"type":"LineString","coordinates":[[88.3349963,22.5333846],[88.33502,22.5334408],[88.335039,22.5334725],[88.3350661,22.5334845],[88.3350942,22.5334965],[88.335154,22.5335004]]}},
{"type":"Feature","properties":{"pipe_id":"P_2039","road_name":"Strand Road","diameter_mm":900,"depth_m":-3.5},"geometry":{"type":"LineString","coordinates":[[88.3294241,22.5451318],[88.3294611,22.544547],[88.329527,22.5442455],[88.3295662,22.5441696],[88.3296398,22.5440267],[88.329711,22.543971],[88.3298376,22.5439413],[88.3299199,22.5439375]]}},
{"type":"Feature","properties":{"pipe_id":"P_2040","road_name":"Unnamed Street","diameter_mm":300,"depth_m":-2.2},"geometry":{"type":"LineString","coordinates":[[88.3295662,22.5441696],[88.3293739,22.5440612]]}},
{"type":"Feature","properties":{"pipe_id":"P_2041","road_name":"Unnamed Street","diameter_mm":900,"depth_m":-3.5},"geometry":{"type":"LineString","coordinates":[[88.3404544,22.5169342],[88.3407824,22.5169134],[88.3412445,22.5168756]]}},
{"type":"Feature","properties":{"pipe_id":"P_2042","road_name":"Unnamed Street","diameter_mm":900,"depth_m":-3.5},"geometry":{"type":"LineString","coordinates":[[88.3412448,22.5168],[88.3406847,22.5168458],[88.3404235,22.5168551]]}},
{"type":"Feature","properties":{"pipe_id":"P_2043","road_name":"Unnamed Street","diameter_mm":900,"depth_m":-3.5},"geometry":{"type":"LineString","coordinates":[[88.3398259,22.516952],[88.3398591,22.5169477],[88.3404544,22.5169342]]}},
{"type":"Feature","properties":{"pipe_id":"P_2044","road_name":"Unnamed Street","diameter_mm":900,"depth_m":-3.5},"geometry":{"type":"LineString","coordinates":[[88.3388362,22.5171277],[88.3390638,22.5170829]]}},
{"type":"Feature","properties":{"pipe_id":"P_2045","road_name":"Unnamed Street","diameter_mm":900,"depth_m":-3.5},"geometry":{"type":"LineString","coordinates":[[88.3390641,22.5169906],[88.3390186,22.5169984],[88.3388408,22.5170289],[88.338734,22.5171208]]}},
{"type":"Feature","properties":{"pipe_id":"P_2046","road_name":"Unnamed Street","diameter_mm":300,"depth_m":-2.2},"geometry":{"type":"LineString","coordinates":[[88.3373415,22.5298349],[88.336545,22.529719]]}},
{"type":"Feature","properties":{"pipe_id":"P_2047","road_name":"Unnamed Street","diameter_mm":600,"depth_m":-2.2},"geometry":{"type":"LineString","coordinates":[[88.3396063,22.5374182],[88.3395277,22.5374373]]}},
{"type":"Feature","properties":{"pipe_id":"P_2048","road_name":"Unnamed Street","diameter_mm":300,"depth_m":-2.2},"geometry":{"type":"LineString","coordinates":[[88.3387092,22.5404045],[88.3388398,22.5405021],[88.3389112,22.5405541],[88.3390563,22.5406507],[88.339181,22.5407212],[88.3392982,22.5407857],[88.3394437,22.5408393]]}},
{"type":"Feature","properties":{"pipe_id":"P_2049","road_name":"Unnamed Street","diameter_mm":300,"depth_m":-2.2},"geometry":{"type":"LineString","coordinates":[[88.3273869,22.5381127],[88.3274619,22.5381159]]}},
{"type":"Feature","properties":{"pipe_id":"P_2050","road_name":"Unnamed Street","diameter_mm":300,"depth_m":-2.2},"geometry":{"type":"LineString","coordinates":[[88.3260326,22.5183839],[88.3263415,22.5183181]]}},
{"type":"Feature","properties":{"pipe_id":"P_2051","road_name":"Unnamed Street","diameter_mm":300,"depth_m":-2.2},"geometry":{"type":"LineString","coordinates":[[88.3324244,22.5209068],[88.3324163,22.5205482]]}},
{"type":"Feature","properties":{"pipe_id":"P_2052","road_name":"Unnamed Street","diameter_mm":300,"depth_m":-2.2},"geometry":{"type":"LineString","coordinates":[[88.3267543,22.5312614],[88.3265745,22.5313033],[88.326512,22.5313392],[88.3265058,22.5313734],[88.326526,22.531461],[88.3265626,22.5314906],[88.3266417,22.5314935],[88.3267979,22.5314798]]}},
{"type":"Feature","properties":{"pipe_id":"P_2053","road_name":"Unnamed Street","diameter_mm":300,"depth_m":-2.2},"geometry":{"type":"LineString","coordinates":[[88.318563,22.538719],[88.3185339,22.5389006],[88.318491,22.538965],[88.318432,22.539017],[88.3182978,22.5390443],[88.318145,22.5390542],[88.3179957,22.5390639]]}},
{"type":"Feature","properties":{"pipe_id":"P_2054","road_name":"Unnamed Street","diameter_mm":300,"depth_m":-2.2},"geometry":{"type":"LineString","coordinates":[[88.3170513,22.5382707],[88.317119,22.5382249],[88.3171374,22.538202],[88.3171493,22.5381739],[88.3171072,22.537973],[88.3170783,22.5379446],[88.3170556,22.5379373],[88.3169722,22.5379401]]}},
{"type":"Feature","properties":{"pipe_id":"P_2055","road_name":"Unnamed Street","diameter_mm":300,"depth_m":-2.2},"geometry":{"type":"LineString","coordinates":[[88.3408345,22.5125295],[88.3414017,22.5125729]]}},
{"type":"Feature","properties":{"pipe_id":"P_2056","road_name":"Unnamed Street","diameter_mm":300,"depth_m":-2.2},"geometry":{"type":"LineString","coordinates":[[88.3419961,22.5214616],[88.3419092,22.5209953]]}},
{"type":"Feature","properties":{"pipe_id":"P_2057","road_name":"Unnamed Street","diameter_mm":300,"depth_m":-2.2},"geometry":{"type":"LineString","coordinates":[[88.3316014,22.5171489],[88.3318774,22.5171301]]}},
{"type":"Feature","properties":{"pipe_id":"P_2058","road_name":"Unnamed Street","diameter_mm":300,"depth_m":-2.2},"geometry":{"type":"LineString","coordinates":[[88.3314241,22.516884],[88.3318674,22.5168731]]}},
{"type":"Feature","properties":{"pipe_id":"P_2059","road_name":"Unnamed Street","diameter_mm":300,"depth_m":-2.2},"geometry":{"type":"LineString","coordinates":[[88.3299446,22.5284505],[88.329901,22.5288205],[88.3297079,22.5288403]]}},
{"type":"Feature","properties":{"pipe_id":"P_2060","road_name":"Unnamed Street","diameter_mm":300,"depth_m":-2.2},"geometry":{"type":"LineString","coordinates":[[88.3355645,22.5266072],[88.335567,22.5265701]]}},
{"type":"Feature","properties":{"pipe_id":"P_2061","road_name":"Unnamed Street","diameter_mm":300,"depth_m":-2.2},"geometry":{"type":"LineString","coordinates":[[88.3416743,22.5372405],[88.3419145,22.5372185]]}},
{"type":"Feature","properties":{"pipe_id":"P_2062","road_name":"Unnamed Street","diameter_mm":300,"depth_m":-2.2},"geometry":{"type":"LineString","coordinates":[[88.3301707,22.5238751],[88.3304996,22.5238334],[88.3305716,22.5238243]]}},
{"type":"Feature","properties":{"pipe_id":"P_2063","road_name":"Unnamed Street","diameter_mm":300,"depth_m":-2.2},"geometry":{"type":"LineString","coordinates":[[88.3135229,22.5120369],[88.3147367,22.5119937]]}},
{"type":"Feature","properties":{"pipe_id":"P_2064","road_name":"Unnamed Street","diameter_mm":300,"depth_m":-2.2},"geometry":{"type":"LineString","coordinates":[[88.3336643,22.5355031],[88.3336729,22.5356427]]}},
{"type":"Feature","properties":{"pipe_id":"P_2065","road_name":"Unnamed Street","diameter_mm":300,"depth_m":-2.2},"geometry":{"type":"LineString","coordinates":[[88.3333355,22.5356569],[88.3333271,22.5355209]]}},
{"type":"Feature","properties":{"pipe_id":"P_2066","road_name":"Unnamed Street","diameter_mm":300,"depth_m":-2.2},"geometry":{"type":"LineString","coordinates":[[88.3333271,22.5355209],[88.3336643,22.5355031]]}},
{"type":"Feature","properties":{"pipe_id":"P_2067","road_name":"Unnamed Street","diameter_mm":300,"depth_m":-2.2},"geometry":{"type":"LineString","coordinates":[[88.3398731,22.5295768],[88.3400251,22.5296181],[88.3401431,22.5296033],[88.3402008,22.5295537],[88.3402348,22.5294582]]}},
{"type":"Feature","properties":{"pipe_id":"P_2068","road_name":"Street 9","diameter_mm":300,"depth_m":-2.2},"geometry":{"type":"LineString","coordinates":[[88.339777,22.5264159],[88.3398731,22.5255808]]}},
{"type":"Feature","properties":{"pipe_id":"P_2069","road_name":"Street 7","diameter_mm":300,"depth_m":-2.2},"geometry":{"type":"LineString","coordinates":[[88.3398552,22.5254783],[88.3398731,22.5255808],[88.3400211,22.5264295]]}},
{"type":"Feature","properties":{"pipe_id":"P_2070","road_name":"Unnamed Street","diameter_mm":300,"depth_m":-2.2},"geometry":{"type":"LineString","coordinates":[[88.339816,22.5251577],[88.3397739,22.5251621],[88.3397341,22.5251757],[88.339699,22.5251977],[88.3396706,22.5252268],[88.3396506,22.5252613],[88.3396401,22.5252993],[88.3396398,22.5253385],[88.3396496,22.5253766],[88.339669,22.5254114],[88.3396968,22.5254409],[88.3397315,22.5254634],[88.3397711,22.5254776],[88.3398131,22.5254827],[88.3398552,22.5254783],[88.339895,22.5254647],[88.3399301,22.5254427],[88.3399585,22.5254136]]}},
{"type":"Feature","properties":{"pipe_id":"P_2071","road_name":"Street 1","diameter_mm":300,"depth_m":-2.2},"geometry":{"type":"LineString","coordinates":[[88.3388697,22.5242271],[88.3396706,22.5252268]]}},
{"type":"Feature","properties":{"pipe_id":"P_2072","road_name":"Unnamed Street","diameter_mm":300,"depth_m":-2.2},"geometry":{"type":"LineString","coordinates":[[88.338738,22.5240846],[88.3388697,22.5242271]]}},
{"type":"Feature","properties":{"pipe_id":"P_2073","road_name":"Unnamed Street","diameter_mm":300,"depth_m":-2.2},"geometry":{"type":"LineString","coordinates":[[88.3385887,22.5240833],[88.3387242,22.5240696],[88.338738,22.5240846]]}},
{"type":"Feature","properties":{"pipe_id":"P_2074","road_name":"Unnamed Street","diameter_mm":300,"depth_m":-2.2},"geometry":{"type":"LineString","coordinates":[[88.3272537,22.5396121],[88.3273171,22.5396663]]}},
{"type":"Feature","properties":{"pipe_id":"P_2075","road_name":"Unnamed Street","diameter_mm":300,"depth_m":-2.2},"geometry":{"type":"LineString","coordinates":[[88.3338593,22.5376214],[88.3338592,22.537419],[88.3338119,22.5374453],[88.333736,22.5374865],[88.333657,22.5375294]]}},
{"type":"Feature","properties":{"pipe_id":"P_2076","road_name":"Alipore Road","diameter_mm":900,"depth_m":-3.5},"geometry":{"type":"LineString","coordinates":[[88.3331225,22.5159007],[88.3331318,22.5158548]]}},
{"type":"Feature","properties":{"pipe_id":"P_2077","road_name":"Belvedere Road","diameter_mm":900,"depth_m":-3.5},"geometry":{"type":"LineString","coordinates":[[88.3331056,22.5347928],[88.333336,22.5351881]]}},
{"type":"Feature","properties":{"pipe_id":"P_2078","road_name":"Alipore Road","diameter_mm":900,"depth_m":-3.5},"geometry":{"type":"LineString","coordinates":[[88.3334448,22.5351149],[88.3331684,22.5346917]]}},
{"type":"Feature","properties":{"pipe_id":"P_2079","road_name":"Belvedere Road","diameter_mm":900,"depth_m":-3.5},"geometry":{"type":"LineString","coordinates":[[88.3334829,22.5352306],[88.3334448,22.5351149]]}},
{"type":"Feature","properties":{"pipe_id":"P_2080","road_name":"Belvedere Road","diameter_mm":900,"depth_m":-3.5},"geometry":{"type":"LineString","coordinates":[[88.333336,22.5351881],[88.3333914,22.5353195]]}},
{"type":"Feature","properties":{"pipe_id":"P_2081","road_name":"Unnamed Street","diameter_mm":900,"depth_m":-3.5},"geometry":{"type":"LineString","coordinates":[[88.3334964,22.5414277],[88.3337028,22.5413107]]}},
{"type":"Feature","properties":{"pipe_id":"P_2082","road_name":"Unnamed Street","diameter_mm":900,"depth_m":-3.5},"geometry":{"type":"LineString","coordinates":[[88.3345809,22.5406898],[88.3344596,22.5407494],[88.3342753,22.5408526],[88.333637,22.5411927]]}},
{"type":"Feature","properties":{"pipe_id":"P_2083","road_name":"Unnamed Street","diameter_mm":300,"depth_m":-2.2},"geometry":{"type":"LineString","coordinates":[[88.317356,22.5255804],[88.3173433,22.5254746],[88.3171665,22.524126]]}},
{"type":"Feature","properties":{"pipe_id":"P_2084","road_name":"Unnamed Street","diameter_mm":300,"depth_m":-2.2},"geometry":{"type":"LineString","coordinates":[[88.3176665,22.5255434],[88.3176508,22.5254227],[88.3174982,22.5242471],[88.3175083,22.5242098],[88.3175398,22.5241906],[88.317783,22.5241687],[88.3178373,22.5241728],[88.3178638,22.5242008],[88.318017,22.5254034],[88.3180294,22.5255002]]}},
{"type":"Feature","properties":{"pipe_id":"P_2085","road_name":"Belvedere Road","diameter_mm":900,"depth_m":-3.5},"geometry":{"type":"LineString","coordinates":[[88.3316716,22.5305113],[88.3316965,22.530664],[88.3318075,22.5317444],[88.3318331,22.5320848],[88.331847,22.5322684],[88.3318493,22.5322994],[88.3318673,22.5325387],[88.3318907,22.5330217]]}},
{"type":"Feature","properties":{"pipe_id":"P_2086","road_name":"Sterndale Road","diameter_mm":300,"depth_m":-2.2},"geometry":{"type":"LineString","coordinates":[[88.3318907,22.5330217],[88.3319955,22.5330038]]}},
{"type":"Feature","properties":{"pipe_id":"P_2087","road_name":"Diamond Harbour Road","diameter_mm":900,"depth_m":-3.5},"geometry":{"type":"LineString","coordinates":[[88.3272105,22.5334092],[88.3271109,22.5327933],[88.3269864,22.5320247],[88.3269732,22.5319433],[88.3269593,22.5318706],[88.3267778,22.5309234],[88.3267563,22.5308209],[88.3267101,22.5306001],[88.3263347,22.5289462],[88.3258975,22.5271705],[88.3258837,22.5271246]]}},
{"type":"Feature","properties":{"pipe_id":"P_2088","road_name":"Karl Marx Sarani","diameter_mm":900,"depth_m":-3.5},"geometry":{"type":"LineString","coordinates":[[88.3258274,22.5412751],[88.3259058,22.5413222],[88.3259859,22.5413719]]}},
{"type":"Feature","properties":{"pipe_id":"P_2089","road_name":"Unnamed Street","diameter_mm":900,"depth_m":-3.5},"geometry":{"type":"LineString","coordinates":[[88.3113497,22.5381029],[88.312214,22.5381427]]}},
{"type":"Feature","properties":{"pipe_id":"P_2090","road_name":"Unnamed Street","diameter_mm":900,"depth_m":-3.5},"geometry":{"type":"LineString","coordinates":[[88.3258214,22.5271286],[88.3258837,22.5271246]]}},
{"type":"Feature","properties":{"pipe_id":"P_2091","road_name":"Unnamed Street","diameter_mm":900,"depth_m":-3.5},"geometry":{"type":"LineString","coordinates":[[88.3283477,22.5427656],[88.3281525,22.5427646]]}},
{"type":"Feature","properties":{"pipe_id":"P_2092","road_name":"Alipore Road","diameter_mm":900,"depth_m":-3.5},"geometry":{"type":"LineString","coordinates":[[88.3303906,22.5223364],[88.3304416,22.5223241],[88.3304692,22.522295],[88.3304713,22.5222085]]}},
{"type":"Feature","properties":{"pipe_id":"P_2093","road_name":"Hospital Road","diameter_mm":900,"depth_m":-3.5},"geometry":{"type":"LineString","coordinates":[[88.3406126,22.5424169],[88.3408122,22.5416733],[88.34096,22.5412926],[88.3410592,22.541166],[88.3411811,22.5410636],[88.3412214,22.540999]]}},
{"type":"Feature","properties":{"pipe_id":"P_2094","road_name":"Unnamed Street","diameter_mm":300,"depth_m":-2.2},"geometry":{"type":"LineString","coordinates":[[88.3178498,22.5386554],[88.317861,22.5386868]]}},
{"type":"Feature","properties":{"pipe_id":"P_2095","road_name":"Unnamed Street","diameter_mm":900,"depth_m":-3.5},"geometry":{"type":"LineString","coordinates":[[88.3139964,22.5382917],[88.3152905,22.5383925],[88.3160123,22.5384581],[88.3174251,22.5386045],[88.3178498,22.5386554]]}},
{"type":"Feature","properties":{"pipe_id":"P_2096","road_name":"Unnamed Street","diameter_mm":300,"depth_m":-2.2},"geometry":{"type":"LineString","coordinates":[[88.3381039,22.5195735],[88.3381918,22.5195591],[88.3383527,22.519569],[88.338522,22.5196124]]}},
{"type":"Feature","properties":{"pipe_id":"P_2097","road_name":"nazir lane","diameter_mm":300,"depth_m":-2.2},"geometry":{"type":"LineString","coordinates":[[88.3208194,22.5425602],[88.3209062,22.5425951],[88.3209515,22.5426595],[88.3209618,22.542671],[88.3212651,22.542652],[88.3212805,22.5426517]]}},
{"type":"Feature","properties":{"pipe_id":"P_2098","road_name":"bishu babu lane","diameter_mm":300,"depth_m":-2.2},"geometry":{"type":"LineString","coordinates":[[88.3191269,22.5429179],[88.3192101,22.542907],[88.3194354,22.5428773],[88.3197952,22.5427935],[88.3201419,22.5427127],[88.3202749,22.5426828],[88.3204969,22.5426328],[88.3208194,22.5425602]]}},
{"type":"Feature","properties":{"pipe_id":"P_2099","road_name":"Unnamed Street","diameter_mm":300,"depth_m":-2.2},"geometry":{"type":"LineString","coordinates":[[88.3279936,22.53307],[88.3279187,22.5330751]]}},
{"type":"Feature","properties":{"pipe_id":"P_2100","road_name":"Unnamed Street","diameter_mm":300,"depth_m":-2.2},"geometry":{"type":"LineString","coordinates":[[88.3278602,22.53244],[88.3273158,22.5324694],[88.3272996,22.532462],[88.3272932,22.5324413],[88.3272768,22.5322274],[88.327232,22.5322104],[88.3272157,22.5321774],[88.3271839,22.5319571]]}},
{"type":"Feature","properties":{"pipe_id":"P_2101","road_name":"Unnamed Street","diameter_mm":300,"depth_m":-2.2},"geometry":{"type":"LineString","coordinates":[[88.3271124,22.53196],[88.3270482,22.5319309],[88.3270318,22.5319336],[88.3269732,22.5319433]]}},
{"type":"Feature","properties":{"pipe_id":"P_2102","road_name":"Unnamed Street","diameter_mm":300,"depth_m":-2.2},"geometry":{"type":"LineString","coordinates":[[88.3269864,22.5320247],[88.3270417,22.5320137],[88.3270609,22.5320099],[88.3271124,22.53196]]}},
{"type":"Feature","properties":{"pipe_id":"P_2103","road_name":"Unnamed Street","diameter_mm":300,"depth_m":-2.2},"geometry":{"type":"LineString","coordinates":[[88.3278602,22.53244],[88.3283975,22.532397]]}},
{"type":"Feature","properties":{"pipe_id":"P_2104","road_name":"Unnamed Street","diameter_mm":300,"depth_m":-2.2},"geometry":{"type":"LineString","coordinates":[[88.3269055,22.5320354],[88.3269864,22.5320247]]}},
{"type":"Feature","properties":{"pipe_id":"P_2105","road_name":"Unnamed Street","diameter_mm":300,"depth_m":-2.2},"geometry":{"type":"LineString","coordinates":[[88.3268905,22.5319529],[88.3269732,22.5319433]]}},
{"type":"Feature","properties":{"pipe_id":"P_2106","road_name":"Unnamed Street","diameter_mm":300,"depth_m":-2.2},"geometry":{"type":"LineString","coordinates":[[88.3271124,22.53196],[88.3271839,22.5319571]]}},
{"type":"Feature","properties":{"pipe_id":"P_2107","road_name":"Unnamed Street","diameter_mm":300,"depth_m":-2.2},"geometry":{"type":"LineString","coordinates":[[88.3276309,22.5318859],[88.327625,22.5317953],[88.3276201,22.5317219]]}},
{"type":"Feature","properties":{"pipe_id":"P_2108","road_name":"Unnamed Street","diameter_mm":300,"depth_m":-2.2},"geometry":{"type":"LineString","coordinates":[[88.3318955,22.5294312],[88.3319181,22.5294116],[88.3319331,22.5293738],[88.3319269,22.5293216],[88.3319111,22.529288],[88.3318589,22.5292741],[88.3317929,22.5292728]]}},
{"type":"Feature","properties":{"pipe_id":"P_2109","road_name":"Unnamed Street","diameter_mm":300,"depth_m":-2.2},"geometry":{"type":"LineString","coordinates":[[88.3316848,22.529465],[88.3317864,22.5294549],[88.331864,22.5294405],[88.3318955,22.5294312]]}},
{"type":"Feature","properties":{"pipe_id":"P_2110","road_name":"Unnamed Street","diameter_mm":300,"depth_m":-2.2},"geometry":{"type":"LineString","coordinates":[[88.3317929,22.5292728],[88.331658,22.5292821]]}},
{"type":"Feature","properties":{"pipe_id":"P_2111","road_name":"Unnamed Street","diameter_mm":300,"depth_m":-2.2},"geometry":{"type":"LineString","coordinates":[[88.3379501,22.5241192],[88.3379525,22.5241615],[88.3379575,22.5242521],[88.3379626,22.5243448],[88.3379653,22.5243932],[88.3379814,22.5244194],[88.3380334,22.5244391],[88.3384391,22.5244514],[88.3385614,22.5244552]]}},
{"type":"Feature","properties":{"pipe_id":"P_2112","road_name":"Unnamed Street","diameter_mm":300,"depth_m":-2.2},"geometry":{"type":"LineString","coordinates":[[88.3384391,22.5244514],[88.3384381,22.524325],[88.3384372,22.5242251],[88.3384366,22.5241483],[88.3384292,22.5241329],[88.3384117,22.5241309],[88.3379525,22.5241615]]}},
{"type":"Feature","properties":{"pipe_id":"P_2113","road_name":"Unnamed Street","diameter_mm":300,"depth_m":-2.2},"geometry":{"type":"LineString","coordinates":[[88.3379626,22.5243448],[88.3384381,22.524325]]}},
{"type":"Feature","properties":{"pipe_id":"P_2114","road_name":"Unnamed Street","diameter_mm":300,"depth_m":-2.2},"geometry":{"type":"LineString","coordinates":[[88.3379575,22.5242521],[88.3384372,22.5242251]]}},
{"type":"Feature","properties":{"pipe_id":"P_2115","road_name":"Vidyasagar Flyover Ramp","diameter_mm":300,"depth_m":-2.2},"geometry":{"type":"LineString","coordinates":[[88.3309887,22.5427283],[88.3312659,22.5425814],[88.3317819,22.5423628]]}},
{"type":"Feature","properties":{"pipe_id":"P_2116","road_name":"Unnamed Street","diameter_mm":900,"depth_m":-3.5},"geometry":{"type":"LineString","coordinates":[[88.3333914,22.5353195],[88.3334829,22.5352306]]}},
{"type":"Feature","properties":{"pipe_id":"P_2117","road_name":"Unnamed Street","diameter_mm":900,"depth_m":-3.5},"geometry":{"type":"LineString","coordinates":[[88.3334829,22.5352306],[88.3339377,22.5347436],[88.3344316,22.5342187]]}},
{"type":"Feature","properties":{"pipe_id":"P_2118","road_name":"Unnamed Street","diameter_mm":900,"depth_m":-3.5},"geometry":{"type":"LineString","coordinates":[[88.3344316,22.5342187],[88.3349989,22.5336336]]}},
{"type":"Feature","properties":{"pipe_id":"P_2119","road_name":"Unnamed Street","diameter_mm":300,"depth_m":-2.2},"geometry":{"type":"LineString","coordinates":[[88.3349401,22.533593],[88.3349989,22.5336336]]}},
{"type":"Feature","properties":{"pipe_id":"P_2120","road_name":"Unnamed Street","diameter_mm":900,"depth_m":-3.5},"geometry":{"type":"LineString","coordinates":[[88.3333334,22.541516],[88.3334964,22.5414277]]}},
{"type":"Feature","properties":{"pipe_id":"P_2121","road_name":"Unnamed Street","diameter_mm":900,"depth_m":-3.5},"geometry":{"type":"LineString","coordinates":[[88.3334194,22.54131],[88.3332762,22.5413883]]}},
{"type":"Feature","properties":{"pipe_id":"P_2122","road_name":"Unnamed Street","diameter_mm":300,"depth_m":-2.2},"geometry":{"type":"LineString","coordinates":[[88.322702,22.5120595],[88.3226615,22.5119694]]}},
{"type":"Feature","properties":{"pipe_id":"P_2123","road_name":"Acharya Jagadish Chandra Bose Road","diameter_mm":900,"depth_m":-3.5},"geometry":{"type":"LineString","coordinates":[[88.3390314,22.5403432],[88.3376944,22.5400248],[88.3369704,22.5398824],[88.3365295,22.5398614],[88.336134,22.5399395],[88.3346898,22.5406311]]}},
{"type":"Feature","properties":{"pipe_id":"P_2124","road_name":"Unnamed Street","diameter_mm":900,"depth_m":-3.5},"geometry":{"type":"LineString","coordinates":[[88.3241097,22.5399791],[88.3239203,22.5398448],[88.3238639,22.5398049]]}},
{"type":"Feature","properties":{"pipe_id":"P_2125","road_name":"Unnamed Street","diameter_mm":900,"depth_m":-3.5},"geometry":{"type":"LineString","coordinates":[[88.3366998,22.5275064],[88.3367451,22.5274456]]}},
{"type":"Feature","properties":{"pipe_id":"P_2126","road_name":"Hospital Road","diameter_mm":900,"depth_m":-3.5},"geometry":{"type":"LineString","coordinates":[[88.3394437,22.5408393],[88.3398634,22.5412048],[88.3400933,22.5414035],[88.3402593,22.541624],[88.3404498,22.5420849],[88.3405164,22.5423526],[88.3405749,22.5428982],[88.3406412,22.5470187],[88.340638,22.5470595]]}}
]
}
