{
"type": "FeatureCollection",
"name": "kmc_manholes",
"crs": { "type": "name", "properties": { "name": "urn:ogc:def:crs:OGC:1.3:CRS84" } },
"features": [
{"type":"Feature","properties":{"fid":1},"geometry":{"type":"Point","coordinates":[88.33926,22.5405465]}},
{"type":"Feature","properties":{"fid":2},"geometry":{"type":"Point","coordinates":[88.3394437,22.5408393]}},
{"type":"Feature","properties":{"fid":3},"geometry":{"type":"Point","coordinates":[88.3398816,22.5375384]}},
{"type":"Feature","properties":{"fid":4},"geometry":{"type":"Point","coordinates":[88.3453066,22.538113]}},
{"type":"Feature","properties":{"fid":5},"geometry":{"type":"Point","coordinates":[88.3379522,22.5337407]}},
{"type":"Feature","properties":{"fid":6},"geometry":{"type":"Point","coordinates":[88.3392818,22.5404157]}},
{"type":"Feature","properties":{"fid":7},"geometry":{"type":"Point","coordinates":[88.3349989,22.5336336]}},
{"type":"Feature","properties":{"fid":8},"geometry":{"type":"Point","coordinates":[88.3363437,22.5328898]}},
{"type":"Feature","properties":{"fid":9},"geometry":{"type":"Point","coordinates":[88.3318907,22.5330217]}},
{"type":"Feature","properties":{"fid":10},"geometry":{"type":"Point","coordinates":[88.3331056,22.5347928]}},
{"type":"Feature","properties":{"fid":11},"geometry":{"type":"Point","coordinates":[88.331698,22.5422422]}},
{"type":"Feature","properties":{"fid":12},"geometry":{"type":"Point","coordinates":[88.3319469,22.5508633]}},
{"type":"Feature","properties":{"fid":13},"geometry":{"type":"Point","coordinates":[88.3319955,22.5330038]}},
{"type":"Feature","properties":{"fid":14},"geometry":{"type":"Point","coordinates":[88.3313643,22.5275415]}},
{"type":"Feature","properties":{"fid":15},"geometry":{"type":"Point","coordinates":[88.3297962,22.5331024]}},
{"type":"Feature","properties":{"fid":16},"geometry":{"type":"Point","coordinates":[88.3291561,22.5331442]}},
{"type":"Feature","properties":{"fid":17},"geometry":{"type":"Point","coordinates":[88.3272105,22.5334092]}},
{"type":"Feature","properties":{"fid":18},"geometry":{"type":"Point","coordinates":[88.323364,22.516967]}},
{"type":"Feature","properties":{"fid":19},"geometry":{"type":"Point","coordinates":[88.3232552,22.5164776]}},
{"type":"Feature","properties":{"fid":20},"geometry":{"type":"Point","coordinates":[88.3244089,22.5212262]}},
{"type":"Feature","properties":{"fid":21},"geometry":{"type":"Point","coordinates":[88.3240273,22.5196998]}},
{"type":"Feature","properties":{"fid":22},"geometry":{"type":"Point","coordinates":[88.3228531,22.5148366]}},
{"type":"Feature","properties":{"fid":23},"geometry":{"type":"Point","coordinates":[88.3214453,22.5104404]}},
{"type":"Feature","properties":{"fid":24},"geometry":{"type":"Point","coordinates":[88.3213814,22.5105539]}},
{"type":"Feature","properties":{"fid":25},"geometry":{"type":"Point","coordinates":[88.3227851,22.5148977]}},
{"type":"Feature","properties":{"fid":26},"geometry":{"type":"Point","coordinates":[88.3245221,22.5219608]}},
{"type":"Feature","properties":{"fid":27},"geometry":{"type":"Point","coordinates":[88.324556,22.5220796]}},
{"type":"Feature","properties":{"fid":28},"geometry":{"type":"Point","coordinates":[88.3303431,22.5221466]}},
{"type":"Feature","properties":{"fid":29},"geometry":{"type":"Point","coordinates":[88.3287781,22.5159951]}},
{"type":"Feature","properties":{"fid":30},"geometry":{"type":"Point","coordinates":[88.3304713,22.5222085]}},
{"type":"Feature","properties":{"fid":31},"geometry":{"type":"Point","coordinates":[88.3335471,22.5198551]}},
{"type":"Feature","properties":{"fid":32},"geometry":{"type":"Point","coordinates":[88.3302999,22.522171]}},
{"type":"Feature","properties":{"fid":33},"geometry":{"type":"Point","coordinates":[88.324572,22.5219499]}},
{"type":"Feature","properties":{"fid":34},"geometry":{"type":"Point","coordinates":[88.3259859,22.5413719]}},
{"type":"Feature","properties":{"fid":35},"geometry":{"type":"Point","coordinates":[88.324159,22.5195737]}},
{"type":"Feature","properties":{"fid":36},"geometry":{"type":"Point","coordinates":[88.3299591,22.5181]}},
{"type":"Feature","properties":{"fid":37},"geometry":{"type":"Point","coordinates":[88.3224614,22.5132063]}},
{"type":"Feature","properties":{"fid":38},"geometry":{"type":"Point","coordinates":[88.3288932,22.5122905]}},
{"type":"Feature","properties":{"fid":39},"geometry":{"type":"Point","coordinates":[88.3406801,22.5407978]}},
{"type":"Feature","properties":{"fid":40},"geometry":{"type":"Point","coordinates":[88.339375,22.5404412]}},
{"type":"Feature","properties":{"fid":41},"geometry":{"type":"Point","coordinates":[88.3258837,22.5271246]}},
{"type":"Feature","properties":{"fid":42},"geometry":{"type":"Point","coordinates":[88.3263409,22.5270607]}},
{"type":"Feature","properties":{"fid":43},"geometry":{"type":"Point","coordinates":[88.3221221,22.5188789]}},
{"type":"Feature","properties":{"fid":44},"geometry":{"type":"Point","coordinates":[88.3223865,22.5194231]}},
{"type":"Feature","properties":{"fid":45},"geometry":{"type":"Point","coordinates":[88.34281,22.5454427]}},
{"type":"Feature","properties":{"fid":46},"geometry":{"type":"Point","coordinates":[88.3407892,22.5470642]}},
{"type":"Feature","properties":{"fid":47},"geometry":{"type":"Point","coordinates":[88.3406126,22.5424169]}},
{"type":"Feature","properties":{"fid":48},"geometry":{"type":"Point","coordinates":[88.3419345,22.5420683]}},
{"type":"Feature","properties":{"fid":49},"geometry":{"type":"Point","coordinates":[88.3423131,22.5441728]}},
{"type":"Feature","properties":{"fid":50},"geometry":{"type":"Point","coordinates":[88.3420343,22.542052]}},
{"type":"Feature","properties":{"fid":51},"geometry":{"type":"Point","coordinates":[88.3418785,22.5412264]}},
{"type":"Feature","properties":{"fid":52},"geometry":{"type":"Point","coordinates":[88.3276587,22.543505]}},
{"type":"Feature","properties":{"fid":53},"geometry":{"type":"Point","coordinates":[88.3278815,22.5444457]}},
{"type":"Feature","properties":{"fid":54},"geometry":{"type":"Point","coordinates":[88.3311002,22.5470948]}},
{"type":"Feature","properties":{"fid":55},"geometry":{"type":"Point","coordinates":[88.3311109,22.5445606]}},
{"type":"Feature","properties":{"fid":56},"geometry":{"type":"Point","coordinates":[88.3295752,22.5437201]}},
{"type":"Feature","properties":{"fid":57},"geometry":{"type":"Point","coordinates":[88.3293005,22.5441859]}},
{"type":"Feature","properties":{"fid":58},"geometry":{"type":"Point","coordinates":[88.3303963,22.5440723]}},
{"type":"Feature","properties":{"fid":59},"geometry":{"type":"Point","coordinates":[88.3323038,22.5419199]}},
{"type":"Feature","properties":{"fid":60},"geometry":{"type":"Point","coordinates":[88.3296337,22.5436121]}},
{"type":"Feature","properties":{"fid":61},"geometry":{"type":"Point","coordinates":[88.3275314,22.5436867]}},
{"type":"Feature","properties":{"fid":62},"geometry":{"type":"Point","coordinates":[88.3283174,22.5462069]}},
{"type":"Feature","properties":{"fid":63},"geometry":{"type":"Point","coordinates":[88.3268056,22.5448412]}},
{"type":"Feature","properties":{"fid":64},"geometry":{"type":"Point","coordinates":[88.3292884,22.5442963]}},
{"type":"Feature","properties":{"fid":65},"geometry":{"type":"Point","coordinates":[88.3280398,22.5450087]}},
{"type":"Feature","properties":{"fid":66},"geometry":{"type":"Point","coordinates":[88.3293386,22.5447905]}},
{"type":"Feature","properties":{"fid":67},"geometry":{"type":"Point","coordinates":[88.3191269,22.5429179]}},
{"type":"Feature","properties":{"fid":68},"geometry":{"type":"Point","coordinates":[88.3196113,22.5451465]}},
{"type":"Feature","properties":{"fid":69},"geometry":{"type":"Point","coordinates":[88.3278215,22.543274]}},
{"type":"Feature","properties":{"fid":70},"geometry":{"type":"Point","coordinates":[88.3286071,22.5435093]}},
{"type":"Feature","properties":{"fid":71},"geometry":{"type":"Point","coordinates":[88.3271266,22.544759]}},
{"type":"Feature","properties":{"fid":72},"geometry":{"type":"Point","coordinates":[88.3277356,22.5441239]}},
{"type":"Feature","properties":{"fid":73},"geometry":{"type":"Point","coordinates":[88.3265741,22.5504858]}},
{"type":"Feature","properties":{"fid":74},"geometry":{"type":"Point","coordinates":[88.3272788,22.5440472]}},
{"type":"Feature","properties":{"fid":75},"geometry":{"type":"Point","coordinates":[88.3277105,22.5446066]}},
{"type":"Feature","properties":{"fid":76},"geometry":{"type":"Point","coordinates":[88.3307459,22.5446209]}},
{"type":"Feature","properties":{"fid":77},"geometry":{"type":"Point","coordinates":[88.3301389,22.5450518]}},
{"type":"Feature","properties":{"fid":78},"geometry":{"type":"Point","coordinates":[88.3462206,22.545826]}},
{"type":"Feature","properties":{"fid":79},"geometry":{"type":"Point","coordinates":[88.3414028,22.5417747]}},
{"type":"Feature","properties":{"fid":80},"geometry":{"type":"Point","coordinates":[88.3409571,22.5319545]}},
{"type":"Feature","properties":{"fid":81},"geometry":{"type":"Point","coordinates":[88.3457138,22.5312518]}},
{"type":"Feature","properties":{"fid":82},"geometry":{"type":"Point","coordinates":[88.3404162,22.5337737]}},
{"type":"Feature","properties":{"fid":83},"geometry":{"type":"Point","coordinates":[88.3437498,22.5337947]}},
{"type":"Feature","properties":{"fid":84},"geometry":{"type":"Point","coordinates":[88.339828,22.5350808]}},
{"type":"Feature","properties":{"fid":85},"geometry":{"type":"Point","coordinates":[88.3414588,22.5350858]}},
{"type":"Feature","properties":{"fid":86},"geometry":{"type":"Point","coordinates":[88.3434541,22.5300299]}},
{"type":"Feature","properties":{"fid":87},"geometry":{"type":"Point","coordinates":[88.3417557,22.5302451]}},
{"type":"Feature","properties":{"fid":88},"geometry":{"type":"Point","coordinates":[88.3416929,22.5290222]}},
{"type":"Feature","properties":{"fid":89},"geometry":{"type":"Point","coordinates":[88.3434185,22.5290489]}},
{"type":"Feature","properties":{"fid":90},"geometry":{"type":"Point","coordinates":[88.3416321,22.5380672]}},
{"type":"Feature","properties":{"fid":91},"geometry":{"type":"Point","coordinates":[88.3426751,22.5379706]}},
{"type":"Feature","properties":{"fid":92},"geometry":{"type":"Point","coordinates":[88.3416438,22.5384154]}},
{"type":"Feature","properties":{"fid":93},"geometry":{"type":"Point","coordinates":[88.3426934,22.5384051]}},
{"type":"Feature","properties":{"fid":94},"geometry":{"type":"Point","coordinates":[88.3400157,22.5380834]}},
{"type":"Feature","properties":{"fid":95},"geometry":{"type":"Point","coordinates":[88.3396806,22.5380666]}},
{"type":"Feature","properties":{"fid":96},"geometry":{"type":"Point","coordinates":[88.3411315,22.5381726]}},
{"type":"Feature","properties":{"fid":97},"geometry":{"type":"Point","coordinates":[88.3396107,22.5377456]}},
{"type":"Feature","properties":{"fid":98},"geometry":{"type":"Point","coordinates":[88.3415527,22.5375087]}},
{"type":"Feature","properties":{"fid":99},"geometry":{"type":"Point","coordinates":[88.3416016,22.5381573]}},
{"type":"Feature","properties":{"fid":100},"geometry":{"type":"Point","coordinates":[88.3394453,22.5402475]}},
{"type":"Feature","properties":{"fid":101},"geometry":{"type":"Point","coordinates":[88.3425258,22.5407872]}},
{"type":"Feature","properties":{"fid":102},"geometry":{"type":"Point","coordinates":[88.3410426,22.5396686]}},
{"type":"Feature","properties":{"fid":103},"geometry":{"type":"Point","coordinates":[88.3404296,22.5401579]}},
{"type":"Feature","properties":{"fid":104},"geometry":{"type":"Point","coordinates":[88.3416876,22.5398829]}},
{"type":"Feature","properties":{"fid":105},"geometry":{"type":"Point","coordinates":[88.3398472,22.5389162]}},
{"type":"Feature","properties":{"fid":106},"geometry":{"type":"Point","coordinates":[88.341642,22.5405939]}},
{"type":"Feature","properties":{"fid":107},"geometry":{"type":"Point","coordinates":[88.3416607,22.5401282]}},
{"type":"Feature","properties":{"fid":108},"geometry":{"type":"Point","coordinates":[88.3412162,22.5404254]}},
{"type":"Feature","properties":{"fid":109},"geometry":{"type":"Point","coordinates":[88.3433771,22.5391868]}},
{"type":"Feature","properties":{"fid":110},"geometry":{"type":"Point","coordinates":[88.3420421,22.5402038]}},
{"type":"Feature","properties":{"fid":111},"geometry":{"type":"Point","coordinates":[88.3416978,22.5403563]}},
{"type":"Feature","properties":{"fid":112},"geometry":{"type":"Point","coordinates":[88.3422986,22.54073]}},
{"type":"Feature","properties":{"fid":113},"geometry":{"type":"Point","coordinates":[88.3411957,22.5338128]}},
{"type":"Feature","properties":{"fid":114},"geometry":{"type":"Point","coordinates":[88.3418878,22.5354871]}},
{"type":"Feature","properties":{"fid":115},"geometry":{"type":"Point","coordinates":[88.34151,22.535493]}},
{"type":"Feature","properties":{"fid":116},"geometry":{"type":"Point","coordinates":[88.3417037,22.5369646]}},
{"type":"Feature","properties":{"fid":117},"geometry":{"type":"Point","coordinates":[88.3425659,22.5369427]}},
{"type":"Feature","properties":{"fid":118},"geometry":{"type":"Point","coordinates":[88.3422393,22.5359851]}},
{"type":"Feature","properties":{"fid":119},"geometry":{"type":"Point","coordinates":[88.3416017,22.5359786]}},
{"type":"Feature","properties":{"fid":120},"geometry":{"type":"Point","coordinates":[88.3400224,22.5375268]}},
{"type":"Feature","properties":{"fid":121},"geometry":{"type":"Point","coordinates":[88.3416631,22.5374999]}},
{"type":"Feature","properties":{"fid":122},"geometry":{"type":"Point","coordinates":[88.3415106,22.5352563]}},
{"type":"Feature","properties":{"fid":123},"geometry":{"type":"Point","coordinates":[88.3418717,22.5365375]}},
{"type":"Feature","properties":{"fid":124},"geometry":{"type":"Point","coordinates":[88.3416224,22.5363715]}},
{"type":"Feature","properties":{"fid":125},"geometry":{"type":"Point","coordinates":[88.3420055,22.5357028]}},
{"type":"Feature","properties":{"fid":126},"geometry":{"type":"Point","coordinates":[88.3419151,22.5352344]}},
{"type":"Feature","properties":{"fid":127},"geometry":{"type":"Point","coordinates":[88.341566,22.5358358]}},
{"type":"Feature","properties":{"fid":128},"geometry":{"type":"Point","coordinates":[88.3408261,22.5359766]}},
{"type":"Feature","properties":{"fid":129},"geometry":{"type":"Point","coordinates":[88.3399009,22.5371222]}},
{"type":"Feature","properties":{"fid":130},"geometry":{"type":"Point","coordinates":[88.340269,22.5370793]}},
{"type":"Feature","properties":{"fid":131},"geometry":{"type":"Point","coordinates":[88.3392962,22.536491]}},
{"type":"Feature","properties":{"fid":132},"geometry":{"type":"Point","coordinates":[88.3408015,22.5366368]}},
{"type":"Feature","properties":{"fid":133},"geometry":{"type":"Point","coordinates":[88.341029,22.5372874]}},
{"type":"Feature","properties":{"fid":134},"geometry":{"type":"Point","coordinates":[88.3410611,22.536991]}},
{"type":"Feature","properties":{"fid":135},"geometry":{"type":"Point","coordinates":[88.3413525,22.5365961]}},
{"type":"Feature","properties":{"fid":136},"geometry":{"type":"Point","coordinates":[88.3408167,22.5365269]}},
{"type":"Feature","properties":{"fid":137},"geometry":{"type":"Point","coordinates":[88.3402769,22.5364846]}},
{"type":"Feature","properties":{"fid":138},"geometry":{"type":"Point","coordinates":[88.3439826,22.5350065]}},
{"type":"Feature","properties":{"fid":139},"geometry":{"type":"Point","coordinates":[88.3417093,22.5365899]}},
{"type":"Feature","properties":{"fid":140},"geometry":{"type":"Point","coordinates":[88.3413833,22.5368724]}},
{"type":"Feature","properties":{"fid":141},"geometry":{"type":"Point","coordinates":[88.3406281,22.5350741]}},
{"type":"Feature","properties":{"fid":142},"geometry":{"type":"Point","coordinates":[88.3411188,22.5365141]}},
{"type":"Feature","properties":{"fid":143},"geometry":{"type":"Point","coordinates":[88.3411846,22.5370526]}},
{"type":"Feature","properties":{"fid":144},"geometry":{"type":"Point","coordinates":[88.3411576,22.536214]}},
{"type":"Feature","properties":{"fid":145},"geometry":{"type":"Point","coordinates":[88.3408476,22.5362392]}},
{"type":"Feature","properties":{"fid":146},"geometry":{"type":"Point","coordinates":[88.3416671,22.5373095]}},
{"type":"Feature","properties":{"fid":147},"geometry":{"type":"Point","coordinates":[88.3402479,22.5358955]}},
{"type":"Feature","properties":{"fid":148},"geometry":{"type":"Point","coordinates":[88.3402382,22.5362627]}},
{"type":"Feature","properties":{"fid":149},"geometry":{"type":"Point","coordinates":[88.3404534,22.5353274]}},
{"type":"Feature","properties":{"fid":150},"geometry":{"type":"Point","coordinates":[88.3406804,22.5353047]}},
{"type":"Feature","properties":{"fid":151},"geometry":{"type":"Point","coordinates":[88.3409965,22.5354318]}},
{"type":"Feature","properties":{"fid":152},"geometry":{"type":"Point","coordinates":[88.3409944,22.5350718]}},
{"type":"Feature","properties":{"fid":153},"geometry":{"type":"Point","coordinates":[88.3402436,22.5361364]}},
{"type":"Feature","properties":{"fid":154},"geometry":{"type":"Point","coordinates":[88.3397897,22.5361704]}},
{"type":"Feature","properties":{"fid":155},"geometry":{"type":"Point","coordinates":[88.3402436,22.5355542]}},
{"type":"Feature","properties":{"fid":156},"geometry":{"type":"Point","coordinates":[88.3402348,22.535106]}},
{"type":"Feature","properties":{"fid":157},"geometry":{"type":"Point","coordinates":[88.341222,22.5354969]}},
{"type":"Feature","properties":{"fid":158},"geometry":{"type":"Point","coordinates":[88.339988,22.5357503]}},
{"type":"Feature","properties":{"fid":159},"geometry":{"type":"Point","coordinates":[88.3397781,22.5357443]}},
{"type":"Feature","properties":{"fid":160},"geometry":{"type":"Point","coordinates":[88.3412119,22.5356409]}},
{"type":"Feature","properties":{"fid":161},"geometry":{"type":"Point","coordinates":[88.3415196,22.5356344]}},
{"type":"Feature","properties":{"fid":162},"geometry":{"type":"Point","coordinates":[88.3405194,22.5359653]}},
{"type":"Feature","properties":{"fid":163},"geometry":{"type":"Point","coordinates":[88.3404961,22.5362156]}},
{"type":"Feature","properties":{"fid":164},"geometry":{"type":"Point","coordinates":[88.3405753,22.5362377]}},
{"type":"Feature","properties":{"fid":165},"geometry":{"type":"Point","coordinates":[88.3402463,22.5364757]}},
{"type":"Feature","properties":{"fid":166},"geometry":{"type":"Point","coordinates":[88.340093,22.535389]}},
{"type":"Feature","properties":{"fid":167},"geometry":{"type":"Point","coordinates":[88.3397906,22.5353799]}},
{"type":"Feature","properties":{"fid":168},"geometry":{"type":"Point","coordinates":[88.3370331,22.5379051]}},
{"type":"Feature","properties":{"fid":169},"geometry":{"type":"Point","coordinates":[88.3396221,22.5378748]}},
{"type":"Feature","properties":{"fid":170},"geometry":{"type":"Point","coordinates":[88.3361587,22.539389]}},
{"type":"Feature","properties":{"fid":171},"geometry":{"type":"Point","coordinates":[88.3365503,22.5396863]}},
{"type":"Feature","properties":{"fid":172},"geometry":{"type":"Point","coordinates":[88.3365295,22.5398614]}},
{"type":"Feature","properties":{"fid":173},"geometry":{"type":"Point","coordinates":[88.3379531,22.5370282]}},
{"type":"Feature","properties":{"fid":174},"geometry":{"type":"Point","coordinates":[88.3393939,22.5371006]}},
{"type":"Feature","properties":{"fid":175},"geometry":{"type":"Point","coordinates":[88.3393182,22.538247]}},
{"type":"Feature","properties":{"fid":176},"geometry":{"type":"Point","coordinates":[88.3395278,22.5387072]}},
{"type":"Feature","properties":{"fid":177},"geometry":{"type":"Point","coordinates":[88.3377431,22.5384767]}},
{"type":"Feature","properties":{"fid":178},"geometry":{"type":"Point","coordinates":[88.3376944,22.5400248]}},
{"type":"Feature","properties":{"fid":179},"geometry":{"type":"Point","coordinates":[88.3388247,22.5391555]}},
{"type":"Feature","properties":{"fid":180},"geometry":{"type":"Point","coordinates":[88.3379236,22.539171]}},
{"type":"Feature","properties":{"fid":181},"geometry":{"type":"Point","coordinates":[88.3380631,22.5384724]}},
{"type":"Feature","properties":{"fid":182},"geometry":{"type":"Point","coordinates":[88.3371941,22.539498]}},
{"type":"Feature","properties":{"fid":183},"geometry":{"type":"Point","coordinates":[88.3378551,22.5394996]}},
{"type":"Feature","properties":{"fid":184},"geometry":{"type":"Point","coordinates":[88.3354265,22.5377193]}},
{"type":"Feature","properties":{"fid":185},"geometry":{"type":"Point","coordinates":[88.3355391,22.5385814]}},
{"type":"Feature","properties":{"fid":186},"geometry":{"type":"Point","coordinates":[88.3366647,22.5350146]}},
{"type":"Feature","properties":{"fid":187},"geometry":{"type":"Point","coordinates":[88.3376608,22.533981]}},
{"type":"Feature","properties":{"fid":188},"geometry":{"type":"Point","coordinates":[88.3369253,22.5348642]}},
{"type":"Feature","properties":{"fid":189},"geometry":{"type":"Point","coordinates":[88.3367649,22.5346598]}},
{"type":"Feature","properties":{"fid":190},"geometry":{"type":"Point","coordinates":[88.3381085,22.5356079]}},
{"type":"Feature","properties":{"fid":191},"geometry":{"type":"Point","coordinates":[88.3376204,22.5348598]}},
{"type":"Feature","properties":{"fid":192},"geometry":{"type":"Point","coordinates":[88.337017,22.5342659]}},
{"type":"Feature","properties":{"fid":193},"geometry":{"type":"Point","coordinates":[88.337128,22.53438]}},
{"type":"Feature","properties":{"fid":194},"geometry":{"type":"Point","coordinates":[88.3367755,22.5359721]}},
{"type":"Feature","properties":{"fid":195},"geometry":{"type":"Point","coordinates":[88.3380899,22.5349838]}},
{"type":"Feature","properties":{"fid":196},"geometry":{"type":"Point","coordinates":[88.3352844,22.5392904]}},
{"type":"Feature","properties":{"fid":197},"geometry":{"type":"Point","coordinates":[88.3353861,22.5395847]}},
{"type":"Feature","properties":{"fid":198},"geometry":{"type":"Point","coordinates":[88.3344904,22.5399365]}},
{"type":"Feature","properties":{"fid":199},"geometry":{"type":"Point","coordinates":[88.3358568,22.5395721]}},
{"type":"Feature","properties":{"fid":200},"geometry":{"type":"Point","coordinates":[88.3370081,22.5344724]}},
{"type":"Feature","properties":{"fid":201},"geometry":{"type":"Point","coordinates":[88.3372234,22.5347375]}},
{"type":"Feature","properties":{"fid":202},"geometry":{"type":"Point","coordinates":[88.3379196,22.5342552]}},
{"type":"Feature","properties":{"fid":203},"geometry":{"type":"Point","coordinates":[88.3378062,22.5343451]}},
{"type":"Feature","properties":{"fid":204},"geometry":{"type":"Point","coordinates":[88.3385757,22.5347173]}},
{"type":"Feature","properties":{"fid":205},"geometry":{"type":"Point","coordinates":[88.3359225,22.5355634]}},
{"type":"Feature","properties":{"fid":206},"geometry":{"type":"Point","coordinates":[88.3370115,22.5357591]}},
{"type":"Feature","properties":{"fid":207},"geometry":{"type":"Point","coordinates":[88.3378081,22.5363041]}},
{"type":"Feature","properties":{"fid":208},"geometry":{"type":"Point","coordinates":[88.337041,22.5352091]}},
{"type":"Feature","properties":{"fid":209},"geometry":{"type":"Point","coordinates":[88.3347075,22.5391159]}},
{"type":"Feature","properties":{"fid":210},"geometry":{"type":"Point","coordinates":[88.3353721,22.5393041]}},
{"type":"Feature","properties":{"fid":211},"geometry":{"type":"Point","coordinates":[88.3357349,22.535958]}},
{"type":"Feature","properties":{"fid":212},"geometry":{"type":"Point","coordinates":[88.336134,22.5399395]}},
{"type":"Feature","properties":{"fid":213},"geometry":{"type":"Point","coordinates":[88.3349401,22.533593]}},
{"type":"Feature","properties":{"fid":214},"geometry":{"type":"Point","coordinates":[88.3335001,22.5350717]}},
{"type":"Feature","properties":{"fid":215},"geometry":{"type":"Point","coordinates":[88.3338879,22.5376235]}},
{"type":"Feature","properties":{"fid":216},"geometry":{"type":"Point","coordinates":[88.3341671,22.5373044]}},
{"type":"Feature","properties":{"fid":217},"geometry":{"type":"Point","coordinates":[88.3336159,22.537092]}},
{"type":"Feature","properties":{"fid":218},"geometry":{"type":"Point","coordinates":[88.3343704,22.5360784]}},
{"type":"Feature","properties":{"fid":219},"geometry":{"type":"Point","coordinates":[88.3335953,22.5366489]}},
{"type":"Feature","properties":{"fid":220},"geometry":{"type":"Point","coordinates":[88.3340928,22.5360063]}},
{"type":"Feature","properties":{"fid":221},"geometry":{"type":"Point","coordinates":[88.333541,22.5358907]}},
{"type":"Feature","properties":{"fid":222},"geometry":{"type":"Point","coordinates":[88.3340284,22.5356991]}},
{"type":"Feature","properties":{"fid":223},"geometry":{"type":"Point","coordinates":[88.3339703,22.5359143]}},
{"type":"Feature","properties":{"fid":224},"geometry":{"type":"Point","coordinates":[88.3350333,22.5325502]}},
{"type":"Feature","properties":{"fid":225},"geometry":{"type":"Point","coordinates":[88.33098,22.5379169]}},
{"type":"Feature","properties":{"fid":226},"geometry":{"type":"Point","coordinates":[88.3316566,22.5373981]}},
{"type":"Feature","properties":{"fid":227},"geometry":{"type":"Point","coordinates":[88.3332214,22.5359467]}},
{"type":"Feature","properties":{"fid":228},"geometry":{"type":"Point","coordinates":[88.3334456,22.5359209]}},
{"type":"Feature","properties":{"fid":229},"geometry":{"type":"Point","coordinates":[88.3311229,22.5376569]}},
{"type":"Feature","properties":{"fid":230},"geometry":{"type":"Point","coordinates":[88.3315873,22.5373716]}},
{"type":"Feature","properties":{"fid":231},"geometry":{"type":"Point","coordinates":[88.3314025,22.537302]}},
{"type":"Feature","properties":{"fid":232},"geometry":{"type":"Point","coordinates":[88.3315541,22.5372848]}},
{"type":"Feature","properties":{"fid":233},"geometry":{"type":"Point","coordinates":[88.3263993,22.5416748]}},
{"type":"Feature","properties":{"fid":234},"geometry":{"type":"Point","coordinates":[88.3336952,22.5389315]}},
{"type":"Feature","properties":{"fid":235},"geometry":{"type":"Point","coordinates":[88.3301685,22.5386392]}},
{"type":"Feature","properties":{"fid":236},"geometry":{"type":"Point","coordinates":[88.3304662,22.5400783]}},
{"type":"Feature","properties":{"fid":237},"geometry":{"type":"Point","coordinates":[88.3323386,22.5381567]}},
{"type":"Feature","properties":{"fid":238},"geometry":{"type":"Point","coordinates":[88.3331342,22.5361432]}},
{"type":"Feature","properties":{"fid":239},"geometry":{"type":"Point","coordinates":[88.3317472,22.5372403]}},
{"type":"Feature","properties":{"fid":240},"geometry":{"type":"Point","coordinates":[88.3330252,22.5361538]}},
{"type":"Feature","properties":{"fid":241},"geometry":{"type":"Point","coordinates":[88.3317364,22.5356123]}},
{"type":"Feature","properties":{"fid":242},"geometry":{"type":"Point","coordinates":[88.3325476,22.5369568]}},
{"type":"Feature","properties":{"fid":243},"geometry":{"type":"Point","coordinates":[88.3313487,22.5336993]}},
{"type":"Feature","properties":{"fid":244},"geometry":{"type":"Point","coordinates":[88.3324602,22.5352195]}},
{"type":"Feature","properties":{"fid":245},"geometry":{"type":"Point","coordinates":[88.3317271,22.5346413]}},
{"type":"Feature","properties":{"fid":246},"geometry":{"type":"Point","coordinates":[88.3321644,22.5343298]}},
{"type":"Feature","properties":{"fid":247},"geometry":{"type":"Point","coordinates":[88.3303501,22.5397377]}},
{"type":"Feature","properties":{"fid":248},"geometry":{"type":"Point","coordinates":[88.3303447,22.5400076]}},
{"type":"Feature","properties":{"fid":249},"geometry":{"type":"Point","coordinates":[88.3332303,22.5359658]}},
{"type":"Feature","properties":{"fid":250},"geometry":{"type":"Point","coordinates":[88.3306197,22.5388432]}},
{"type":"Feature","properties":{"fid":251},"geometry":{"type":"Point","coordinates":[88.3309106,22.5378905]}},
{"type":"Feature","properties":{"fid":252},"geometry":{"type":"Point","coordinates":[88.3328691,22.53688]}},
{"type":"Feature","properties":{"fid":253},"geometry":{"type":"Point","coordinates":[88.3331323,22.536994]}},
{"type":"Feature","properties":{"fid":254},"geometry":{"type":"Point","coordinates":[88.3318585,22.5385407]}},
{"type":"Feature","properties":{"fid":255},"geometry":{"type":"Point","coordinates":[88.3319066,22.5388148]}},
{"type":"Feature","properties":{"fid":256},"geometry":{"type":"Point","coordinates":[88.3328373,22.5386811]}},
{"type":"Feature","properties":{"fid":257},"geometry":{"type":"Point","coordinates":[88.333193,22.5390317]}},
{"type":"Feature","properties":{"fid":258},"geometry":{"type":"Point","coordinates":[88.3326222,22.5364927]}},
{"type":"Feature","properties":{"fid":259},"geometry":{"type":"Point","coordinates":[88.3328307,22.5367244]}},
{"type":"Feature","properties":{"fid":260},"geometry":{"type":"Point","coordinates":[88.3304179,22.5401724]}},
{"type":"Feature","properties":{"fid":261},"geometry":{"type":"Point","coordinates":[88.3304897,22.540175]}},
{"type":"Feature","properties":{"fid":262},"geometry":{"type":"Point","coordinates":[88.3329588,22.5391836]}},
{"type":"Feature","properties":{"fid":263},"geometry":{"type":"Point","coordinates":[88.3323675,22.5395178]}},
{"type":"Feature","properties":{"fid":264},"geometry":{"type":"Point","coordinates":[88.3324001,22.5374597]}},
{"type":"Feature","properties":{"fid":265},"geometry":{"type":"Point","coordinates":[88.3326249,22.5373968]}},
{"type":"Feature","properties":{"fid":266},"geometry":{"type":"Point","coordinates":[88.3327083,22.5375516]}},
{"type":"Feature","properties":{"fid":267},"geometry":{"type":"Point","coordinates":[88.3303294,22.5401452]}},
{"type":"Feature","properties":{"fid":268},"geometry":{"type":"Point","coordinates":[88.3302921,22.5400791]}},
{"type":"Feature","properties":{"fid":269},"geometry":{"type":"Point","coordinates":[88.3321778,22.5368729]}},
{"type":"Feature","properties":{"fid":270},"geometry":{"type":"Point","coordinates":[88.3323323,22.5370523]}},
{"type":"Feature","properties":{"fid":271},"geometry":{"type":"Point","coordinates":[88.3324969,22.5388376]}},
{"type":"Feature","properties":{"fid":272},"geometry":{"type":"Point","coordinates":[88.3321585,22.5383119]}},
{"type":"Feature","properties":{"fid":273},"geometry":{"type":"Point","coordinates":[88.3322576,22.5388604]}},
{"type":"Feature","properties":{"fid":274},"geometry":{"type":"Point","coordinates":[88.3314588,22.5383103]}},
{"type":"Feature","properties":{"fid":275},"geometry":{"type":"Point","coordinates":[88.3326684,22.5375854]}},
{"type":"Feature","properties":{"fid":276},"geometry":{"type":"Point","coordinates":[88.3327921,22.5368351]}},
{"type":"Feature","properties":{"fid":277},"geometry":{"type":"Point","coordinates":[88.33273,22.5369172]}},
{"type":"Feature","properties":{"fid":278},"geometry":{"type":"Point","coordinates":[88.3322795,22.5395631]}},
{"type":"Feature","properties":{"fid":279},"geometry":{"type":"Point","coordinates":[88.3321042,22.5396483]}},
{"type":"Feature","properties":{"fid":280},"geometry":{"type":"Point","coordinates":[88.3329604,22.5368052]}},
{"type":"Feature","properties":{"fid":281},"geometry":{"type":"Point","coordinates":[88.3331967,22.5367314]}},
{"type":"Feature","properties":{"fid":282},"geometry":{"type":"Point","coordinates":[88.3328105,22.537207]}},
{"type":"Feature","properties":{"fid":283},"geometry":{"type":"Point","coordinates":[88.3331393,22.5370102]}},
{"type":"Feature","properties":{"fid":284},"geometry":{"type":"Point","coordinates":[88.3327712,22.5377068]}},
{"type":"Feature","properties":{"fid":285},"geometry":{"type":"Point","coordinates":[88.3313326,22.5378365]}},
{"type":"Feature","properties":{"fid":286},"geometry":{"type":"Point","coordinates":[88.3324277,22.5384877]}},
{"type":"Feature","properties":{"fid":287},"geometry":{"type":"Point","coordinates":[88.3327756,22.538354]}},
{"type":"Feature","properties":{"fid":288},"geometry":{"type":"Point","coordinates":[88.3327181,22.5377059]}},
{"type":"Feature","properties":{"fid":289},"geometry":{"type":"Point","coordinates":[88.3321346,22.5388495]}},
{"type":"Feature","properties":{"fid":290},"geometry":{"type":"Point","coordinates":[88.3323411,22.5389709]}},
{"type":"Feature","properties":{"fid":291},"geometry":{"type":"Point","coordinates":[88.3316931,22.5373935]}},
{"type":"Feature","properties":{"fid":292},"geometry":{"type":"Point","coordinates":[88.3317242,22.5375467]}},
{"type":"Feature","properties":{"fid":293},"geometry":{"type":"Point","coordinates":[88.331792,22.5372028]}},
{"type":"Feature","properties":{"fid":294},"geometry":{"type":"Point","coordinates":[88.3317262,22.5373774]}},
{"type":"Feature","properties":{"fid":295},"geometry":{"type":"Point","coordinates":[88.3311404,22.5378548]}},
{"type":"Feature","properties":{"fid":296},"geometry":{"type":"Point","coordinates":[88.331257,22.5379064]}},
{"type":"Feature","properties":{"fid":297},"geometry":{"type":"Point","coordinates":[88.3319667,22.5368958]}},
{"type":"Feature","properties":{"fid":298},"geometry":{"type":"Point","coordinates":[88.3320005,22.5372122]}},
{"type":"Feature","properties":{"fid":299},"geometry":{"type":"Point","coordinates":[88.3315511,22.5373925]}},
{"type":"Feature","properties":{"fid":300},"geometry":{"type":"Point","coordinates":[88.3316518,22.5375021]}},
{"type":"Feature","properties":{"fid":301},"geometry":{"type":"Point","coordinates":[88.3311869,22.5376108]}},
{"type":"Feature","properties":{"fid":302},"geometry":{"type":"Point","coordinates":[88.331295,22.5377176]}},
{"type":"Feature","properties":{"fid":303},"geometry":{"type":"Point","coordinates":[88.3304287,22.5392686]}},
{"type":"Feature","properties":{"fid":304},"geometry":{"type":"Point","coordinates":[88.330622,22.5392616]}},
{"type":"Feature","properties":{"fid":305},"geometry":{"type":"Point","coordinates":[88.3320219,22.5371231]}},
{"type":"Feature","properties":{"fid":306},"geometry":{"type":"Point","coordinates":[88.3321614,22.5371897]}},
{"type":"Feature","properties":{"fid":307},"geometry":{"type":"Point","coordinates":[88.3318091,22.5374606]}},
{"type":"Feature","properties":{"fid":308},"geometry":{"type":"Point","coordinates":[88.3304449,22.5388347]}},
{"type":"Feature","properties":{"fid":309},"geometry":{"type":"Point","coordinates":[88.3333686,22.5387042]}},
{"type":"Feature","properties":{"fid":310},"geometry":{"type":"Point","coordinates":[88.3312907,22.5380605]}},
{"type":"Feature","properties":{"fid":311},"geometry":{"type":"Point","coordinates":[88.3306433,22.5385474]}},
{"type":"Feature","properties":{"fid":312},"geometry":{"type":"Point","coordinates":[88.3301122,22.5395013]}},
{"type":"Feature","properties":{"fid":313},"geometry":{"type":"Point","coordinates":[88.3304168,22.5395063]}},
{"type":"Feature","properties":{"fid":314},"geometry":{"type":"Point","coordinates":[88.3313782,22.5378688]}},
{"type":"Feature","properties":{"fid":315},"geometry":{"type":"Point","coordinates":[88.33158,22.5374384]}},
{"type":"Feature","properties":{"fid":316},"geometry":{"type":"Point","coordinates":[88.3315955,22.5375294]}},
{"type":"Feature","properties":{"fid":317},"geometry":{"type":"Point","coordinates":[88.3307023,22.5370091]}},
{"type":"Feature","properties":{"fid":318},"geometry":{"type":"Point","coordinates":[88.3307345,22.5370116]}},
{"type":"Feature","properties":{"fid":319},"geometry":{"type":"Point","coordinates":[88.3317029,22.5362392]}},
{"type":"Feature","properties":{"fid":320},"geometry":{"type":"Point","coordinates":[88.3317324,22.5360906]}},
{"type":"Feature","properties":{"fid":321},"geometry":{"type":"Point","coordinates":[88.3309812,22.5370661]}},
{"type":"Feature","properties":{"fid":322},"geometry":{"type":"Point","coordinates":[88.3303482,22.5377548]}},
{"type":"Feature","properties":{"fid":323},"geometry":{"type":"Point","coordinates":[88.3317569,22.536667]}},
{"type":"Feature","properties":{"fid":324},"geometry":{"type":"Point","coordinates":[88.3322662,22.5367694]}},
{"type":"Feature","properties":{"fid":325},"geometry":{"type":"Point","coordinates":[88.3302463,22.5377548]}},
{"type":"Feature","properties":{"fid":326},"geometry":{"type":"Point","coordinates":[88.3304475,22.5376086]}},
{"type":"Feature","properties":{"fid":327},"geometry":{"type":"Point","coordinates":[88.331674,22.5365416]}},
{"type":"Feature","properties":{"fid":328},"geometry":{"type":"Point","coordinates":[88.3314345,22.5369843]}},
{"type":"Feature","properties":{"fid":329},"geometry":{"type":"Point","coordinates":[88.3317255,22.5359982]}},
{"type":"Feature","properties":{"fid":330},"geometry":{"type":"Point","coordinates":[88.3320252,22.5359256]}},
{"type":"Feature","properties":{"fid":331},"geometry":{"type":"Point","coordinates":[88.3317727,22.5367465]}},
{"type":"Feature","properties":{"fid":332},"geometry":{"type":"Point","coordinates":[88.3306215,22.5383217]}},
{"type":"Feature","properties":{"fid":333},"geometry":{"type":"Point","coordinates":[88.3319441,22.5346869]}},
{"type":"Feature","properties":{"fid":334},"geometry":{"type":"Point","coordinates":[88.3320269,22.5346496]}},
{"type":"Feature","properties":{"fid":335},"geometry":{"type":"Point","coordinates":[88.3320349,22.5348381]}},
{"type":"Feature","properties":{"fid":336},"geometry":{"type":"Point","coordinates":[88.3322273,22.5347143]}},
{"type":"Feature","properties":{"fid":337},"geometry":{"type":"Point","coordinates":[88.3320353,22.5368208]}},
{"type":"Feature","properties":{"fid":338},"geometry":{"type":"Point","coordinates":[88.3320116,22.5366805]}},
{"type":"Feature","properties":{"fid":339},"geometry":{"type":"Point","coordinates":[88.3321634,22.5345977]}},
{"type":"Feature","properties":{"fid":340},"geometry":{"type":"Point","coordinates":[88.332156,22.5367515]}},
{"type":"Feature","properties":{"fid":341},"geometry":{"type":"Point","coordinates":[88.3323332,22.5351194]}},
{"type":"Feature","properties":{"fid":342},"geometry":{"type":"Point","coordinates":[88.3325237,22.5355356]}},
{"type":"Feature","properties":{"fid":343},"geometry":{"type":"Point","coordinates":[88.3319059,22.5348784]}},
{"type":"Feature","properties":{"fid":344},"geometry":{"type":"Point","coordinates":[88.3315847,22.5332979]}},
{"type":"Feature","properties":{"fid":345},"geometry":{"type":"Point","coordinates":[88.3312762,22.533328]}},
{"type":"Feature","properties":{"fid":346},"geometry":{"type":"Point","coordinates":[88.3320431,22.5343883]}},
{"type":"Feature","properties":{"fid":347},"geometry":{"type":"Point","coordinates":[88.3329525,22.5358941]}},
{"type":"Feature","properties":{"fid":348},"geometry":{"type":"Point","coordinates":[88.3322875,22.5345292]}},
{"type":"Feature","properties":{"fid":349},"geometry":{"type":"Point","coordinates":[88.3326465,22.534648]}},
{"type":"Feature","properties":{"fid":350},"geometry":{"type":"Point","coordinates":[88.3308552,22.5332732]}},
{"type":"Feature","properties":{"fid":351},"geometry":{"type":"Point","coordinates":[88.3309535,22.5333245]}},
{"type":"Feature","properties":{"fid":352},"geometry":{"type":"Point","coordinates":[88.3326262,22.534807]}},
{"type":"Feature","properties":{"fid":353},"geometry":{"type":"Point","coordinates":[88.3323659,22.5349315]}},
{"type":"Feature","properties":{"fid":354},"geometry":{"type":"Point","coordinates":[88.3312573,22.5334398]}},
{"type":"Feature","properties":{"fid":355},"geometry":{"type":"Point","coordinates":[88.3330787,22.5354682]}},
{"type":"Feature","properties":{"fid":356},"geometry":{"type":"Point","coordinates":[88.3325791,22.5356593]}},
{"type":"Feature","properties":{"fid":357},"geometry":{"type":"Point","coordinates":[88.3330438,22.535327]}},
{"type":"Feature","properties":{"fid":358},"geometry":{"type":"Point","coordinates":[88.3331774,22.5358899]}},
{"type":"Feature","properties":{"fid":359},"geometry":{"type":"Point","coordinates":[88.3328346,22.5350718]}},
{"type":"Feature","properties":{"fid":360},"geometry":{"type":"Point","coordinates":[88.3324442,22.5351434]}},
{"type":"Feature","properties":{"fid":361},"geometry":{"type":"Point","coordinates":[88.3327225,22.5350167]}},
{"type":"Feature","properties":{"fid":362},"geometry":{"type":"Point","coordinates":[88.3312813,22.5334366]}},
{"type":"Feature","properties":{"fid":363},"geometry":{"type":"Point","coordinates":[88.3313244,22.5335205]}},
{"type":"Feature","properties":{"fid":364},"geometry":{"type":"Point","coordinates":[88.3309008,22.5333847]}},
{"type":"Feature","properties":{"fid":365},"geometry":{"type":"Point","coordinates":[88.3312549,22.5333264]}},
{"type":"Feature","properties":{"fid":366},"geometry":{"type":"Point","coordinates":[88.3282318,22.5409544]}},
{"type":"Feature","properties":{"fid":367},"geometry":{"type":"Point","coordinates":[88.3272984,22.5410824]}},
{"type":"Feature","properties":{"fid":368},"geometry":{"type":"Point","coordinates":[88.3283776,22.5415195]}},
{"type":"Feature","properties":{"fid":369},"geometry":{"type":"Point","coordinates":[88.3300935,22.5407009]}},
{"type":"Feature","properties":{"fid":370},"geometry":{"type":"Point","coordinates":[88.3288581,22.5427492]}},
{"type":"Feature","properties":{"fid":371},"geometry":{"type":"Point","coordinates":[88.3301559,22.5424906]}},
{"type":"Feature","properties":{"fid":372},"geometry":{"type":"Point","coordinates":[88.3322935,22.541584]}},
{"type":"Feature","properties":{"fid":373},"geometry":{"type":"Point","coordinates":[88.3326576,22.5415989]}},
{"type":"Feature","properties":{"fid":374},"geometry":{"type":"Point","coordinates":[88.3320387,22.5415716]}},
{"type":"Feature","properties":{"fid":375},"geometry":{"type":"Point","coordinates":[88.3321953,22.5418321]}},
{"type":"Feature","properties":{"fid":376},"geometry":{"type":"Point","coordinates":[88.3306311,22.5419459]}},
{"type":"Feature","properties":{"fid":377},"geometry":{"type":"Point","coordinates":[88.3308154,22.5424167]}},
{"type":"Feature","properties":{"fid":378},"geometry":{"type":"Point","coordinates":[88.3338975,22.5406823]}},
{"type":"Feature","properties":{"fid":379},"geometry":{"type":"Point","coordinates":[88.333331,22.541127]}},
{"type":"Feature","properties":{"fid":380},"geometry":{"type":"Point","coordinates":[88.3301201,22.5421679]}},
{"type":"Feature","properties":{"fid":381},"geometry":{"type":"Point","coordinates":[88.3312047,22.5417623]}},
{"type":"Feature","properties":{"fid":382},"geometry":{"type":"Point","coordinates":[88.3319073,22.541636]}},
{"type":"Feature","properties":{"fid":383},"geometry":{"type":"Point","coordinates":[88.3325295,22.5412892]}},
{"type":"Feature","properties":{"fid":384},"geometry":{"type":"Point","coordinates":[88.3339833,22.5398945]}},
{"type":"Feature","properties":{"fid":385},"geometry":{"type":"Point","coordinates":[88.3334194,22.54131]}},
{"type":"Feature","properties":{"fid":386},"geometry":{"type":"Point","coordinates":[88.3314246,22.5417153]}},
{"type":"Feature","properties":{"fid":387},"geometry":{"type":"Point","coordinates":[88.3315049,22.5421537]}},
{"type":"Feature","properties":{"fid":388},"geometry":{"type":"Point","coordinates":[88.3328299,22.5413115]}},
{"type":"Feature","properties":{"fid":389},"geometry":{"type":"Point","coordinates":[88.3331304,22.5413121]}},
{"type":"Feature","properties":{"fid":390},"geometry":{"type":"Point","coordinates":[88.3323069,22.5405658]}},
{"type":"Feature","properties":{"fid":391},"geometry":{"type":"Point","coordinates":[88.3319412,22.5400492]}},
{"type":"Feature","properties":{"fid":392},"geometry":{"type":"Point","coordinates":[88.33158,22.5408805]}},
{"type":"Feature","properties":{"fid":393},"geometry":{"type":"Point","coordinates":[88.3313333,22.540342]}},
{"type":"Feature","properties":{"fid":394},"geometry":{"type":"Point","coordinates":[88.3319234,22.5406748]}},
{"type":"Feature","properties":{"fid":395},"geometry":{"type":"Point","coordinates":[88.3316643,22.5401998]}},
{"type":"Feature","properties":{"fid":396},"geometry":{"type":"Point","coordinates":[88.3303581,22.5409817]}},
{"type":"Feature","properties":{"fid":397},"geometry":{"type":"Point","coordinates":[88.3303022,22.5406606]}},
{"type":"Feature","properties":{"fid":398},"geometry":{"type":"Point","coordinates":[88.3325215,22.5402958]}},
{"type":"Feature","properties":{"fid":399},"geometry":{"type":"Point","coordinates":[88.3322326,22.5398779]}},
{"type":"Feature","properties":{"fid":400},"geometry":{"type":"Point","coordinates":[88.3328634,22.5397983]}},
{"type":"Feature","properties":{"fid":401},"geometry":{"type":"Point","coordinates":[88.3326766,22.5396109]}},
{"type":"Feature","properties":{"fid":402},"geometry":{"type":"Point","coordinates":[88.3313978,22.5409251]}},
{"type":"Feature","properties":{"fid":403},"geometry":{"type":"Point","coordinates":[88.3311642,22.5404061]}},
{"type":"Feature","properties":{"fid":404},"geometry":{"type":"Point","coordinates":[88.3274871,22.5420521]}},
{"type":"Feature","properties":{"fid":405},"geometry":{"type":"Point","coordinates":[88.327876,22.5409979]}},
{"type":"Feature","properties":{"fid":406},"geometry":{"type":"Point","coordinates":[88.3281818,22.5412892]}},
{"type":"Feature","properties":{"fid":407},"geometry":{"type":"Point","coordinates":[88.3283214,22.5412847]}},
{"type":"Feature","properties":{"fid":408},"geometry":{"type":"Point","coordinates":[88.3274963,22.5412826]}},
{"type":"Feature","properties":{"fid":409},"geometry":{"type":"Point","coordinates":[88.327497,22.5415455]}},
{"type":"Feature","properties":{"fid":410},"geometry":{"type":"Point","coordinates":[88.3273171,22.5396663]}},
{"type":"Feature","properties":{"fid":411},"geometry":{"type":"Point","coordinates":[88.3265288,22.5415376]}},
{"type":"Feature","properties":{"fid":412},"geometry":{"type":"Point","coordinates":[88.3273208,22.5420521]}},
{"type":"Feature","properties":{"fid":413},"geometry":{"type":"Point","coordinates":[88.3266743,22.5412124]}},
{"type":"Feature","properties":{"fid":414},"geometry":{"type":"Point","coordinates":[88.3271437,22.5407616]}},
{"type":"Feature","properties":{"fid":415},"geometry":{"type":"Point","coordinates":[88.3282703,22.5406253]}},
{"type":"Feature","properties":{"fid":416},"geometry":{"type":"Point","coordinates":[88.3273039,22.5407781]}},
{"type":"Feature","properties":{"fid":417},"geometry":{"type":"Point","coordinates":[88.3291903,22.5391365]}},
{"type":"Feature","properties":{"fid":418},"geometry":{"type":"Point","coordinates":[88.3274259,22.5391158]}},
{"type":"Feature","properties":{"fid":419},"geometry":{"type":"Point","coordinates":[88.3273074,22.5404735]}},
{"type":"Feature","properties":{"fid":420},"geometry":{"type":"Point","coordinates":[88.3269717,22.5403739]}},
{"type":"Feature","properties":{"fid":421},"geometry":{"type":"Point","coordinates":[88.3294799,22.5392232]}},
{"type":"Feature","properties":{"fid":422},"geometry":{"type":"Point","coordinates":[88.3294801,22.5393421]}},
{"type":"Feature","properties":{"fid":423},"geometry":{"type":"Point","coordinates":[88.3289676,22.5387971]}},
{"type":"Feature","properties":{"fid":424},"geometry":{"type":"Point","coordinates":[88.3292244,22.5388483]}},
{"type":"Feature","properties":{"fid":425},"geometry":{"type":"Point","coordinates":[88.327074,22.5414205]}},
{"type":"Feature","properties":{"fid":426},"geometry":{"type":"Point","coordinates":[88.3267463,22.5416821]}},
{"type":"Feature","properties":{"fid":427},"geometry":{"type":"Point","coordinates":[88.3297884,22.5393421]}},
{"type":"Feature","properties":{"fid":428},"geometry":{"type":"Point","coordinates":[88.3291447,22.5371025]}},
{"type":"Feature","properties":{"fid":429},"geometry":{"type":"Point","coordinates":[88.3275865,22.5415422]}},
{"type":"Feature","properties":{"fid":430},"geometry":{"type":"Point","coordinates":[88.3275912,22.5410402]}},
{"type":"Feature","properties":{"fid":431},"geometry":{"type":"Point","coordinates":[88.327817,22.5418293]}},
{"type":"Feature","properties":{"fid":432},"geometry":{"type":"Point","coordinates":[88.3273155,22.5418236]}},
{"type":"Feature","properties":{"fid":433},"geometry":{"type":"Point","coordinates":[88.326838,22.540769]}},
{"type":"Feature","properties":{"fid":434},"geometry":{"type":"Point","coordinates":[88.3273043,22.5407534]}},
{"type":"Feature","properties":{"fid":435},"geometry":{"type":"Point","coordinates":[88.3274691,22.5379143]}},
{"type":"Feature","properties":{"fid":436},"geometry":{"type":"Point","coordinates":[88.3280752,22.5379144]}},
{"type":"Feature","properties":{"fid":437},"geometry":{"type":"Point","coordinates":[88.3280664,22.5384552]}},
{"type":"Feature","properties":{"fid":438},"geometry":{"type":"Point","coordinates":[88.3280315,22.5403429]}},
{"type":"Feature","properties":{"fid":439},"geometry":{"type":"Point","coordinates":[88.3289088,22.5371025]}},
{"type":"Feature","properties":{"fid":440},"geometry":{"type":"Point","coordinates":[88.3290905,22.5384278]}},
{"type":"Feature","properties":{"fid":441},"geometry":{"type":"Point","coordinates":[88.3313148,22.5345605]}},
{"type":"Feature","properties":{"fid":442},"geometry":{"type":"Point","coordinates":[88.3290752,22.535188]}},
{"type":"Feature","properties":{"fid":443},"geometry":{"type":"Point","coordinates":[88.3290561,22.5366614]}},
{"type":"Feature","properties":{"fid":444},"geometry":{"type":"Point","coordinates":[88.3294559,22.5358532]}},
{"type":"Feature","properties":{"fid":445},"geometry":{"type":"Point","coordinates":[88.3298554,22.5344889]}},
{"type":"Feature","properties":{"fid":446},"geometry":{"type":"Point","coordinates":[88.3297374,22.5349695]}},
{"type":"Feature","properties":{"fid":447},"geometry":{"type":"Point","coordinates":[88.3291102,22.5346761]}},
{"type":"Feature","properties":{"fid":448},"geometry":{"type":"Point","coordinates":[88.3301344,22.5354873]}},
{"type":"Feature","properties":{"fid":449},"geometry":{"type":"Point","coordinates":[88.3300856,22.5360919]}},
{"type":"Feature","properties":{"fid":450},"geometry":{"type":"Point","coordinates":[88.328009,22.5348473]}},
{"type":"Feature","properties":{"fid":451},"geometry":{"type":"Point","coordinates":[88.3290983,22.53485]}},
{"type":"Feature","properties":{"fid":452},"geometry":{"type":"Point","coordinates":[88.3274586,22.5352093]}},
{"type":"Feature","properties":{"fid":453},"geometry":{"type":"Point","coordinates":[88.3294531,22.5362132]}},
{"type":"Feature","properties":{"fid":454},"geometry":{"type":"Point","coordinates":[88.3295015,22.5352347]}},
{"type":"Feature","properties":{"fid":455},"geometry":{"type":"Point","coordinates":[88.3294543,22.5360564]}},
{"type":"Feature","properties":{"fid":456},"geometry":{"type":"Point","coordinates":[88.3304296,22.5354965]}},
{"type":"Feature","properties":{"fid":457},"geometry":{"type":"Point","coordinates":[88.329818,22.5360867]}},
{"type":"Feature","properties":{"fid":458},"geometry":{"type":"Point","coordinates":[88.3304241,22.5362429]}},
{"type":"Feature","properties":{"fid":459},"geometry":{"type":"Point","coordinates":[88.3300218,22.5360849]}},
{"type":"Feature","properties":{"fid":460},"geometry":{"type":"Point","coordinates":[88.3304884,22.5330681]}},
{"type":"Feature","properties":{"fid":461},"geometry":{"type":"Point","coordinates":[88.330918,22.5349447]}},
{"type":"Feature","properties":{"fid":462},"geometry":{"type":"Point","coordinates":[88.3277312,22.5344889]}},
{"type":"Feature","properties":{"fid":463},"geometry":{"type":"Point","coordinates":[88.3279992,22.5344861]}},
{"type":"Feature","properties":{"fid":464},"geometry":{"type":"Point","coordinates":[88.3284607,22.5366688]}},
{"type":"Feature","properties":{"fid":465},"geometry":{"type":"Point","coordinates":[88.3285366,22.5351875]}},
{"type":"Feature","properties":{"fid":466},"geometry":{"type":"Point","coordinates":[88.3277259,22.535554]}},
{"type":"Feature","properties":{"fid":467},"geometry":{"type":"Point","coordinates":[88.3285314,22.5355737]}},
{"type":"Feature","properties":{"fid":468},"geometry":{"type":"Point","coordinates":[88.3280237,22.5351789]}},
{"type":"Feature","properties":{"fid":469},"geometry":{"type":"Point","coordinates":[88.328123,22.5332484]}},
{"type":"Feature","properties":{"fid":470},"geometry":{"type":"Point","coordinates":[88.3280557,22.5365227]}},
{"type":"Feature","properties":{"fid":471},"geometry":{"type":"Point","coordinates":[88.3280345,22.5367282]}},
{"type":"Feature","properties":{"fid":472},"geometry":{"type":"Point","coordinates":[88.3275703,22.5341247]}},
{"type":"Feature","properties":{"fid":473},"geometry":{"type":"Point","coordinates":[88.3279921,22.534221]}},
{"type":"Feature","properties":{"fid":474},"geometry":{"type":"Point","coordinates":[88.3280476,22.5366267]}},
{"type":"Feature","properties":{"fid":475},"geometry":{"type":"Point","coordinates":[88.3284678,22.5365747]}},
{"type":"Feature","properties":{"fid":476},"geometry":{"type":"Point","coordinates":[88.3277125,22.5359108]}},
{"type":"Feature","properties":{"fid":477},"geometry":{"type":"Point","coordinates":[88.3285126,22.535928]}},
{"type":"Feature","properties":{"fid":478},"geometry":{"type":"Point","coordinates":[88.3306976,22.5360445]}},
{"type":"Feature","properties":{"fid":479},"geometry":{"type":"Point","coordinates":[88.3308693,22.5349918]}},
{"type":"Feature","properties":{"fid":480},"geometry":{"type":"Point","coordinates":[88.3298426,22.5340923]}},
{"type":"Feature","properties":{"fid":481},"geometry":{"type":"Point","coordinates":[88.3295094,22.5340355]}},
{"type":"Feature","properties":{"fid":482},"geometry":{"type":"Point","coordinates":[88.3285605,22.5363864]}},
{"type":"Feature","properties":{"fid":483},"geometry":{"type":"Point","coordinates":[88.3291105,22.5364406]}},
{"type":"Feature","properties":{"fid":484},"geometry":{"type":"Point","coordinates":[88.3274817,22.5427781]}},
{"type":"Feature","properties":{"fid":485},"geometry":{"type":"Point","coordinates":[88.3269535,22.5425066]}},
{"type":"Feature","properties":{"fid":486},"geometry":{"type":"Point","coordinates":[88.3270659,22.5432809]}},
{"type":"Feature","properties":{"fid":487},"geometry":{"type":"Point","coordinates":[88.3268022,22.542841]}},
{"type":"Feature","properties":{"fid":488},"geometry":{"type":"Point","coordinates":[88.3268299,22.5437392]}},
{"type":"Feature","properties":{"fid":489},"geometry":{"type":"Point","coordinates":[88.3264623,22.5435422]}},
{"type":"Feature","properties":{"fid":490},"geometry":{"type":"Point","coordinates":[88.3233727,22.5483542]}},
{"type":"Feature","properties":{"fid":491},"geometry":{"type":"Point","coordinates":[88.3270514,22.5422893]}},
{"type":"Feature","properties":{"fid":492},"geometry":{"type":"Point","coordinates":[88.3215863,22.5459612]}},
{"type":"Feature","properties":{"fid":493},"geometry":{"type":"Point","coordinates":[88.3265812,22.5417973]}},
{"type":"Feature","properties":{"fid":494},"geometry":{"type":"Point","coordinates":[88.3167965,22.545157]}},
{"type":"Feature","properties":{"fid":495},"geometry":{"type":"Point","coordinates":[88.3177503,22.5449338]}},
{"type":"Feature","properties":{"fid":496},"geometry":{"type":"Point","coordinates":[88.3258053,22.5445962]}},
{"type":"Feature","properties":{"fid":497},"geometry":{"type":"Point","coordinates":[88.325926,22.5432562]}},
{"type":"Feature","properties":{"fid":498},"geometry":{"type":"Point","coordinates":[88.3247807,22.5440638]}},
{"type":"Feature","properties":{"fid":499},"geometry":{"type":"Point","coordinates":[88.3243143,22.543597]}},
{"type":"Feature","properties":{"fid":500},"geometry":{"type":"Point","coordinates":[88.3257034,22.5440613]}},
{"type":"Feature","properties":{"fid":501},"geometry":{"type":"Point","coordinates":[88.3254666,22.5439194]}},
{"type":"Feature","properties":{"fid":502},"geometry":{"type":"Point","coordinates":[88.3234289,22.5461818]}},
{"type":"Feature","properties":{"fid":503},"geometry":{"type":"Point","coordinates":[88.324977,22.5443036]}},
{"type":"Feature","properties":{"fid":504},"geometry":{"type":"Point","coordinates":[88.3231751,22.5445638]}},
{"type":"Feature","properties":{"fid":505},"geometry":{"type":"Point","coordinates":[88.3226346,22.5455625]}},
{"type":"Feature","properties":{"fid":506},"geometry":{"type":"Point","coordinates":[88.3250248,22.5438532]}},
{"type":"Feature","properties":{"fid":507},"geometry":{"type":"Point","coordinates":[88.3245512,22.5433975]}},
{"type":"Feature","properties":{"fid":508},"geometry":{"type":"Point","coordinates":[88.3231583,22.5449555]}},
{"type":"Feature","properties":{"fid":509},"geometry":{"type":"Point","coordinates":[88.3229617,22.5447486]}},
{"type":"Feature","properties":{"fid":510},"geometry":{"type":"Point","coordinates":[88.3236238,22.5441761]}},
{"type":"Feature","properties":{"fid":511},"geometry":{"type":"Point","coordinates":[88.3245359,22.5449593]}},
{"type":"Feature","properties":{"fid":512},"geometry":{"type":"Point","coordinates":[88.3254956,22.5433598]}},
{"type":"Feature","properties":{"fid":513},"geometry":{"type":"Point","coordinates":[88.3253171,22.5435361]}},
{"type":"Feature","properties":{"fid":514},"geometry":{"type":"Point","coordinates":[88.3260065,22.5436724]}},
{"type":"Feature","properties":{"fid":515},"geometry":{"type":"Point","coordinates":[88.3257619,22.5434979]}},
{"type":"Feature","properties":{"fid":516},"geometry":{"type":"Point","coordinates":[88.3252554,22.5436402]}},
{"type":"Feature","properties":{"fid":517},"geometry":{"type":"Point","coordinates":[88.3248821,22.5431085]}},
{"type":"Feature","properties":{"fid":518},"geometry":{"type":"Point","coordinates":[88.3252211,22.5434417]}},
{"type":"Feature","properties":{"fid":519},"geometry":{"type":"Point","coordinates":[88.3255869,22.5429451]}},
{"type":"Feature","properties":{"fid":520},"geometry":{"type":"Point","coordinates":[88.3255395,22.5432621]}},
{"type":"Feature","properties":{"fid":521},"geometry":{"type":"Point","coordinates":[88.3257295,22.543076]}},
{"type":"Feature","properties":{"fid":522},"geometry":{"type":"Point","coordinates":[88.3243435,22.5442793]}},
{"type":"Feature","properties":{"fid":523},"geometry":{"type":"Point","coordinates":[88.3241163,22.5437638]}},
{"type":"Feature","properties":{"fid":524},"geometry":{"type":"Point","coordinates":[88.3253154,22.5427161]}},
{"type":"Feature","properties":{"fid":525},"geometry":{"type":"Point","coordinates":[88.326428,22.5436134]}},
{"type":"Feature","properties":{"fid":526},"geometry":{"type":"Point","coordinates":[88.3239036,22.5448515]}},
{"type":"Feature","properties":{"fid":527},"geometry":{"type":"Point","coordinates":[88.3237656,22.5443176]}},
{"type":"Feature","properties":{"fid":528},"geometry":{"type":"Point","coordinates":[88.3267146,22.5421858]}},
{"type":"Feature","properties":{"fid":529},"geometry":{"type":"Point","coordinates":[88.3266878,22.5425799]}},
{"type":"Feature","properties":{"fid":530},"geometry":{"type":"Point","coordinates":[88.3264518,22.5423445]}},
{"type":"Feature","properties":{"fid":531},"geometry":{"type":"Point","coordinates":[88.3259979,22.5421361]}},
{"type":"Feature","properties":{"fid":532},"geometry":{"type":"Point","coordinates":[88.3261835,22.5429514]}},
{"type":"Feature","properties":{"fid":533},"geometry":{"type":"Point","coordinates":[88.3259084,22.5432401]}},
{"type":"Feature","properties":{"fid":534},"geometry":{"type":"Point","coordinates":[88.3260199,22.5425848]}},
{"type":"Feature","properties":{"fid":535},"geometry":{"type":"Point","coordinates":[88.3262351,22.5424059]}},
{"type":"Feature","properties":{"fid":536},"geometry":{"type":"Point","coordinates":[88.3256676,22.5430191]}},
{"type":"Feature","properties":{"fid":537},"geometry":{"type":"Point","coordinates":[88.3269074,22.5426089]}},
{"type":"Feature","properties":{"fid":538},"geometry":{"type":"Point","coordinates":[88.3265242,22.5424436]}},
{"type":"Feature","properties":{"fid":539},"geometry":{"type":"Point","coordinates":[88.326374,22.5430035]}},
{"type":"Feature","properties":{"fid":540},"geometry":{"type":"Point","coordinates":[88.3260717,22.5433599]}},
{"type":"Feature","properties":{"fid":541},"geometry":{"type":"Point","coordinates":[88.3266556,22.5425806]}},
{"type":"Feature","properties":{"fid":542},"geometry":{"type":"Point","coordinates":[88.3267383,22.5429819]}},
{"type":"Feature","properties":{"fid":543},"geometry":{"type":"Point","coordinates":[88.3186198,22.5431744]}},
{"type":"Feature","properties":{"fid":544},"geometry":{"type":"Point","coordinates":[88.3160107,22.5383973]}},
{"type":"Feature","properties":{"fid":545},"geometry":{"type":"Point","coordinates":[88.3162434,22.5394411]}},
{"type":"Feature","properties":{"fid":546},"geometry":{"type":"Point","coordinates":[88.3164088,22.5402366]}},
{"type":"Feature","properties":{"fid":547},"geometry":{"type":"Point","coordinates":[88.3158544,22.5405682]}},
{"type":"Feature","properties":{"fid":548},"geometry":{"type":"Point","coordinates":[88.3164441,22.5402982]}},
{"type":"Feature","properties":{"fid":549},"geometry":{"type":"Point","coordinates":[88.3175817,22.543531]}},
{"type":"Feature","properties":{"fid":550},"geometry":{"type":"Point","coordinates":[88.3181232,22.543288]}},
{"type":"Feature","properties":{"fid":551},"geometry":{"type":"Point","coordinates":[88.3170131,22.5425104]}},
{"type":"Feature","properties":{"fid":552},"geometry":{"type":"Point","coordinates":[88.3175681,22.5422438]}},
{"type":"Feature","properties":{"fid":553},"geometry":{"type":"Point","coordinates":[88.3202731,22.5453187]}},
{"type":"Feature","properties":{"fid":554},"geometry":{"type":"Point","coordinates":[88.3197952,22.5427935]}},
{"type":"Feature","properties":{"fid":555},"geometry":{"type":"Point","coordinates":[88.3178743,22.5445816]}},
{"type":"Feature","properties":{"fid":556},"geometry":{"type":"Point","coordinates":[88.3181181,22.5431941]}},
{"type":"Feature","properties":{"fid":557},"geometry":{"type":"Point","coordinates":[88.3178124,22.542275]}},
{"type":"Feature","properties":{"fid":558},"geometry":{"type":"Point","coordinates":[88.3166768,22.5407049]}},
{"type":"Feature","properties":{"fid":559},"geometry":{"type":"Point","coordinates":[88.3165303,22.5415244]}},
{"type":"Feature","properties":{"fid":560},"geometry":{"type":"Point","coordinates":[88.317007,22.541282]}},
{"type":"Feature","properties":{"fid":561},"geometry":{"type":"Point","coordinates":[88.3178898,22.5387675]}},
{"type":"Feature","properties":{"fid":562},"geometry":{"type":"Point","coordinates":[88.3148273,22.5386311]}},
{"type":"Feature","properties":{"fid":563},"geometry":{"type":"Point","coordinates":[88.3158429,22.539035]}},
{"type":"Feature","properties":{"fid":564},"geometry":{"type":"Point","coordinates":[88.3198891,22.5387376]}},
{"type":"Feature","properties":{"fid":565},"geometry":{"type":"Point","coordinates":[88.3208862,22.5411181]}},
{"type":"Feature","properties":{"fid":566},"geometry":{"type":"Point","coordinates":[88.3194836,22.5368029]}},
{"type":"Feature","properties":{"fid":567},"geometry":{"type":"Point","coordinates":[88.3134912,22.5443401]}},
{"type":"Feature","properties":{"fid":568},"geometry":{"type":"Point","coordinates":[88.3113497,22.5381029]}},
{"type":"Feature","properties":{"fid":569},"geometry":{"type":"Point","coordinates":[88.312214,22.5381427]}},
{"type":"Feature","properties":{"fid":570},"geometry":{"type":"Point","coordinates":[88.314705,22.544817]}},
{"type":"Feature","properties":{"fid":571},"geometry":{"type":"Point","coordinates":[88.3225384,22.5435163]}},
{"type":"Feature","properties":{"fid":572},"geometry":{"type":"Point","coordinates":[88.3234313,22.544342]}},
{"type":"Feature","properties":{"fid":573},"geometry":{"type":"Point","coordinates":[88.3224739,22.5448343]}},
{"type":"Feature","properties":{"fid":574},"geometry":{"type":"Point","coordinates":[88.3225511,22.5451019]}},
{"type":"Feature","properties":{"fid":575},"geometry":{"type":"Point","coordinates":[88.3231956,22.5440141]}},
{"type":"Feature","properties":{"fid":576},"geometry":{"type":"Point","coordinates":[88.3234971,22.5439231]}},
{"type":"Feature","properties":{"fid":577},"geometry":{"type":"Point","coordinates":[88.3224719,22.5439976]}},
{"type":"Feature","properties":{"fid":578},"geometry":{"type":"Point","coordinates":[88.3229426,22.5447651]}},
{"type":"Feature","properties":{"fid":579},"geometry":{"type":"Point","coordinates":[88.324153,22.5437329]}},
{"type":"Feature","properties":{"fid":580},"geometry":{"type":"Point","coordinates":[88.3227414,22.5435566]}},
{"type":"Feature","properties":{"fid":581},"geometry":{"type":"Point","coordinates":[88.3219863,22.5434408]}},
{"type":"Feature","properties":{"fid":582},"geometry":{"type":"Point","coordinates":[88.3220719,22.5437118]}},
{"type":"Feature","properties":{"fid":583},"geometry":{"type":"Point","coordinates":[88.3218303,22.5440985]}},
{"type":"Feature","properties":{"fid":584},"geometry":{"type":"Point","coordinates":[88.3217418,22.5437665]}},
{"type":"Feature","properties":{"fid":585},"geometry":{"type":"Point","coordinates":[88.3218688,22.5436921]}},
{"type":"Feature","properties":{"fid":586},"geometry":{"type":"Point","coordinates":[88.321806,22.5434829]}},
{"type":"Feature","properties":{"fid":587},"geometry":{"type":"Point","coordinates":[88.3237053,22.543474]}},
{"type":"Feature","properties":{"fid":588},"geometry":{"type":"Point","coordinates":[88.3239127,22.5439344]}},
{"type":"Feature","properties":{"fid":589},"geometry":{"type":"Point","coordinates":[88.3231205,22.5446111]}},
{"type":"Feature","properties":{"fid":590},"geometry":{"type":"Point","coordinates":[88.3228705,22.543939]}},
{"type":"Feature","properties":{"fid":591},"geometry":{"type":"Point","coordinates":[88.3222695,22.5444101]}},
{"type":"Feature","properties":{"fid":592},"geometry":{"type":"Point","coordinates":[88.32259,22.5442767]}},
{"type":"Feature","properties":{"fid":593},"geometry":{"type":"Point","coordinates":[88.3227825,22.5428202]}},
{"type":"Feature","properties":{"fid":594},"geometry":{"type":"Point","coordinates":[88.3228415,22.5432711]}},
{"type":"Feature","properties":{"fid":595},"geometry":{"type":"Point","coordinates":[88.3233189,22.5435585]}},
{"type":"Feature","properties":{"fid":596},"geometry":{"type":"Point","coordinates":[88.3231186,22.5427489]}},
{"type":"Feature","properties":{"fid":597},"geometry":{"type":"Point","coordinates":[88.3221098,22.5434114]}},
{"type":"Feature","properties":{"fid":598},"geometry":{"type":"Point","coordinates":[88.3215734,22.5430845]}},
{"type":"Feature","properties":{"fid":599},"geometry":{"type":"Point","coordinates":[88.3226029,22.5435255]}},
{"type":"Feature","properties":{"fid":600},"geometry":{"type":"Point","coordinates":[88.3228081,22.5440389]}},
{"type":"Feature","properties":{"fid":601},"geometry":{"type":"Point","coordinates":[88.3225408,22.5441613]}},
{"type":"Feature","properties":{"fid":602},"geometry":{"type":"Point","coordinates":[88.3229492,22.5437258]}},
{"type":"Feature","properties":{"fid":603},"geometry":{"type":"Point","coordinates":[88.3243359,22.5430633]}},
{"type":"Feature","properties":{"fid":604},"geometry":{"type":"Point","coordinates":[88.3238795,22.54366]}},
{"type":"Feature","properties":{"fid":605},"geometry":{"type":"Point","coordinates":[88.3236734,22.5441346]}},
{"type":"Feature","properties":{"fid":606},"geometry":{"type":"Point","coordinates":[88.3216928,22.5450257]}},
{"type":"Feature","properties":{"fid":607},"geometry":{"type":"Point","coordinates":[88.3215962,22.544628]}},
{"type":"Feature","properties":{"fid":608},"geometry":{"type":"Point","coordinates":[88.3221206,22.5432653]}},
{"type":"Feature","properties":{"fid":609},"geometry":{"type":"Point","coordinates":[88.3240861,22.5425329]}},
{"type":"Feature","properties":{"fid":610},"geometry":{"type":"Point","coordinates":[88.3213371,22.5431498]}},
{"type":"Feature","properties":{"fid":611},"geometry":{"type":"Point","coordinates":[88.3237191,22.5405056]}},
{"type":"Feature","properties":{"fid":612},"geometry":{"type":"Point","coordinates":[88.3217042,22.5440836]}},
{"type":"Feature","properties":{"fid":613},"geometry":{"type":"Point","coordinates":[88.3216298,22.5437958]}},
{"type":"Feature","properties":{"fid":614},"geometry":{"type":"Point","coordinates":[88.3236506,22.5426306]}},
{"type":"Feature","properties":{"fid":615},"geometry":{"type":"Point","coordinates":[88.3238259,22.5432785]}},
{"type":"Feature","properties":{"fid":616},"geometry":{"type":"Point","coordinates":[88.3230824,22.5433111]}},
{"type":"Feature","properties":{"fid":617},"geometry":{"type":"Point","coordinates":[88.3231469,22.5436419]}},
{"type":"Feature","properties":{"fid":618},"geometry":{"type":"Point","coordinates":[88.3221356,22.5437036]}},
{"type":"Feature","properties":{"fid":619},"geometry":{"type":"Point","coordinates":[88.321419,22.5438319]}},
{"type":"Feature","properties":{"fid":620},"geometry":{"type":"Point","coordinates":[88.3239305,22.5434296]}},
{"type":"Feature","properties":{"fid":621},"geometry":{"type":"Point","coordinates":[88.3239605,22.5432306]}},
{"type":"Feature","properties":{"fid":622},"geometry":{"type":"Point","coordinates":[88.3210337,22.5428425]}},
{"type":"Feature","properties":{"fid":623},"geometry":{"type":"Point","coordinates":[88.3208543,22.5432218]}},
{"type":"Feature","properties":{"fid":624},"geometry":{"type":"Point","coordinates":[88.3205107,22.5445295]}},
{"type":"Feature","properties":{"fid":625},"geometry":{"type":"Point","coordinates":[88.3215272,22.5443883]}},
{"type":"Feature","properties":{"fid":626},"geometry":{"type":"Point","coordinates":[88.3201114,22.5445807]}},
{"type":"Feature","properties":{"fid":627},"geometry":{"type":"Point","coordinates":[88.3202155,22.5450382]}},
{"type":"Feature","properties":{"fid":628},"geometry":{"type":"Point","coordinates":[88.3217913,22.5454054]}},
{"type":"Feature","properties":{"fid":629},"geometry":{"type":"Point","coordinates":[88.3216123,22.5446944]}},
{"type":"Feature","properties":{"fid":630},"geometry":{"type":"Point","coordinates":[88.3211456,22.5451079]}},
{"type":"Feature","properties":{"fid":631},"geometry":{"type":"Point","coordinates":[88.3205116,22.5432726]}},
{"type":"Feature","properties":{"fid":632},"geometry":{"type":"Point","coordinates":[88.3202749,22.5426828]}},
{"type":"Feature","properties":{"fid":633},"geometry":{"type":"Point","coordinates":[88.3204969,22.5426328]}},
{"type":"Feature","properties":{"fid":634},"geometry":{"type":"Point","coordinates":[88.3205609,22.5432661]}},
{"type":"Feature","properties":{"fid":635},"geometry":{"type":"Point","coordinates":[88.3210793,22.5446361]}},
{"type":"Feature","properties":{"fid":636},"geometry":{"type":"Point","coordinates":[88.3208274,22.5444903]}},
{"type":"Feature","properties":{"fid":637},"geometry":{"type":"Point","coordinates":[88.3199133,22.5438952]}},
{"type":"Feature","properties":{"fid":638},"geometry":{"type":"Point","coordinates":[88.320387,22.5438706]}},
{"type":"Feature","properties":{"fid":639},"geometry":{"type":"Point","coordinates":[88.3211547,22.5451332]}},
{"type":"Feature","properties":{"fid":640},"geometry":{"type":"Point","coordinates":[88.3205461,22.5449996]}},
{"type":"Feature","properties":{"fid":641},"geometry":{"type":"Point","coordinates":[88.3198624,22.5431366]}},
{"type":"Feature","properties":{"fid":642},"geometry":{"type":"Point","coordinates":[88.32037,22.5432935]}},
{"type":"Feature","properties":{"fid":643},"geometry":{"type":"Point","coordinates":[88.3201888,22.5449084]}},
{"type":"Feature","properties":{"fid":644},"geometry":{"type":"Point","coordinates":[88.3192673,22.5436523]}},
{"type":"Feature","properties":{"fid":645},"geometry":{"type":"Point","coordinates":[88.3195745,22.54358]}},
{"type":"Feature","properties":{"fid":646},"geometry":{"type":"Point","coordinates":[88.3191138,22.5443454]}},
{"type":"Feature","properties":{"fid":647},"geometry":{"type":"Point","coordinates":[88.3197141,22.544428]}},
{"type":"Feature","properties":{"fid":648},"geometry":{"type":"Point","coordinates":[88.3198433,22.5449201]}},
{"type":"Feature","properties":{"fid":649},"geometry":{"type":"Point","coordinates":[88.3200506,22.5443897]}},
{"type":"Feature","properties":{"fid":650},"geometry":{"type":"Point","coordinates":[88.3194413,22.5450756]}},
{"type":"Feature","properties":{"fid":651},"geometry":{"type":"Point","coordinates":[88.3201595,22.544776]}},
{"type":"Feature","properties":{"fid":652},"geometry":{"type":"Point","coordinates":[88.3194473,22.5445106]}},
{"type":"Feature","properties":{"fid":653},"geometry":{"type":"Point","coordinates":[88.3191152,22.5440898]}},
{"type":"Feature","properties":{"fid":654},"geometry":{"type":"Point","coordinates":[88.3195209,22.5433974]}},
{"type":"Feature","properties":{"fid":655},"geometry":{"type":"Point","coordinates":[88.3194354,22.5428773]}},
{"type":"Feature","properties":{"fid":656},"geometry":{"type":"Point","coordinates":[88.3194163,22.5442546]}},
{"type":"Feature","properties":{"fid":657},"geometry":{"type":"Point","coordinates":[88.3194083,22.5440242]}},
{"type":"Feature","properties":{"fid":658},"geometry":{"type":"Point","coordinates":[88.3191244,22.5443426]}},
{"type":"Feature","properties":{"fid":659},"geometry":{"type":"Point","coordinates":[88.3192178,22.5446138]}},
{"type":"Feature","properties":{"fid":660},"geometry":{"type":"Point","coordinates":[88.3196094,22.5446658]}},
{"type":"Feature","properties":{"fid":661},"geometry":{"type":"Point","coordinates":[88.3191428,22.5449183]}},
{"type":"Feature","properties":{"fid":662},"geometry":{"type":"Point","coordinates":[88.3186015,22.5434485]}},
{"type":"Feature","properties":{"fid":663},"geometry":{"type":"Point","coordinates":[88.3192732,22.5433843]}},
{"type":"Feature","properties":{"fid":664},"geometry":{"type":"Point","coordinates":[88.3193627,22.5439945]}},
{"type":"Feature","properties":{"fid":665},"geometry":{"type":"Point","coordinates":[88.318593,22.5437541]}},
{"type":"Feature","properties":{"fid":666},"geometry":{"type":"Point","coordinates":[88.3197377,22.5446192]}},
{"type":"Feature","properties":{"fid":667},"geometry":{"type":"Point","coordinates":[88.3195478,22.5450203]}},
{"type":"Feature","properties":{"fid":668},"geometry":{"type":"Point","coordinates":[88.3186118,22.5442]}},
{"type":"Feature","properties":{"fid":669},"geometry":{"type":"Point","coordinates":[88.3199074,22.543888]}},
{"type":"Feature","properties":{"fid":670},"geometry":{"type":"Point","coordinates":[88.3199616,22.5441004]}},
{"type":"Feature","properties":{"fid":671},"geometry":{"type":"Point","coordinates":[88.3192101,22.542907]}},
{"type":"Feature","properties":{"fid":672},"geometry":{"type":"Point","coordinates":[88.3195934,22.5436813]}},
{"type":"Feature","properties":{"fid":673},"geometry":{"type":"Point","coordinates":[88.3192564,22.5432575]}},
{"type":"Feature","properties":{"fid":674},"geometry":{"type":"Point","coordinates":[88.3194991,22.5432658]}},
{"type":"Feature","properties":{"fid":675},"geometry":{"type":"Point","coordinates":[88.3122416,22.5398871]}},
{"type":"Feature","properties":{"fid":676},"geometry":{"type":"Point","coordinates":[88.312352,22.53929]}},
{"type":"Feature","properties":{"fid":677},"geometry":{"type":"Point","coordinates":[88.3121289,22.5391563]}},
{"type":"Feature","properties":{"fid":678},"geometry":{"type":"Point","coordinates":[88.3122104,22.5387529]}},
{"type":"Feature","properties":{"fid":679},"geometry":{"type":"Point","coordinates":[88.3136305,22.541923]}},
{"type":"Feature","properties":{"fid":680},"geometry":{"type":"Point","coordinates":[88.3148056,22.5445523]}},
{"type":"Feature","properties":{"fid":681},"geometry":{"type":"Point","coordinates":[88.3150457,22.5430479]}},
{"type":"Feature","properties":{"fid":682},"geometry":{"type":"Point","coordinates":[88.3143993,22.5433479]}},
{"type":"Feature","properties":{"fid":683},"geometry":{"type":"Point","coordinates":[88.3138787,22.5423818]}},
{"type":"Feature","properties":{"fid":684},"geometry":{"type":"Point","coordinates":[88.3144678,22.542082]}},
{"type":"Feature","properties":{"fid":685},"geometry":{"type":"Point","coordinates":[88.3133628,22.5413909]}},
{"type":"Feature","properties":{"fid":686},"geometry":{"type":"Point","coordinates":[88.3139245,22.5411603]}},
{"type":"Feature","properties":{"fid":687},"geometry":{"type":"Point","coordinates":[88.3156885,22.5450018]}},
{"type":"Feature","properties":{"fid":688},"geometry":{"type":"Point","coordinates":[88.3156157,22.5440247]}},
{"type":"Feature","properties":{"fid":689},"geometry":{"type":"Point","coordinates":[88.3132615,22.5412238]}},
{"type":"Feature","properties":{"fid":690},"geometry":{"type":"Point","coordinates":[88.3138106,22.5409672]}},
{"type":"Feature","properties":{"fid":691},"geometry":{"type":"Point","coordinates":[88.3167611,22.5450496]}},
{"type":"Feature","properties":{"fid":692},"geometry":{"type":"Point","coordinates":[88.3124583,22.5395934]}},
{"type":"Feature","properties":{"fid":693},"geometry":{"type":"Point","coordinates":[88.3125312,22.5469274]}},
{"type":"Feature","properties":{"fid":694},"geometry":{"type":"Point","coordinates":[88.3140784,22.5445657]}},
{"type":"Feature","properties":{"fid":695},"geometry":{"type":"Point","coordinates":[88.3121986,22.5447896]}},
{"type":"Feature","properties":{"fid":696},"geometry":{"type":"Point","coordinates":[88.311695,22.5446844]}},
{"type":"Feature","properties":{"fid":697},"geometry":{"type":"Point","coordinates":[88.3124748,22.5443041]}},
{"type":"Feature","properties":{"fid":698},"geometry":{"type":"Point","coordinates":[88.3127979,22.5441095]}},
{"type":"Feature","properties":{"fid":699},"geometry":{"type":"Point","coordinates":[88.3136671,22.5444045]}},
{"type":"Feature","properties":{"fid":700},"geometry":{"type":"Point","coordinates":[88.3136228,22.5463304]}},
{"type":"Feature","properties":{"fid":701},"geometry":{"type":"Point","coordinates":[88.3218557,22.5407597]}},
{"type":"Feature","properties":{"fid":702},"geometry":{"type":"Point","coordinates":[88.321149,22.5389843]}},
{"type":"Feature","properties":{"fid":703},"geometry":{"type":"Point","coordinates":[88.3239679,22.5316636]}},
{"type":"Feature","properties":{"fid":704},"geometry":{"type":"Point","coordinates":[88.3242067,22.5320784]}},
{"type":"Feature","properties":{"fid":705},"geometry":{"type":"Point","coordinates":[88.3208735,22.5411093]}},
{"type":"Feature","properties":{"fid":706},"geometry":{"type":"Point","coordinates":[88.3249825,22.5406925]}},
{"type":"Feature","properties":{"fid":707},"geometry":{"type":"Point","coordinates":[88.3271482,22.5334321]}},
{"type":"Feature","properties":{"fid":708},"geometry":{"type":"Point","coordinates":[88.3191076,22.5353511]}},
{"type":"Feature","properties":{"fid":709},"geometry":{"type":"Point","coordinates":[88.3182285,22.5271709]}},
{"type":"Feature","properties":{"fid":710},"geometry":{"type":"Point","coordinates":[88.3219323,22.5271014]}},
{"type":"Feature","properties":{"fid":711},"geometry":{"type":"Point","coordinates":[88.3273869,22.5381127]}},
{"type":"Feature","properties":{"fid":712},"geometry":{"type":"Point","coordinates":[88.3238639,22.5398049]}},
{"type":"Feature","properties":{"fid":713},"geometry":{"type":"Point","coordinates":[88.3221782,22.5389325]}},
{"type":"Feature","properties":{"fid":714},"geometry":{"type":"Point","coordinates":[88.323327,22.5404297]}},
{"type":"Feature","properties":{"fid":715},"geometry":{"type":"Point","coordinates":[88.3185595,22.5254371]}},
{"type":"Feature","properties":{"fid":716},"geometry":{"type":"Point","coordinates":[88.3159035,22.5337355]}},
{"type":"Feature","properties":{"fid":717},"geometry":{"type":"Point","coordinates":[88.3269593,22.5318706]}},
{"type":"Feature","properties":{"fid":718},"geometry":{"type":"Point","coordinates":[88.3181005,22.5279088]}},
{"type":"Feature","properties":{"fid":719},"geometry":{"type":"Point","coordinates":[88.3267563,22.5308209]}},
{"type":"Feature","properties":{"fid":720},"geometry":{"type":"Point","coordinates":[88.3228388,22.5261076]}},
{"type":"Feature","properties":{"fid":721},"geometry":{"type":"Point","coordinates":[88.3218091,22.5262468]}},
{"type":"Feature","properties":{"fid":722},"geometry":{"type":"Point","coordinates":[88.3121988,22.5380789]}},
{"type":"Feature","properties":{"fid":723},"geometry":{"type":"Point","coordinates":[88.3112276,22.5287559]}},
{"type":"Feature","properties":{"fid":724},"geometry":{"type":"Point","coordinates":[88.3221367,22.529053]}},
{"type":"Feature","properties":{"fid":725},"geometry":{"type":"Point","coordinates":[88.3219953,22.5292443]}},
{"type":"Feature","properties":{"fid":726},"geometry":{"type":"Point","coordinates":[88.3219295,22.5292342]}},
{"type":"Feature","properties":{"fid":727},"geometry":{"type":"Point","coordinates":[88.3228826,22.5344521]}},
{"type":"Feature","properties":{"fid":728},"geometry":{"type":"Point","coordinates":[88.3216939,22.5255387]}},
{"type":"Feature","properties":{"fid":729},"geometry":{"type":"Point","coordinates":[88.3222326,22.5293011]}},
{"type":"Feature","properties":{"fid":730},"geometry":{"type":"Point","coordinates":[88.3315877,22.534043]}},
{"type":"Feature","properties":{"fid":731},"geometry":{"type":"Point","coordinates":[88.3314882,22.5339074]}},
{"type":"Feature","properties":{"fid":732},"geometry":{"type":"Point","coordinates":[88.3314694,22.5338603]}},
{"type":"Feature","properties":{"fid":733},"geometry":{"type":"Point","coordinates":[88.3314003,22.533694]}},
{"type":"Feature","properties":{"fid":734},"geometry":{"type":"Point","coordinates":[88.3312454,22.5379486]}},
{"type":"Feature","properties":{"fid":735},"geometry":{"type":"Point","coordinates":[88.3310925,22.537897]}},
{"type":"Feature","properties":{"fid":736},"geometry":{"type":"Point","coordinates":[88.3240481,22.5423603]}},
{"type":"Feature","properties":{"fid":737},"geometry":{"type":"Point","coordinates":[88.3252086,22.5428174]}},
{"type":"Feature","properties":{"fid":738},"geometry":{"type":"Point","coordinates":[88.3252773,22.5418495]}},
{"type":"Feature","properties":{"fid":739},"geometry":{"type":"Point","coordinates":[88.3258831,22.5415741]}},
{"type":"Feature","properties":{"fid":740},"geometry":{"type":"Point","coordinates":[88.3247753,22.542674]}},
{"type":"Feature","properties":{"fid":741},"geometry":{"type":"Point","coordinates":[88.324573,22.5427633]}},
{"type":"Feature","properties":{"fid":742},"geometry":{"type":"Point","coordinates":[88.3253622,22.5409439]}},
{"type":"Feature","properties":{"fid":743},"geometry":{"type":"Point","coordinates":[88.3238554,22.5412352]}},
{"type":"Feature","properties":{"fid":744},"geometry":{"type":"Point","coordinates":[88.3244017,22.541131]}},
{"type":"Feature","properties":{"fid":745},"geometry":{"type":"Point","coordinates":[88.3246056,22.5422366]}},
{"type":"Feature","properties":{"fid":746},"geometry":{"type":"Point","coordinates":[88.3259126,22.5416459]}},
{"type":"Feature","properties":{"fid":747},"geometry":{"type":"Point","coordinates":[88.325341,22.5420078]}},
{"type":"Feature","properties":{"fid":748},"geometry":{"type":"Point","coordinates":[88.3247914,22.5414734]}},
{"type":"Feature","properties":{"fid":749},"geometry":{"type":"Point","coordinates":[88.3248424,22.5421736]}},
{"type":"Feature","properties":{"fid":750},"geometry":{"type":"Point","coordinates":[88.3247297,22.543048]}},
{"type":"Feature","properties":{"fid":751},"geometry":{"type":"Point","coordinates":[88.3241267,22.5426251]}},
{"type":"Feature","properties":{"fid":752},"geometry":{"type":"Point","coordinates":[88.323968,22.5406698]}},
{"type":"Feature","properties":{"fid":753},"geometry":{"type":"Point","coordinates":[88.3240267,22.5409715]}},
{"type":"Feature","properties":{"fid":754},"geometry":{"type":"Point","coordinates":[88.3258274,22.5412751]}},
{"type":"Feature","properties":{"fid":755},"geometry":{"type":"Point","coordinates":[88.3251853,22.5416335]}},
{"type":"Feature","properties":{"fid":756},"geometry":{"type":"Point","coordinates":[88.325647,22.541693]}},
{"type":"Feature","properties":{"fid":757},"geometry":{"type":"Point","coordinates":[88.3255309,22.5415204]}},
{"type":"Feature","properties":{"fid":758},"geometry":{"type":"Point","coordinates":[88.3245011,22.5415876]}},
{"type":"Feature","properties":{"fid":759},"geometry":{"type":"Point","coordinates":[88.3239124,22.5416919]}},
{"type":"Feature","properties":{"fid":760},"geometry":{"type":"Point","coordinates":[88.3253117,22.5413115]}},
{"type":"Feature","properties":{"fid":761},"geometry":{"type":"Point","coordinates":[88.3251468,22.5413294]}},
{"type":"Feature","properties":{"fid":762},"geometry":{"type":"Point","coordinates":[88.3251535,22.5410374]}},
{"type":"Feature","properties":{"fid":763},"geometry":{"type":"Point","coordinates":[88.3256169,22.5424414]}},
{"type":"Feature","properties":{"fid":764},"geometry":{"type":"Point","coordinates":[88.325065,22.542077]}},
{"type":"Feature","properties":{"fid":765},"geometry":{"type":"Point","coordinates":[88.3247967,22.5415526]}},
{"type":"Feature","properties":{"fid":766},"geometry":{"type":"Point","coordinates":[88.3238162,22.540993]}},
{"type":"Feature","properties":{"fid":767},"geometry":{"type":"Point","coordinates":[88.3241577,22.5404989]}},
{"type":"Feature","properties":{"fid":768},"geometry":{"type":"Point","coordinates":[88.32224,22.5411291]}},
{"type":"Feature","properties":{"fid":769},"geometry":{"type":"Point","coordinates":[88.3220088,22.5417674]}},
{"type":"Feature","properties":{"fid":770},"geometry":{"type":"Point","coordinates":[88.3222557,22.5412528]}},
{"type":"Feature","properties":{"fid":771},"geometry":{"type":"Point","coordinates":[88.3219163,22.5412836]}},
{"type":"Feature","properties":{"fid":772},"geometry":{"type":"Point","coordinates":[88.3222868,22.5414834]}},
{"type":"Feature","properties":{"fid":773},"geometry":{"type":"Point","coordinates":[88.323048,22.5414007]}},
{"type":"Feature","properties":{"fid":774},"geometry":{"type":"Point","coordinates":[88.3228944,22.5404665]}},
{"type":"Feature","properties":{"fid":775},"geometry":{"type":"Point","coordinates":[88.3230017,22.5410486]}},
{"type":"Feature","properties":{"fid":776},"geometry":{"type":"Point","coordinates":[88.3230492,22.5418897]}},
{"type":"Feature","properties":{"fid":777},"geometry":{"type":"Point","coordinates":[88.3224766,22.541688]}},
{"type":"Feature","properties":{"fid":778},"geometry":{"type":"Point","coordinates":[88.3223533,22.5414774]}},
{"type":"Feature","properties":{"fid":779},"geometry":{"type":"Point","coordinates":[88.3219996,22.542235]}},
{"type":"Feature","properties":{"fid":780},"geometry":{"type":"Point","coordinates":[88.3221527,22.5429622]}},
{"type":"Feature","properties":{"fid":781},"geometry":{"type":"Point","coordinates":[88.3218932,22.5410753]}},
{"type":"Feature","properties":{"fid":782},"geometry":{"type":"Point","coordinates":[88.3215226,22.5415002]}},
{"type":"Feature","properties":{"fid":783},"geometry":{"type":"Point","coordinates":[88.3212754,22.5425752]}},
{"type":"Feature","properties":{"fid":784},"geometry":{"type":"Point","coordinates":[88.3227689,22.5416112]}},
{"type":"Feature","properties":{"fid":785},"geometry":{"type":"Point","coordinates":[88.3227905,22.5418887]}},
{"type":"Feature","properties":{"fid":786},"geometry":{"type":"Point","coordinates":[88.3217146,22.5414612]}},
{"type":"Feature","properties":{"fid":787},"geometry":{"type":"Point","coordinates":[88.3211276,22.5415344]}},
{"type":"Feature","properties":{"fid":788},"geometry":{"type":"Point","coordinates":[88.3224956,22.5419006]}},
{"type":"Feature","properties":{"fid":789},"geometry":{"type":"Point","coordinates":[88.3228191,22.5428124]}},
{"type":"Feature","properties":{"fid":790},"geometry":{"type":"Point","coordinates":[88.3213313,22.5412248]}},
{"type":"Feature","properties":{"fid":791},"geometry":{"type":"Point","coordinates":[88.3210367,22.5413505]}},
{"type":"Feature","properties":{"fid":792},"geometry":{"type":"Point","coordinates":[88.3217015,22.5420952]}},
{"type":"Feature","properties":{"fid":793},"geometry":{"type":"Point","coordinates":[88.3230962,22.5423817]}},
{"type":"Feature","properties":{"fid":794},"geometry":{"type":"Point","coordinates":[88.3227372,22.54215]}},
{"type":"Feature","properties":{"fid":795},"geometry":{"type":"Point","coordinates":[88.3228682,22.5418926]}},
{"type":"Feature","properties":{"fid":796},"geometry":{"type":"Point","coordinates":[88.3226885,22.5424222]}},
{"type":"Feature","properties":{"fid":797},"geometry":{"type":"Point","coordinates":[88.321282,22.5426731]}},
{"type":"Feature","properties":{"fid":798},"geometry":{"type":"Point","coordinates":[88.3216773,22.5427607]}},
{"type":"Feature","properties":{"fid":799},"geometry":{"type":"Point","coordinates":[88.3213057,22.5428553]}},
{"type":"Feature","properties":{"fid":800},"geometry":{"type":"Point","coordinates":[88.32387,22.5413524]}},
{"type":"Feature","properties":{"fid":801},"geometry":{"type":"Point","coordinates":[88.3221056,22.5406833]}},
{"type":"Feature","properties":{"fid":802},"geometry":{"type":"Point","coordinates":[88.3229597,22.5407986]}},
{"type":"Feature","properties":{"fid":803},"geometry":{"type":"Point","coordinates":[88.3227287,22.5424241]}},
{"type":"Feature","properties":{"fid":804},"geometry":{"type":"Point","coordinates":[88.3231292,22.5427454]}},
{"type":"Feature","properties":{"fid":805},"geometry":{"type":"Point","coordinates":[88.3223436,22.542609]}},
{"type":"Feature","properties":{"fid":806},"geometry":{"type":"Point","coordinates":[88.3224319,22.5428956]}},
{"type":"Feature","properties":{"fid":807},"geometry":{"type":"Point","coordinates":[88.3207945,22.5399446]}},
{"type":"Feature","properties":{"fid":808},"geometry":{"type":"Point","coordinates":[88.3203378,22.5401177]}},
{"type":"Feature","properties":{"fid":809},"geometry":{"type":"Point","coordinates":[88.3214535,22.5392073]}},
{"type":"Feature","properties":{"fid":810},"geometry":{"type":"Point","coordinates":[88.3211858,22.5392615]}},
{"type":"Feature","properties":{"fid":811},"geometry":{"type":"Point","coordinates":[88.3226851,22.5395434]}},
{"type":"Feature","properties":{"fid":812},"geometry":{"type":"Point","coordinates":[88.32198,22.5398695]}},
{"type":"Feature","properties":{"fid":813},"geometry":{"type":"Point","coordinates":[88.3222916,22.5401447]}},
{"type":"Feature","properties":{"fid":814},"geometry":{"type":"Point","coordinates":[88.3224445,22.5405712]}},
{"type":"Feature","properties":{"fid":815},"geometry":{"type":"Point","coordinates":[88.3206129,22.5400116]}},
{"type":"Feature","properties":{"fid":816},"geometry":{"type":"Point","coordinates":[88.3203362,22.5388455]}},
{"type":"Feature","properties":{"fid":817},"geometry":{"type":"Point","coordinates":[88.3227092,22.5404984]}},
{"type":"Feature","properties":{"fid":818},"geometry":{"type":"Point","coordinates":[88.3212482,22.5402611]}},
{"type":"Feature","properties":{"fid":819},"geometry":{"type":"Point","coordinates":[88.3214368,22.5408906]}},
{"type":"Feature","properties":{"fid":820},"geometry":{"type":"Point","coordinates":[88.320924,22.5403907]}},
{"type":"Feature","properties":{"fid":821},"geometry":{"type":"Point","coordinates":[88.3205045,22.5405258]}},
{"type":"Feature","properties":{"fid":822},"geometry":{"type":"Point","coordinates":[88.3219483,22.5395295]}},
{"type":"Feature","properties":{"fid":823},"geometry":{"type":"Point","coordinates":[88.3214533,22.5389374]}},
{"type":"Feature","properties":{"fid":824},"geometry":{"type":"Point","coordinates":[88.3230139,22.5398164]}},
{"type":"Feature","properties":{"fid":825},"geometry":{"type":"Point","coordinates":[88.3223023,22.5399836]}},
{"type":"Feature","properties":{"fid":826},"geometry":{"type":"Point","coordinates":[88.3207696,22.539745]}},
{"type":"Feature","properties":{"fid":827},"geometry":{"type":"Point","coordinates":[88.3211506,22.5410039]}},
{"type":"Feature","properties":{"fid":828},"geometry":{"type":"Point","coordinates":[88.3214329,22.5398037]}},
{"type":"Feature","properties":{"fid":829},"geometry":{"type":"Point","coordinates":[88.3212817,22.5402539]}},
{"type":"Feature","properties":{"fid":830},"geometry":{"type":"Point","coordinates":[88.3209082,22.5403456]}},
{"type":"Feature","properties":{"fid":831},"geometry":{"type":"Point","coordinates":[88.3216456,22.5401553]}},
{"type":"Feature","properties":{"fid":832},"geometry":{"type":"Point","coordinates":[88.32087,22.5391265]}},
{"type":"Feature","properties":{"fid":833},"geometry":{"type":"Point","coordinates":[88.320722,22.5397549]}},
{"type":"Feature","properties":{"fid":834},"geometry":{"type":"Point","coordinates":[88.3222487,22.5399019]}},
{"type":"Feature","properties":{"fid":835},"geometry":{"type":"Point","coordinates":[88.3223413,22.5401334]}},
{"type":"Feature","properties":{"fid":836},"geometry":{"type":"Point","coordinates":[88.3188128,22.5411307]}},
{"type":"Feature","properties":{"fid":837},"geometry":{"type":"Point","coordinates":[88.3182803,22.5401049]}},
{"type":"Feature","properties":{"fid":838},"geometry":{"type":"Point","coordinates":[88.3204999,22.5424361]}},
{"type":"Feature","properties":{"fid":839},"geometry":{"type":"Point","coordinates":[88.3204109,22.5420999]}},
{"type":"Feature","properties":{"fid":840},"geometry":{"type":"Point","coordinates":[88.3200791,22.5419728]}},
{"type":"Feature","properties":{"fid":841},"geometry":{"type":"Point","coordinates":[88.3199815,22.5412657]}},
{"type":"Feature","properties":{"fid":842},"geometry":{"type":"Point","coordinates":[88.3201217,22.5404643]}},
{"type":"Feature","properties":{"fid":843},"geometry":{"type":"Point","coordinates":[88.3185648,22.5402092]}},
{"type":"Feature","properties":{"fid":844},"geometry":{"type":"Point","coordinates":[88.3206684,22.5420958]}},
{"type":"Feature","properties":{"fid":845},"geometry":{"type":"Point","coordinates":[88.3205053,22.5411321]}},
{"type":"Feature","properties":{"fid":846},"geometry":{"type":"Point","coordinates":[88.3209966,22.5412711]}},
{"type":"Feature","properties":{"fid":847},"geometry":{"type":"Point","coordinates":[88.3205853,22.5414092]}},
{"type":"Feature","properties":{"fid":848},"geometry":{"type":"Point","coordinates":[88.3199527,22.5420349]}},
{"type":"Feature","properties":{"fid":849},"geometry":{"type":"Point","coordinates":[88.3208194,22.5425602]}},
{"type":"Feature","properties":{"fid":850},"geometry":{"type":"Point","coordinates":[88.3194136,22.5424559]}},
{"type":"Feature","properties":{"fid":851},"geometry":{"type":"Point","coordinates":[88.3192949,22.542132]}},
{"type":"Feature","properties":{"fid":852},"geometry":{"type":"Point","coordinates":[88.3207872,22.541049]}},
{"type":"Feature","properties":{"fid":853},"geometry":{"type":"Point","coordinates":[88.3187308,22.5416179]}},
{"type":"Feature","properties":{"fid":854},"geometry":{"type":"Point","coordinates":[88.3200737,22.5394487]}},
{"type":"Feature","properties":{"fid":855},"geometry":{"type":"Point","coordinates":[88.3183131,22.5399417]}},
{"type":"Feature","properties":{"fid":856},"geometry":{"type":"Point","coordinates":[88.3190168,22.539075]}},
{"type":"Feature","properties":{"fid":857},"geometry":{"type":"Point","coordinates":[88.3191262,22.5398133]}},
{"type":"Feature","properties":{"fid":858},"geometry":{"type":"Point","coordinates":[88.3198209,22.5424433]}},
{"type":"Feature","properties":{"fid":859},"geometry":{"type":"Point","coordinates":[88.3189066,22.5421866]}},
{"type":"Feature","properties":{"fid":860},"geometry":{"type":"Point","coordinates":[88.3193411,22.5408408]}},
{"type":"Feature","properties":{"fid":861},"geometry":{"type":"Point","coordinates":[88.3187572,22.5407763]}},
{"type":"Feature","properties":{"fid":862},"geometry":{"type":"Point","coordinates":[88.3198588,22.5415419]}},
{"type":"Feature","properties":{"fid":863},"geometry":{"type":"Point","coordinates":[88.3201419,22.5427127]}},
{"type":"Feature","properties":{"fid":864},"geometry":{"type":"Point","coordinates":[88.3185446,22.5423806]}},
{"type":"Feature","properties":{"fid":865},"geometry":{"type":"Point","coordinates":[88.3189387,22.5422811]}},
{"type":"Feature","properties":{"fid":866},"geometry":{"type":"Point","coordinates":[88.3178874,22.5407913]}},
{"type":"Feature","properties":{"fid":867},"geometry":{"type":"Point","coordinates":[88.3184385,22.5406418]}},
{"type":"Feature","properties":{"fid":868},"geometry":{"type":"Point","coordinates":[88.3179839,22.5415196]}},
{"type":"Feature","properties":{"fid":869},"geometry":{"type":"Point","coordinates":[88.318635,22.5412946]}},
{"type":"Feature","properties":{"fid":870},"geometry":{"type":"Point","coordinates":[88.3177828,22.5411728]}},
{"type":"Feature","properties":{"fid":871},"geometry":{"type":"Point","coordinates":[88.3185409,22.5409811]}},
{"type":"Feature","properties":{"fid":872},"geometry":{"type":"Point","coordinates":[88.3181476,22.5417921]}},
{"type":"Feature","properties":{"fid":873},"geometry":{"type":"Point","coordinates":[88.3187136,22.5415599]}},
{"type":"Feature","properties":{"fid":874},"geometry":{"type":"Point","coordinates":[88.3104954,22.5421761]}},
{"type":"Feature","properties":{"fid":875},"geometry":{"type":"Point","coordinates":[88.3128302,22.5421661]}},
{"type":"Feature","properties":{"fid":876},"geometry":{"type":"Point","coordinates":[88.3130582,22.544192]}},
{"type":"Feature","properties":{"fid":877},"geometry":{"type":"Point","coordinates":[88.3120779,22.5428052]}},
{"type":"Feature","properties":{"fid":878},"geometry":{"type":"Point","coordinates":[88.3116427,22.5421809]}},
{"type":"Feature","properties":{"fid":879},"geometry":{"type":"Point","coordinates":[88.3133652,22.5438587]}},
{"type":"Feature","properties":{"fid":880},"geometry":{"type":"Point","coordinates":[88.3132218,22.5442439]}},
{"type":"Feature","properties":{"fid":881},"geometry":{"type":"Point","coordinates":[88.3121443,22.5414293]}},
{"type":"Feature","properties":{"fid":882},"geometry":{"type":"Point","coordinates":[88.3121606,22.5421724]}},
{"type":"Feature","properties":{"fid":883},"geometry":{"type":"Point","coordinates":[88.3122915,22.5417789]}},
{"type":"Feature","properties":{"fid":884},"geometry":{"type":"Point","coordinates":[88.3123188,22.5421714]}},
{"type":"Feature","properties":{"fid":885},"geometry":{"type":"Point","coordinates":[88.310569,22.5414773]}},
{"type":"Feature","properties":{"fid":886},"geometry":{"type":"Point","coordinates":[88.3126058,22.5421686]}},
{"type":"Feature","properties":{"fid":887},"geometry":{"type":"Point","coordinates":[88.3123715,22.5417757]}},
{"type":"Feature","properties":{"fid":888},"geometry":{"type":"Point","coordinates":[88.311144,22.5418255]}},
{"type":"Feature","properties":{"fid":889},"geometry":{"type":"Point","coordinates":[88.3109163,22.5403875]}},
{"type":"Feature","properties":{"fid":890},"geometry":{"type":"Point","coordinates":[88.3121217,22.5399394]}},
{"type":"Feature","properties":{"fid":891},"geometry":{"type":"Point","coordinates":[88.3247327,22.5396383]}},
{"type":"Feature","properties":{"fid":892},"geometry":{"type":"Point","coordinates":[88.3239662,22.5396927]}},
{"type":"Feature","properties":{"fid":893},"geometry":{"type":"Point","coordinates":[88.3261996,22.5389383]}},
{"type":"Feature","properties":{"fid":894},"geometry":{"type":"Point","coordinates":[88.3264873,22.5394406]}},
{"type":"Feature","properties":{"fid":895},"geometry":{"type":"Point","coordinates":[88.3244794,22.5403755]}},
{"type":"Feature","properties":{"fid":896},"geometry":{"type":"Point","coordinates":[88.3258398,22.5395798]}},
{"type":"Feature","properties":{"fid":897},"geometry":{"type":"Point","coordinates":[88.3265237,22.5405133]}},
{"type":"Feature","properties":{"fid":898},"geometry":{"type":"Point","coordinates":[88.3256961,22.540996]}},
{"type":"Feature","properties":{"fid":899},"geometry":{"type":"Point","coordinates":[88.3255615,22.5404051]}},
{"type":"Feature","properties":{"fid":900},"geometry":{"type":"Point","coordinates":[88.3266305,22.5396953]}},
{"type":"Feature","properties":{"fid":901},"geometry":{"type":"Point","coordinates":[88.3268298,22.5394823]}},
{"type":"Feature","properties":{"fid":902},"geometry":{"type":"Point","coordinates":[88.3249547,22.5400469]}},
{"type":"Feature","properties":{"fid":903},"geometry":{"type":"Point","coordinates":[88.3283477,22.5427656]}},
{"type":"Feature","properties":{"fid":904},"geometry":{"type":"Point","coordinates":[88.3241097,22.5399791]}},
{"type":"Feature","properties":{"fid":905},"geometry":{"type":"Point","coordinates":[88.3252126,22.5391464]}},
{"type":"Feature","properties":{"fid":906},"geometry":{"type":"Point","coordinates":[88.3258612,22.5388242]}},
{"type":"Feature","properties":{"fid":907},"geometry":{"type":"Point","coordinates":[88.3255688,22.5396797]}},
{"type":"Feature","properties":{"fid":908},"geometry":{"type":"Point","coordinates":[88.3252838,22.5390837]}},
{"type":"Feature","properties":{"fid":909},"geometry":{"type":"Point","coordinates":[88.3249792,22.5393198]}},
{"type":"Feature","properties":{"fid":910},"geometry":{"type":"Point","coordinates":[88.3243462,22.5398152]}},
{"type":"Feature","properties":{"fid":911},"geometry":{"type":"Point","coordinates":[88.324444,22.5400378]}},
{"type":"Feature","properties":{"fid":912},"geometry":{"type":"Point","coordinates":[88.3246412,22.5399292]}},
{"type":"Feature","properties":{"fid":913},"geometry":{"type":"Point","coordinates":[88.3242328,22.5401772]}},
{"type":"Feature","properties":{"fid":914},"geometry":{"type":"Point","coordinates":[88.322901,22.5391608]}},
{"type":"Feature","properties":{"fid":915},"geometry":{"type":"Point","coordinates":[88.3252877,22.5394659]}},
{"type":"Feature","properties":{"fid":916},"geometry":{"type":"Point","coordinates":[88.3251348,22.5395303]}},
{"type":"Feature","properties":{"fid":917},"geometry":{"type":"Point","coordinates":[88.3258724,22.5404792]}},
{"type":"Feature","properties":{"fid":918},"geometry":{"type":"Point","coordinates":[88.326344,22.5403453]}},
{"type":"Feature","properties":{"fid":919},"geometry":{"type":"Point","coordinates":[88.3253117,22.5398277]}},
{"type":"Feature","properties":{"fid":920},"geometry":{"type":"Point","coordinates":[88.3243247,22.5397706]}},
{"type":"Feature","properties":{"fid":921},"geometry":{"type":"Point","coordinates":[88.3242314,22.5396071]}},
{"type":"Feature","properties":{"fid":922},"geometry":{"type":"Point","coordinates":[88.3262711,22.5390611]}},
{"type":"Feature","properties":{"fid":923},"geometry":{"type":"Point","coordinates":[88.3257726,22.5385339]}},
{"type":"Feature","properties":{"fid":924},"geometry":{"type":"Point","coordinates":[88.3267682,22.5399267]}},
{"type":"Feature","properties":{"fid":925},"geometry":{"type":"Point","coordinates":[88.3250236,22.5407313]}},
{"type":"Feature","properties":{"fid":926},"geometry":{"type":"Point","coordinates":[88.3254158,22.538674]}},
{"type":"Feature","properties":{"fid":927},"geometry":{"type":"Point","coordinates":[88.3253538,22.5398044]}},
{"type":"Feature","properties":{"fid":928},"geometry":{"type":"Point","coordinates":[88.3262359,22.5390005]}},
{"type":"Feature","properties":{"fid":929},"geometry":{"type":"Point","coordinates":[88.3266449,22.5393718]}},
{"type":"Feature","properties":{"fid":930},"geometry":{"type":"Point","coordinates":[88.3268974,22.5389754]}},
{"type":"Feature","properties":{"fid":931},"geometry":{"type":"Point","coordinates":[88.3265871,22.5392018]}},
{"type":"Feature","properties":{"fid":932},"geometry":{"type":"Point","coordinates":[88.3262881,22.5387871]}},
{"type":"Feature","properties":{"fid":933},"geometry":{"type":"Point","coordinates":[88.326205,22.5386435]}},
{"type":"Feature","properties":{"fid":934},"geometry":{"type":"Point","coordinates":[88.3265346,22.5390474]}},
{"type":"Feature","properties":{"fid":935},"geometry":{"type":"Point","coordinates":[88.3268856,22.5389155]}},
{"type":"Feature","properties":{"fid":936},"geometry":{"type":"Point","coordinates":[88.3262601,22.5387533]}},
{"type":"Feature","properties":{"fid":937},"geometry":{"type":"Point","coordinates":[88.3256846,22.5371827]}},
{"type":"Feature","properties":{"fid":938},"geometry":{"type":"Point","coordinates":[88.3257581,22.5366837]}},
{"type":"Feature","properties":{"fid":939},"geometry":{"type":"Point","coordinates":[88.3274231,22.5362297]}},
{"type":"Feature","properties":{"fid":940},"geometry":{"type":"Point","coordinates":[88.3208059,22.5388843]}},
{"type":"Feature","properties":{"fid":941},"geometry":{"type":"Point","coordinates":[88.3263414,22.5378134]}},
{"type":"Feature","properties":{"fid":942},"geometry":{"type":"Point","coordinates":[88.3256903,22.5380336]}},
{"type":"Feature","properties":{"fid":943},"geometry":{"type":"Point","coordinates":[88.3269855,22.5370282]}},
{"type":"Feature","properties":{"fid":944},"geometry":{"type":"Point","coordinates":[88.3268155,22.5363872]}},
{"type":"Feature","properties":{"fid":945},"geometry":{"type":"Point","coordinates":[88.3265513,22.5370056]}},
{"type":"Feature","properties":{"fid":946},"geometry":{"type":"Point","coordinates":[88.3264203,22.5365]}},
{"type":"Feature","properties":{"fid":947},"geometry":{"type":"Point","coordinates":[88.3262142,22.5372077]}},
{"type":"Feature","properties":{"fid":948},"geometry":{"type":"Point","coordinates":[88.3260866,22.5366427]}},
{"type":"Feature","properties":{"fid":949},"geometry":{"type":"Point","coordinates":[88.3261992,22.5378706]}},
{"type":"Feature","properties":{"fid":950},"geometry":{"type":"Point","coordinates":[88.32635,22.5383518]}},
{"type":"Feature","properties":{"fid":951},"geometry":{"type":"Point","coordinates":[88.3265264,22.5377218]}},
{"type":"Feature","properties":{"fid":952},"geometry":{"type":"Point","coordinates":[88.3254796,22.5375272]}},
{"type":"Feature","properties":{"fid":953},"geometry":{"type":"Point","coordinates":[88.3252018,22.5381232]}},
{"type":"Feature","properties":{"fid":954},"geometry":{"type":"Point","coordinates":[88.3244767,22.5383785]}},
{"type":"Feature","properties":{"fid":955},"geometry":{"type":"Point","coordinates":[88.3250874,22.5374674]}},
{"type":"Feature","properties":{"fid":956},"geometry":{"type":"Point","coordinates":[88.3254132,22.537365]}},
{"type":"Feature","properties":{"fid":957},"geometry":{"type":"Point","coordinates":[88.324043,22.5381257]}},
{"type":"Feature","properties":{"fid":958},"geometry":{"type":"Point","coordinates":[88.3233519,22.538295]}},
{"type":"Feature","properties":{"fid":959},"geometry":{"type":"Point","coordinates":[88.3244642,22.538361]}},
{"type":"Feature","properties":{"fid":960},"geometry":{"type":"Point","coordinates":[88.3232473,22.5387726]}},
{"type":"Feature","properties":{"fid":961},"geometry":{"type":"Point","coordinates":[88.3242791,22.5390026]}},
{"type":"Feature","properties":{"fid":962},"geometry":{"type":"Point","coordinates":[88.3239522,22.5391181]}},
{"type":"Feature","properties":{"fid":963},"geometry":{"type":"Point","coordinates":[88.3254432,22.538039]}},
{"type":"Feature","properties":{"fid":964},"geometry":{"type":"Point","coordinates":[88.3256524,22.5385712]}},
{"type":"Feature","properties":{"fid":965},"geometry":{"type":"Point","coordinates":[88.3224317,22.534566]}},
{"type":"Feature","properties":{"fid":966},"geometry":{"type":"Point","coordinates":[88.3230312,22.5393453]}},
{"type":"Feature","properties":{"fid":967},"geometry":{"type":"Point","coordinates":[88.3231581,22.5383972]}},
{"type":"Feature","properties":{"fid":968},"geometry":{"type":"Point","coordinates":[88.3224428,22.5386102]}},
{"type":"Feature","properties":{"fid":969},"geometry":{"type":"Point","coordinates":[88.322634,22.5377484]}},
{"type":"Feature","properties":{"fid":970},"geometry":{"type":"Point","coordinates":[88.323163,22.5376347]}},
{"type":"Feature","properties":{"fid":971},"geometry":{"type":"Point","coordinates":[88.3245634,22.5379671]}},
{"type":"Feature","properties":{"fid":972},"geometry":{"type":"Point","coordinates":[88.3243274,22.5380563]}},
{"type":"Feature","properties":{"fid":973},"geometry":{"type":"Point","coordinates":[88.325166,22.5376468]}},
{"type":"Feature","properties":{"fid":974},"geometry":{"type":"Point","coordinates":[88.3255309,22.5376531]}},
{"type":"Feature","properties":{"fid":975},"geometry":{"type":"Point","coordinates":[88.3236595,22.538911]}},
{"type":"Feature","properties":{"fid":976},"geometry":{"type":"Point","coordinates":[88.3238568,22.5388581]}},
{"type":"Feature","properties":{"fid":977},"geometry":{"type":"Point","coordinates":[88.3248777,22.5390255]}},
{"type":"Feature","properties":{"fid":978},"geometry":{"type":"Point","coordinates":[88.3255886,22.5377829]}},
{"type":"Feature","properties":{"fid":979},"geometry":{"type":"Point","coordinates":[88.3251213,22.5384774]}},
{"type":"Feature","properties":{"fid":980},"geometry":{"type":"Point","coordinates":[88.3243695,22.537153]}},
{"type":"Feature","properties":{"fid":981},"geometry":{"type":"Point","coordinates":[88.3243048,22.5369031]}},
{"type":"Feature","properties":{"fid":982},"geometry":{"type":"Point","coordinates":[88.3248818,22.5378851]}},
{"type":"Feature","properties":{"fid":983},"geometry":{"type":"Point","coordinates":[88.3248178,22.5368093]}},
{"type":"Feature","properties":{"fid":984},"geometry":{"type":"Point","coordinates":[88.3241675,22.5380806]}},
{"type":"Feature","properties":{"fid":985},"geometry":{"type":"Point","coordinates":[88.3238784,22.5369918]}},
{"type":"Feature","properties":{"fid":986},"geometry":{"type":"Point","coordinates":[88.3248673,22.5376508]}},
{"type":"Feature","properties":{"fid":987},"geometry":{"type":"Point","coordinates":[88.3245043,22.5368624]}},
{"type":"Feature","properties":{"fid":988},"geometry":{"type":"Point","coordinates":[88.3221862,22.5381858]}},
{"type":"Feature","properties":{"fid":989},"geometry":{"type":"Point","coordinates":[88.323232,22.5378609]}},
{"type":"Feature","properties":{"fid":990},"geometry":{"type":"Point","coordinates":[88.3237802,22.538631]}},
{"type":"Feature","properties":{"fid":991},"geometry":{"type":"Point","coordinates":[88.3241211,22.5395284]}},
{"type":"Feature","properties":{"fid":992},"geometry":{"type":"Point","coordinates":[88.3243381,22.5388515]}},
{"type":"Feature","properties":{"fid":993},"geometry":{"type":"Point","coordinates":[88.3242307,22.5384745]}},
{"type":"Feature","properties":{"fid":994},"geometry":{"type":"Point","coordinates":[88.3253116,22.5383614]}},
{"type":"Feature","properties":{"fid":995},"geometry":{"type":"Point","coordinates":[88.3255266,22.53823]}},
{"type":"Feature","properties":{"fid":996},"geometry":{"type":"Point","coordinates":[88.3214935,22.538233]}},
{"type":"Feature","properties":{"fid":997},"geometry":{"type":"Point","coordinates":[88.3217115,22.5389551]}},
{"type":"Feature","properties":{"fid":998},"geometry":{"type":"Point","coordinates":[88.3224507,22.5389703]}},
{"type":"Feature","properties":{"fid":999},"geometry":{"type":"Point","coordinates":[88.3219274,22.5378681]}},
{"type":"Feature","properties":{"fid":1000},"geometry":{"type":"Point","coordinates":[88.3226725,22.5385249]}},
{"type":"Feature","properties":{"fid":1001},"geometry":{"type":"Point","coordinates":[88.3224885,22.5380491]}},
{"type":"Feature","properties":{"fid":1002},"geometry":{"type":"Point","coordinates":[88.3244722,22.5374989]}},
{"type":"Feature","properties":{"fid":1003},"geometry":{"type":"Point","coordinates":[88.3247568,22.5374075]}},
{"type":"Feature","properties":{"fid":1004},"geometry":{"type":"Point","coordinates":[88.3253815,22.5359332]}},
{"type":"Feature","properties":{"fid":1005},"geometry":{"type":"Point","coordinates":[88.3255695,22.5366987]}},
{"type":"Feature","properties":{"fid":1006},"geometry":{"type":"Point","coordinates":[88.3260487,22.5353836]}},
{"type":"Feature","properties":{"fid":1007},"geometry":{"type":"Point","coordinates":[88.3262311,22.5365899]}},
{"type":"Feature","properties":{"fid":1008},"geometry":{"type":"Point","coordinates":[88.326286,22.535861]}},
{"type":"Feature","properties":{"fid":1009},"geometry":{"type":"Point","coordinates":[88.3266275,22.5356869]}},
{"type":"Feature","properties":{"fid":1010},"geometry":{"type":"Point","coordinates":[88.3253624,22.5358565]}},
{"type":"Feature","properties":{"fid":1011},"geometry":{"type":"Point","coordinates":[88.3257007,22.5363915]}},
{"type":"Feature","properties":{"fid":1012},"geometry":{"type":"Point","coordinates":[88.3260093,22.5366633]}},
{"type":"Feature","properties":{"fid":1013},"geometry":{"type":"Point","coordinates":[88.3252449,22.5341767]}},
{"type":"Feature","properties":{"fid":1014},"geometry":{"type":"Point","coordinates":[88.3247266,22.5342881]}},
{"type":"Feature","properties":{"fid":1015},"geometry":{"type":"Point","coordinates":[88.3249971,22.535542]}},
{"type":"Feature","properties":{"fid":1016},"geometry":{"type":"Point","coordinates":[88.3250678,22.5342238]}},
{"type":"Feature","properties":{"fid":1017},"geometry":{"type":"Point","coordinates":[88.3250548,22.5359637]}},
{"type":"Feature","properties":{"fid":1018},"geometry":{"type":"Point","coordinates":[88.3267118,22.536417]}},
{"type":"Feature","properties":{"fid":1019},"geometry":{"type":"Point","coordinates":[88.3261277,22.5360838]}},
{"type":"Feature","properties":{"fid":1020},"geometry":{"type":"Point","coordinates":[88.3254549,22.5362252]}},
{"type":"Feature","properties":{"fid":1021},"geometry":{"type":"Point","coordinates":[88.3249142,22.5351271]}},
{"type":"Feature","properties":{"fid":1022},"geometry":{"type":"Point","coordinates":[88.325261,22.5350958]}},
{"type":"Feature","properties":{"fid":1023},"geometry":{"type":"Point","coordinates":[88.325162,22.5367315]}},
{"type":"Feature","properties":{"fid":1024},"geometry":{"type":"Point","coordinates":[88.3258962,22.5384696]}},
{"type":"Feature","properties":{"fid":1025},"geometry":{"type":"Point","coordinates":[88.326728,22.5321774]}},
{"type":"Feature","properties":{"fid":1026},"geometry":{"type":"Point","coordinates":[88.3264785,22.5321353]}},
{"type":"Feature","properties":{"fid":1027},"geometry":{"type":"Point","coordinates":[88.3264384,22.5319268]}},
{"type":"Feature","properties":{"fid":1028},"geometry":{"type":"Point","coordinates":[88.3266747,22.5332177]}},
{"type":"Feature","properties":{"fid":1029},"geometry":{"type":"Point","coordinates":[88.3257357,22.5319754]}},
{"type":"Feature","properties":{"fid":1030},"geometry":{"type":"Point","coordinates":[88.3260843,22.5336149]}},
{"type":"Feature","properties":{"fid":1031},"geometry":{"type":"Point","coordinates":[88.3265904,22.5328021]}},
{"type":"Feature","properties":{"fid":1032},"geometry":{"type":"Point","coordinates":[88.3270318,22.5327308]}},
{"type":"Feature","properties":{"fid":1033},"geometry":{"type":"Point","coordinates":[88.3264839,22.5335476]}},
{"type":"Feature","properties":{"fid":1034},"geometry":{"type":"Point","coordinates":[88.326905,22.5331783]}},
{"type":"Feature","properties":{"fid":1035},"geometry":{"type":"Point","coordinates":[88.3253869,22.5337249]}},
{"type":"Feature","properties":{"fid":1036},"geometry":{"type":"Point","coordinates":[88.3252867,22.532445]}},
{"type":"Feature","properties":{"fid":1037},"geometry":{"type":"Point","coordinates":[88.3256148,22.5326729]}},
{"type":"Feature","properties":{"fid":1038},"geometry":{"type":"Point","coordinates":[88.3258685,22.5326299]}},
{"type":"Feature","properties":{"fid":1039},"geometry":{"type":"Point","coordinates":[88.3243184,22.5326118]}},
{"type":"Feature","properties":{"fid":1040},"geometry":{"type":"Point","coordinates":[88.3258054,22.5323175]}},
{"type":"Feature","properties":{"fid":1041},"geometry":{"type":"Point","coordinates":[88.3248648,22.5328826]}},
{"type":"Feature","properties":{"fid":1042},"geometry":{"type":"Point","coordinates":[88.3244021,22.5329747]}},
{"type":"Feature","properties":{"fid":1043},"geometry":{"type":"Point","coordinates":[88.3248005,22.5320922]}},
{"type":"Feature","properties":{"fid":1044},"geometry":{"type":"Point","coordinates":[88.3248664,22.5324888]}},
{"type":"Feature","properties":{"fid":1045},"geometry":{"type":"Point","coordinates":[88.3251669,22.5328191]}},
{"type":"Feature","properties":{"fid":1046},"geometry":{"type":"Point","coordinates":[88.3250951,22.5324722]}},
{"type":"Feature","properties":{"fid":1047},"geometry":{"type":"Point","coordinates":[88.3247914,22.5331684]}},
{"type":"Feature","properties":{"fid":1048},"geometry":{"type":"Point","coordinates":[88.3244707,22.533235]}},
{"type":"Feature","properties":{"fid":1049},"geometry":{"type":"Point","coordinates":[88.3248775,22.5329217]}},
{"type":"Feature","properties":{"fid":1050},"geometry":{"type":"Point","coordinates":[88.325154,22.5328704]}},
{"type":"Feature","properties":{"fid":1051},"geometry":{"type":"Point","coordinates":[88.3247343,22.5325799]}},
{"type":"Feature","properties":{"fid":1052},"geometry":{"type":"Point","coordinates":[88.3250838,22.533768]}},
{"type":"Feature","properties":{"fid":1053},"geometry":{"type":"Point","coordinates":[88.32598,22.5331327]}},
{"type":"Feature","properties":{"fid":1054},"geometry":{"type":"Point","coordinates":[88.3252694,22.5332569]}},
{"type":"Feature","properties":{"fid":1055},"geometry":{"type":"Point","coordinates":[88.3253442,22.5327872]}},
{"type":"Feature","properties":{"fid":1056},"geometry":{"type":"Point","coordinates":[88.3259177,22.5328606]}},
{"type":"Feature","properties":{"fid":1057},"geometry":{"type":"Point","coordinates":[88.3269212,22.5400164]}},
{"type":"Feature","properties":{"fid":1058},"geometry":{"type":"Point","coordinates":[88.3240984,22.5299739]}},
{"type":"Feature","properties":{"fid":1059},"geometry":{"type":"Point","coordinates":[88.3236797,22.5307487]}},
{"type":"Feature","properties":{"fid":1060},"geometry":{"type":"Point","coordinates":[88.3246525,22.5316529]}},
{"type":"Feature","properties":{"fid":1061},"geometry":{"type":"Point","coordinates":[88.3247599,22.5320969]}},
{"type":"Feature","properties":{"fid":1062},"geometry":{"type":"Point","coordinates":[88.3241768,22.5317581]}},
{"type":"Feature","properties":{"fid":1063},"geometry":{"type":"Point","coordinates":[88.3228228,22.529695]}},
{"type":"Feature","properties":{"fid":1064},"geometry":{"type":"Point","coordinates":[88.322492,22.5296954]}},
{"type":"Feature","properties":{"fid":1065},"geometry":{"type":"Point","coordinates":[88.3230964,22.5305151]}},
{"type":"Feature","properties":{"fid":1066},"geometry":{"type":"Point","coordinates":[88.3236209,22.5303744]}},
{"type":"Feature","properties":{"fid":1067},"geometry":{"type":"Point","coordinates":[88.3234079,22.5297239]}},
{"type":"Feature","properties":{"fid":1068},"geometry":{"type":"Point","coordinates":[88.3230212,22.5295969]}},
{"type":"Feature","properties":{"fid":1069},"geometry":{"type":"Point","coordinates":[88.3230775,22.5310268]}},
{"type":"Feature","properties":{"fid":1070},"geometry":{"type":"Point","coordinates":[88.3221579,22.5307819]}},
{"type":"Feature","properties":{"fid":1071},"geometry":{"type":"Point","coordinates":[88.32492,22.5302755]}},
{"type":"Feature","properties":{"fid":1072},"geometry":{"type":"Point","coordinates":[88.3248878,22.5304932]}},
{"type":"Feature","properties":{"fid":1073},"geometry":{"type":"Point","coordinates":[88.324845,22.5304903]}},
{"type":"Feature","properties":{"fid":1074},"geometry":{"type":"Point","coordinates":[88.3250432,22.5315078]}},
{"type":"Feature","properties":{"fid":1075},"geometry":{"type":"Point","coordinates":[88.3240543,22.5309439]}},
{"type":"Feature","properties":{"fid":1076},"geometry":{"type":"Point","coordinates":[88.3250784,22.5304779]}},
{"type":"Feature","properties":{"fid":1077},"geometry":{"type":"Point","coordinates":[88.3253125,22.5314778]}},
{"type":"Feature","properties":{"fid":1078},"geometry":{"type":"Point","coordinates":[88.326125,22.5313251]}},
{"type":"Feature","properties":{"fid":1079},"geometry":{"type":"Point","coordinates":[88.3253817,22.5318362]}},
{"type":"Feature","properties":{"fid":1080},"geometry":{"type":"Point","coordinates":[88.3253279,22.5315646]}},
{"type":"Feature","properties":{"fid":1081},"geometry":{"type":"Point","coordinates":[88.3243478,22.5303087]}},
{"type":"Feature","properties":{"fid":1082},"geometry":{"type":"Point","coordinates":[88.3244186,22.5305349]}},
{"type":"Feature","properties":{"fid":1083},"geometry":{"type":"Point","coordinates":[88.3245841,22.5308809]}},
{"type":"Feature","properties":{"fid":1084},"geometry":{"type":"Point","coordinates":[88.3222304,22.5311585]}},
{"type":"Feature","properties":{"fid":1085},"geometry":{"type":"Point","coordinates":[88.3252273,22.5303924]}},
{"type":"Feature","properties":{"fid":1086},"geometry":{"type":"Point","coordinates":[88.3260808,22.5310813]}},
{"type":"Feature","properties":{"fid":1087},"geometry":{"type":"Point","coordinates":[88.3247378,22.5302181]}},
{"type":"Feature","properties":{"fid":1088},"geometry":{"type":"Point","coordinates":[88.3247353,22.5305019]}},
{"type":"Feature","properties":{"fid":1089},"geometry":{"type":"Point","coordinates":[88.3261952,22.5318178]}},
{"type":"Feature","properties":{"fid":1090},"geometry":{"type":"Point","coordinates":[88.32617,22.5316556]}},
{"type":"Feature","properties":{"fid":1091},"geometry":{"type":"Point","coordinates":[88.3232185,22.5304886]}},
{"type":"Feature","properties":{"fid":1092},"geometry":{"type":"Point","coordinates":[88.3232816,22.5310009]}},
{"type":"Feature","properties":{"fid":1093},"geometry":{"type":"Point","coordinates":[88.3235966,22.5297859]}},
{"type":"Feature","properties":{"fid":1094},"geometry":{"type":"Point","coordinates":[88.3237164,22.5309705]}},
{"type":"Feature","properties":{"fid":1095},"geometry":{"type":"Point","coordinates":[88.3226931,22.532182]}},
{"type":"Feature","properties":{"fid":1096},"geometry":{"type":"Point","coordinates":[88.3226189,22.531639]}},
{"type":"Feature","properties":{"fid":1097},"geometry":{"type":"Point","coordinates":[88.323704,22.5314837]}},
{"type":"Feature","properties":{"fid":1098},"geometry":{"type":"Point","coordinates":[88.3223296,22.5316825]}},
{"type":"Feature","properties":{"fid":1099},"geometry":{"type":"Point","coordinates":[88.323504,22.5311915]}},
{"type":"Feature","properties":{"fid":1100},"geometry":{"type":"Point","coordinates":[88.3233404,22.5312286]}},
{"type":"Feature","properties":{"fid":1101},"geometry":{"type":"Point","coordinates":[88.3236179,22.5309752]}},
{"type":"Feature","properties":{"fid":1102},"geometry":{"type":"Point","coordinates":[88.3237391,22.5320032]}},
{"type":"Feature","properties":{"fid":1103},"geometry":{"type":"Point","coordinates":[88.323453,22.5317092]}},
{"type":"Feature","properties":{"fid":1104},"geometry":{"type":"Point","coordinates":[88.3230819,22.5317812]}},
{"type":"Feature","properties":{"fid":1105},"geometry":{"type":"Point","coordinates":[88.323343,22.5313252]}},
{"type":"Feature","properties":{"fid":1106},"geometry":{"type":"Point","coordinates":[88.323311,22.5309991]}},
{"type":"Feature","properties":{"fid":1107},"geometry":{"type":"Point","coordinates":[88.3228683,22.5314541]}},
{"type":"Feature","properties":{"fid":1108},"geometry":{"type":"Point","coordinates":[88.3231505,22.5320778]}},
{"type":"Feature","properties":{"fid":1109},"geometry":{"type":"Point","coordinates":[88.3225464,22.5313277]}},
{"type":"Feature","properties":{"fid":1110},"geometry":{"type":"Point","coordinates":[88.3222642,22.5313394]}},
{"type":"Feature","properties":{"fid":1111},"geometry":{"type":"Point","coordinates":[88.3239707,22.5310998]}},
{"type":"Feature","properties":{"fid":1112},"geometry":{"type":"Point","coordinates":[88.3236586,22.5312001]}},
{"type":"Feature","properties":{"fid":1113},"geometry":{"type":"Point","coordinates":[88.3241341,22.5315913]}},
{"type":"Feature","properties":{"fid":1114},"geometry":{"type":"Point","coordinates":[88.3246842,22.531464]}},
{"type":"Feature","properties":{"fid":1115},"geometry":{"type":"Point","coordinates":[88.324196,22.5313104]}},
{"type":"Feature","properties":{"fid":1116},"geometry":{"type":"Point","coordinates":[88.3246492,22.5312013]}},
{"type":"Feature","properties":{"fid":1117},"geometry":{"type":"Point","coordinates":[88.3223748,22.5297867]}},
{"type":"Feature","properties":{"fid":1118},"geometry":{"type":"Point","coordinates":[88.3219719,22.5298295]}},
{"type":"Feature","properties":{"fid":1119},"geometry":{"type":"Point","coordinates":[88.3246841,22.5314887]}},
{"type":"Feature","properties":{"fid":1120},"geometry":{"type":"Point","coordinates":[88.3250277,22.5314277]}},
{"type":"Feature","properties":{"fid":1121},"geometry":{"type":"Point","coordinates":[88.3223077,22.530084]}},
{"type":"Feature","properties":{"fid":1122},"geometry":{"type":"Point","coordinates":[88.3220264,22.5301084]}},
{"type":"Feature","properties":{"fid":1123},"geometry":{"type":"Point","coordinates":[88.3258214,22.5271286]}},
{"type":"Feature","properties":{"fid":1124},"geometry":{"type":"Point","coordinates":[88.3220687,22.5284043]}},
{"type":"Feature","properties":{"fid":1125},"geometry":{"type":"Point","coordinates":[88.3258306,22.527181]}},
{"type":"Feature","properties":{"fid":1126},"geometry":{"type":"Point","coordinates":[88.3253869,22.5300418]}},
{"type":"Feature","properties":{"fid":1127},"geometry":{"type":"Point","coordinates":[88.3256592,22.5299929]}},
{"type":"Feature","properties":{"fid":1128},"geometry":{"type":"Point","coordinates":[88.3241263,22.5285553]}},
{"type":"Feature","properties":{"fid":1129},"geometry":{"type":"Point","coordinates":[88.3241316,22.5282134]}},
{"type":"Feature","properties":{"fid":1130},"geometry":{"type":"Point","coordinates":[88.3256351,22.5300749]}},
{"type":"Feature","properties":{"fid":1131},"geometry":{"type":"Point","coordinates":[88.3256951,22.5305058]}},
{"type":"Feature","properties":{"fid":1132},"geometry":{"type":"Point","coordinates":[88.3260755,22.5281552]}},
{"type":"Feature","properties":{"fid":1133},"geometry":{"type":"Point","coordinates":[88.3235403,22.5281129]}},
{"type":"Feature","properties":{"fid":1134},"geometry":{"type":"Point","coordinates":[88.3247347,22.5291141]}},
{"type":"Feature","properties":{"fid":1135},"geometry":{"type":"Point","coordinates":[88.3247955,22.5297505]}},
{"type":"Feature","properties":{"fid":1136},"geometry":{"type":"Point","coordinates":[88.3245823,22.5287238]}},
{"type":"Feature","properties":{"fid":1137},"geometry":{"type":"Point","coordinates":[88.3244063,22.528285]}},
{"type":"Feature","properties":{"fid":1138},"geometry":{"type":"Point","coordinates":[88.3255237,22.529747]}},
{"type":"Feature","properties":{"fid":1139},"geometry":{"type":"Point","coordinates":[88.3264534,22.5298536]}},
{"type":"Feature","properties":{"fid":1140},"geometry":{"type":"Point","coordinates":[88.3262258,22.5287978]}},
{"type":"Feature","properties":{"fid":1141},"geometry":{"type":"Point","coordinates":[88.3248129,22.5299328]}},
{"type":"Feature","properties":{"fid":1142},"geometry":{"type":"Point","coordinates":[88.3243409,22.5286148]}},
{"type":"Feature","properties":{"fid":1143},"geometry":{"type":"Point","coordinates":[88.3245313,22.5285603]}},
{"type":"Feature","properties":{"fid":1144},"geometry":{"type":"Point","coordinates":[88.3261222,22.5301904]}},
{"type":"Feature","properties":{"fid":1145},"geometry":{"type":"Point","coordinates":[88.3260897,22.5306137]}},
{"type":"Feature","properties":{"fid":1146},"geometry":{"type":"Point","coordinates":[88.3256015,22.52804]}},
{"type":"Feature","properties":{"fid":1147},"geometry":{"type":"Point","coordinates":[88.3259965,22.5278143]}},
{"type":"Feature","properties":{"fid":1148},"geometry":{"type":"Point","coordinates":[88.3250638,22.5278331]}},
{"type":"Feature","properties":{"fid":1149},"geometry":{"type":"Point","coordinates":[88.3248775,22.527566]}},
{"type":"Feature","properties":{"fid":1150},"geometry":{"type":"Point","coordinates":[88.3252421,22.5276906]}},
{"type":"Feature","properties":{"fid":1151},"geometry":{"type":"Point","coordinates":[88.3253002,22.5273779]}},
{"type":"Feature","properties":{"fid":1152},"geometry":{"type":"Point","coordinates":[88.3225464,22.5281267]}},
{"type":"Feature","properties":{"fid":1153},"geometry":{"type":"Point","coordinates":[88.3230427,22.5279012]}},
{"type":"Feature","properties":{"fid":1154},"geometry":{"type":"Point","coordinates":[88.3236193,22.5279756]}},
{"type":"Feature","properties":{"fid":1155},"geometry":{"type":"Point","coordinates":[88.3235028,22.5279934]}},
{"type":"Feature","properties":{"fid":1156},"geometry":{"type":"Point","coordinates":[88.3229971,22.5281219]}},
{"type":"Feature","properties":{"fid":1157},"geometry":{"type":"Point","coordinates":[88.323058,22.5283383]}},
{"type":"Feature","properties":{"fid":1158},"geometry":{"type":"Point","coordinates":[88.3245973,22.5269329]}},
{"type":"Feature","properties":{"fid":1159},"geometry":{"type":"Point","coordinates":[88.3246613,22.5276835]}},
{"type":"Feature","properties":{"fid":1160},"geometry":{"type":"Point","coordinates":[88.3239668,22.5269264]}},
{"type":"Feature","properties":{"fid":1161},"geometry":{"type":"Point","coordinates":[88.3241533,22.5278963]}},
{"type":"Feature","properties":{"fid":1162},"geometry":{"type":"Point","coordinates":[88.3232082,22.5276945]}},
{"type":"Feature","properties":{"fid":1163},"geometry":{"type":"Point","coordinates":[88.3230791,22.5269818]}},
{"type":"Feature","properties":{"fid":1164},"geometry":{"type":"Point","coordinates":[88.3240828,22.527563]}},
{"type":"Feature","properties":{"fid":1165},"geometry":{"type":"Point","coordinates":[88.3236456,22.5276204]}},
{"type":"Feature","properties":{"fid":1166},"geometry":{"type":"Point","coordinates":[88.3225894,22.5275742]}},
{"type":"Feature","properties":{"fid":1167},"geometry":{"type":"Point","coordinates":[88.32252,22.5270372]}},
{"type":"Feature","properties":{"fid":1168},"geometry":{"type":"Point","coordinates":[88.3229567,22.5283777]}},
{"type":"Feature","properties":{"fid":1169},"geometry":{"type":"Point","coordinates":[88.3230912,22.5287316]}},
{"type":"Feature","properties":{"fid":1170},"geometry":{"type":"Point","coordinates":[88.3228343,22.5270054]}},
{"type":"Feature","properties":{"fid":1171},"geometry":{"type":"Point","coordinates":[88.3224633,22.5289195]}},
{"type":"Feature","properties":{"fid":1172},"geometry":{"type":"Point","coordinates":[88.3229428,22.5283826]}},
{"type":"Feature","properties":{"fid":1173},"geometry":{"type":"Point","coordinates":[88.3236757,22.5290805]}},
{"type":"Feature","properties":{"fid":1174},"geometry":{"type":"Point","coordinates":[88.3221548,22.5291525]}},
{"type":"Feature","properties":{"fid":1175},"geometry":{"type":"Point","coordinates":[88.3234886,22.5279532]}},
{"type":"Feature","properties":{"fid":1176},"geometry":{"type":"Point","coordinates":[88.3248183,22.5263701]}},
{"type":"Feature","properties":{"fid":1177},"geometry":{"type":"Point","coordinates":[88.3249765,22.526219]}},
{"type":"Feature","properties":{"fid":1178},"geometry":{"type":"Point","coordinates":[88.3232534,22.5264923]}},
{"type":"Feature","properties":{"fid":1179},"geometry":{"type":"Point","coordinates":[88.3239346,22.5269267]}},
{"type":"Feature","properties":{"fid":1180},"geometry":{"type":"Point","coordinates":[88.3252771,22.5264712]}},
{"type":"Feature","properties":{"fid":1181},"geometry":{"type":"Point","coordinates":[88.3250894,22.5265247]}},
{"type":"Feature","properties":{"fid":1182},"geometry":{"type":"Point","coordinates":[88.3254432,22.5268309]}},
{"type":"Feature","properties":{"fid":1183},"geometry":{"type":"Point","coordinates":[88.3257434,22.5265589]}},
{"type":"Feature","properties":{"fid":1184},"geometry":{"type":"Point","coordinates":[88.3244106,22.5255748]}},
{"type":"Feature","properties":{"fid":1185},"geometry":{"type":"Point","coordinates":[88.3243733,22.5251703]}},
{"type":"Feature","properties":{"fid":1186},"geometry":{"type":"Point","coordinates":[88.324916,22.5259236]}},
{"type":"Feature","properties":{"fid":1187},"geometry":{"type":"Point","coordinates":[88.3256185,22.5260907]}},
{"type":"Feature","properties":{"fid":1188},"geometry":{"type":"Point","coordinates":[88.3233243,22.5252973]}},
{"type":"Feature","properties":{"fid":1189},"geometry":{"type":"Point","coordinates":[88.3249202,22.5268359]}},
{"type":"Feature","properties":{"fid":1190},"geometry":{"type":"Point","coordinates":[88.3248954,22.5270041]}},
{"type":"Feature","properties":{"fid":1191},"geometry":{"type":"Point","coordinates":[88.3253087,22.5250003]}},
{"type":"Feature","properties":{"fid":1192},"geometry":{"type":"Point","coordinates":[88.3226242,22.5256467]}},
{"type":"Feature","properties":{"fid":1193},"geometry":{"type":"Point","coordinates":[88.3233704,22.5255469]}},
{"type":"Feature","properties":{"fid":1194},"geometry":{"type":"Point","coordinates":[88.3212349,22.5256293]}},
{"type":"Feature","properties":{"fid":1195},"geometry":{"type":"Point","coordinates":[88.3248532,22.5259341]}},
{"type":"Feature","properties":{"fid":1196},"geometry":{"type":"Point","coordinates":[88.3250114,22.5254683]}},
{"type":"Feature","properties":{"fid":1197},"geometry":{"type":"Point","coordinates":[88.3244723,22.5264965]}},
{"type":"Feature","properties":{"fid":1198},"geometry":{"type":"Point","coordinates":[88.3245275,22.5269306]}},
{"type":"Feature","properties":{"fid":1199},"geometry":{"type":"Point","coordinates":[88.323412,22.5257721]}},
{"type":"Feature","properties":{"fid":1200},"geometry":{"type":"Point","coordinates":[88.3237199,22.5257069]}},
{"type":"Feature","properties":{"fid":1201},"geometry":{"type":"Point","coordinates":[88.3247486,22.5255352]}},
{"type":"Feature","properties":{"fid":1202},"geometry":{"type":"Point","coordinates":[88.3253969,22.5253083]}},
{"type":"Feature","properties":{"fid":1203},"geometry":{"type":"Point","coordinates":[88.3251536,22.5261818]}},
{"type":"Feature","properties":{"fid":1204},"geometry":{"type":"Point","coordinates":[88.3251611,22.5270569]}},
{"type":"Feature","properties":{"fid":1205},"geometry":{"type":"Point","coordinates":[88.3229998,22.5266228]}},
{"type":"Feature","properties":{"fid":1206},"geometry":{"type":"Point","coordinates":[88.3199663,22.5255723]}},
{"type":"Feature","properties":{"fid":1207},"geometry":{"type":"Point","coordinates":[88.3191611,22.5256628]}},
{"type":"Feature","properties":{"fid":1208},"geometry":{"type":"Point","coordinates":[88.3196993,22.5253013]}},
{"type":"Feature","properties":{"fid":1209},"geometry":{"type":"Point","coordinates":[88.3197328,22.5255985]}},
{"type":"Feature","properties":{"fid":1210},"geometry":{"type":"Point","coordinates":[88.3231136,22.5260711]}},
{"type":"Feature","properties":{"fid":1211},"geometry":{"type":"Point","coordinates":[88.3233207,22.526961]}},
{"type":"Feature","properties":{"fid":1212},"geometry":{"type":"Point","coordinates":[88.3235657,22.5266699]}},
{"type":"Feature","properties":{"fid":1213},"geometry":{"type":"Point","coordinates":[88.3236126,22.5269382]}},
{"type":"Feature","properties":{"fid":1214},"geometry":{"type":"Point","coordinates":[88.3230722,22.5264692]}},
{"type":"Feature","properties":{"fid":1215},"geometry":{"type":"Point","coordinates":[88.3226001,22.5264172]}},
{"type":"Feature","properties":{"fid":1216},"geometry":{"type":"Point","coordinates":[88.3237588,22.5260431]}},
{"type":"Feature","properties":{"fid":1217},"geometry":{"type":"Point","coordinates":[88.3234584,22.5260233]}},
{"type":"Feature","properties":{"fid":1218},"geometry":{"type":"Point","coordinates":[88.3223386,22.527057]}},
{"type":"Feature","properties":{"fid":1219},"geometry":{"type":"Point","coordinates":[88.3223119,22.5264607]}},
{"type":"Feature","properties":{"fid":1220},"geometry":{"type":"Point","coordinates":[88.3236408,22.5252626]}},
{"type":"Feature","properties":{"fid":1221},"geometry":{"type":"Point","coordinates":[88.3226736,22.5270217]}},
{"type":"Feature","properties":{"fid":1222},"geometry":{"type":"Point","coordinates":[88.3228791,22.5266749]}},
{"type":"Feature","properties":{"fid":1223},"geometry":{"type":"Point","coordinates":[88.3232559,22.526568]}},
{"type":"Feature","properties":{"fid":1224},"geometry":{"type":"Point","coordinates":[88.3221173,22.5267046]}},
{"type":"Feature","properties":{"fid":1225},"geometry":{"type":"Point","coordinates":[88.3221026,22.5264922]}},
{"type":"Feature","properties":{"fid":1226},"geometry":{"type":"Point","coordinates":[88.3225665,22.5261444]}},
{"type":"Feature","properties":{"fid":1227},"geometry":{"type":"Point","coordinates":[88.3218502,22.5265303]}},
{"type":"Feature","properties":{"fid":1228},"geometry":{"type":"Point","coordinates":[88.3222058,22.5267665]}},
{"type":"Feature","properties":{"fid":1229},"geometry":{"type":"Point","coordinates":[88.3223226,22.5267331]}},
{"type":"Feature","properties":{"fid":1230},"geometry":{"type":"Point","coordinates":[88.3200586,22.5286021]}},
{"type":"Feature","properties":{"fid":1231},"geometry":{"type":"Point","coordinates":[88.3198658,22.5270436]}},
{"type":"Feature","properties":{"fid":1232},"geometry":{"type":"Point","coordinates":[88.3202052,22.527946]}},
{"type":"Feature","properties":{"fid":1233},"geometry":{"type":"Point","coordinates":[88.3207068,22.5283598]}},
{"type":"Feature","properties":{"fid":1234},"geometry":{"type":"Point","coordinates":[88.3208382,22.5283945]}},
{"type":"Feature","properties":{"fid":1235},"geometry":{"type":"Point","coordinates":[88.32137,22.5284485]}},
{"type":"Feature","properties":{"fid":1236},"geometry":{"type":"Point","coordinates":[88.3212707,22.5276218]}},
{"type":"Feature","properties":{"fid":1237},"geometry":{"type":"Point","coordinates":[88.3220449,22.5291872]}},
{"type":"Feature","properties":{"fid":1238},"geometry":{"type":"Point","coordinates":[88.3193496,22.5276364]}},
{"type":"Feature","properties":{"fid":1239},"geometry":{"type":"Point","coordinates":[88.3199197,22.5274234]}},
{"type":"Feature","properties":{"fid":1240},"geometry":{"type":"Point","coordinates":[88.3193147,22.5283426]}},
{"type":"Feature","properties":{"fid":1241},"geometry":{"type":"Point","coordinates":[88.3192391,22.5276459]}},
{"type":"Feature","properties":{"fid":1242},"geometry":{"type":"Point","coordinates":[88.3189775,22.5282339]}},
{"type":"Feature","properties":{"fid":1243},"geometry":{"type":"Point","coordinates":[88.3191074,22.5271176]}},
{"type":"Feature","properties":{"fid":1244},"geometry":{"type":"Point","coordinates":[88.3181479,22.527502]}},
{"type":"Feature","properties":{"fid":1245},"geometry":{"type":"Point","coordinates":[88.3196123,22.5284508]}},
{"type":"Feature","properties":{"fid":1246},"geometry":{"type":"Point","coordinates":[88.3196496,22.5274181]}},
{"type":"Feature","properties":{"fid":1247},"geometry":{"type":"Point","coordinates":[88.3190261,22.5275999]}},
{"type":"Feature","properties":{"fid":1248},"geometry":{"type":"Point","coordinates":[88.3190729,22.5274453]}},
{"type":"Feature","properties":{"fid":1249},"geometry":{"type":"Point","coordinates":[88.3207899,22.5263629]}},
{"type":"Feature","properties":{"fid":1250},"geometry":{"type":"Point","coordinates":[88.3195772,22.5259687]}},
{"type":"Feature","properties":{"fid":1251},"geometry":{"type":"Point","coordinates":[88.3187015,22.5264803]}},
{"type":"Feature","properties":{"fid":1252},"geometry":{"type":"Point","coordinates":[88.3188078,22.5271369]}},
{"type":"Feature","properties":{"fid":1253},"geometry":{"type":"Point","coordinates":[88.3194082,22.5258696]}},
{"type":"Feature","properties":{"fid":1254},"geometry":{"type":"Point","coordinates":[88.3196077,22.5270823]}},
{"type":"Feature","properties":{"fid":1255},"geometry":{"type":"Point","coordinates":[88.3207466,22.5262264]}},
{"type":"Feature","properties":{"fid":1256},"geometry":{"type":"Point","coordinates":[88.3197381,22.5264221]}},
{"type":"Feature","properties":{"fid":1257},"geometry":{"type":"Point","coordinates":[88.3214252,22.5265708]}},
{"type":"Feature","properties":{"fid":1258},"geometry":{"type":"Point","coordinates":[88.3211821,22.5265862]}},
{"type":"Feature","properties":{"fid":1259},"geometry":{"type":"Point","coordinates":[88.321831,22.5263975]}},
{"type":"Feature","properties":{"fid":1260},"geometry":{"type":"Point","coordinates":[88.3209586,22.5270803]}},
{"type":"Feature","properties":{"fid":1261},"geometry":{"type":"Point","coordinates":[88.3189012,22.5267293]}},
{"type":"Feature","properties":{"fid":1262},"geometry":{"type":"Point","coordinates":[88.318982,22.5271267]}},
{"type":"Feature","properties":{"fid":1263},"geometry":{"type":"Point","coordinates":[88.3199902,22.5256863]}},
{"type":"Feature","properties":{"fid":1264},"geometry":{"type":"Point","coordinates":[88.3202374,22.5270219]}},
{"type":"Feature","properties":{"fid":1265},"geometry":{"type":"Point","coordinates":[88.3183691,22.5264676]}},
{"type":"Feature","properties":{"fid":1266},"geometry":{"type":"Point","coordinates":[88.3191804,22.5271152]}},
{"type":"Feature","properties":{"fid":1267},"geometry":{"type":"Point","coordinates":[88.3211838,22.5264444]}},
{"type":"Feature","properties":{"fid":1268},"geometry":{"type":"Point","coordinates":[88.3212165,22.5271049]}},
{"type":"Feature","properties":{"fid":1269},"geometry":{"type":"Point","coordinates":[88.3190112,22.5261768]}},
{"type":"Feature","properties":{"fid":1270},"geometry":{"type":"Point","coordinates":[88.3193905,22.5261077]}},
{"type":"Feature","properties":{"fid":1271},"geometry":{"type":"Point","coordinates":[88.3185767,22.5267615]}},
{"type":"Feature","properties":{"fid":1272},"geometry":{"type":"Point","coordinates":[88.3185798,22.5271503]}},
{"type":"Feature","properties":{"fid":1273},"geometry":{"type":"Point","coordinates":[88.3211865,22.5261149]}},
{"type":"Feature","properties":{"fid":1274},"geometry":{"type":"Point","coordinates":[88.3217771,22.5260256]}},
{"type":"Feature","properties":{"fid":1275},"geometry":{"type":"Point","coordinates":[88.3212884,22.5257854]}},
{"type":"Feature","properties":{"fid":1276},"geometry":{"type":"Point","coordinates":[88.3217364,22.5257683]}},
{"type":"Feature","properties":{"fid":1277},"geometry":{"type":"Point","coordinates":[88.3197864,22.5260356]}},
{"type":"Feature","properties":{"fid":1278},"geometry":{"type":"Point","coordinates":[88.3200475,22.5259816]}},
{"type":"Feature","properties":{"fid":1279},"geometry":{"type":"Point","coordinates":[88.3196764,22.5262115]}},
{"type":"Feature","properties":{"fid":1280},"geometry":{"type":"Point","coordinates":[88.3194052,22.5262539]}},
{"type":"Feature","properties":{"fid":1281},"geometry":{"type":"Point","coordinates":[88.3209091,22.5244282]}},
{"type":"Feature","properties":{"fid":1282},"geometry":{"type":"Point","coordinates":[88.3240421,22.5241552]}},
{"type":"Feature","properties":{"fid":1283},"geometry":{"type":"Point","coordinates":[88.3232947,22.5229782]}},
{"type":"Feature","properties":{"fid":1284},"geometry":{"type":"Point","coordinates":[88.3241283,22.5248026]}},
{"type":"Feature","properties":{"fid":1285},"geometry":{"type":"Point","coordinates":[88.3239575,22.5233945]}},
{"type":"Feature","properties":{"fid":1286},"geometry":{"type":"Point","coordinates":[88.3211893,22.5237331]}},
{"type":"Feature","properties":{"fid":1287},"geometry":{"type":"Point","coordinates":[88.3212731,22.5243958]}},
{"type":"Feature","properties":{"fid":1288},"geometry":{"type":"Point","coordinates":[88.3211576,22.5248987]}},
{"type":"Feature","properties":{"fid":1289},"geometry":{"type":"Point","coordinates":[88.3222701,22.5248042]}},
{"type":"Feature","properties":{"fid":1290},"geometry":{"type":"Point","coordinates":[88.3211091,22.5244155]}},
{"type":"Feature","properties":{"fid":1291},"geometry":{"type":"Point","coordinates":[88.3211842,22.5251244]}},
{"type":"Feature","properties":{"fid":1292},"geometry":{"type":"Point","coordinates":[88.3233128,22.5196183]}},
{"type":"Feature","properties":{"fid":1293},"geometry":{"type":"Point","coordinates":[88.3194693,22.5253287]}},
{"type":"Feature","properties":{"fid":1294},"geometry":{"type":"Point","coordinates":[88.3204539,22.5230074]}},
{"type":"Feature","properties":{"fid":1295},"geometry":{"type":"Point","coordinates":[88.3201201,22.5251916]}},
{"type":"Feature","properties":{"fid":1296},"geometry":{"type":"Point","coordinates":[88.3227395,22.5215759]}},
{"type":"Feature","properties":{"fid":1297},"geometry":{"type":"Point","coordinates":[88.3243162,22.5213979]}},
{"type":"Feature","properties":{"fid":1298},"geometry":{"type":"Point","coordinates":[88.3235871,22.5228915]}},
{"type":"Feature","properties":{"fid":1299},"geometry":{"type":"Point","coordinates":[88.324713,22.5224152]}},
{"type":"Feature","properties":{"fid":1300},"geometry":{"type":"Point","coordinates":[88.3222752,22.5223631]}},
{"type":"Feature","properties":{"fid":1301},"geometry":{"type":"Point","coordinates":[88.3222981,22.520637]}},
{"type":"Feature","properties":{"fid":1302},"geometry":{"type":"Point","coordinates":[88.3237049,22.5218317]}},
{"type":"Feature","properties":{"fid":1303},"geometry":{"type":"Point","coordinates":[88.3237439,22.5221754]}},
{"type":"Feature","properties":{"fid":1304},"geometry":{"type":"Point","coordinates":[88.3239572,22.5242022]}},
{"type":"Feature","properties":{"fid":1305},"geometry":{"type":"Point","coordinates":[88.3233128,22.5222357]}},
{"type":"Feature","properties":{"fid":1306},"geometry":{"type":"Point","coordinates":[88.3244072,22.5218798]}},
{"type":"Feature","properties":{"fid":1307},"geometry":{"type":"Point","coordinates":[88.3230736,22.520789]}},
{"type":"Feature","properties":{"fid":1308},"geometry":{"type":"Point","coordinates":[88.3225526,22.5203208]}},
{"type":"Feature","properties":{"fid":1309},"geometry":{"type":"Point","coordinates":[88.3195426,22.5249794]}},
{"type":"Feature","properties":{"fid":1310},"geometry":{"type":"Point","coordinates":[88.32009,22.524923]}},
{"type":"Feature","properties":{"fid":1311},"geometry":{"type":"Point","coordinates":[88.3196362,22.5246729]}},
{"type":"Feature","properties":{"fid":1312},"geometry":{"type":"Point","coordinates":[88.3199724,22.5249351]}},
{"type":"Feature","properties":{"fid":1313},"geometry":{"type":"Point","coordinates":[88.3207113,22.5245109]}},
{"type":"Feature","properties":{"fid":1314},"geometry":{"type":"Point","coordinates":[88.3200523,22.524599]}},
{"type":"Feature","properties":{"fid":1315},"geometry":{"type":"Point","coordinates":[88.3210846,22.5226834]}},
{"type":"Feature","properties":{"fid":1316},"geometry":{"type":"Point","coordinates":[88.323488,22.5229677]}},
{"type":"Feature","properties":{"fid":1317},"geometry":{"type":"Point","coordinates":[88.3232491,22.5223687]}},
{"type":"Feature","properties":{"fid":1318},"geometry":{"type":"Point","coordinates":[88.3233077,22.5228612]}},
{"type":"Feature","properties":{"fid":1319},"geometry":{"type":"Point","coordinates":[88.3241959,22.5222597]}},
{"type":"Feature","properties":{"fid":1320},"geometry":{"type":"Point","coordinates":[88.3235576,22.5227501]}},
{"type":"Feature","properties":{"fid":1321},"geometry":{"type":"Point","coordinates":[88.3244392,22.5224558]}},
{"type":"Feature","properties":{"fid":1322},"geometry":{"type":"Point","coordinates":[88.323006,22.5214044]}},
{"type":"Feature","properties":{"fid":1323},"geometry":{"type":"Point","coordinates":[88.3233966,22.5214986]}},
{"type":"Feature","properties":{"fid":1324},"geometry":{"type":"Point","coordinates":[88.3238258,22.5209193]}},
{"type":"Feature","properties":{"fid":1325},"geometry":{"type":"Point","coordinates":[88.3242201,22.520992]}},
{"type":"Feature","properties":{"fid":1326},"geometry":{"type":"Point","coordinates":[88.3234476,22.5204164]}},
{"type":"Feature","properties":{"fid":1327},"geometry":{"type":"Point","coordinates":[88.3234756,22.5200173]}},
{"type":"Feature","properties":{"fid":1328},"geometry":{"type":"Point","coordinates":[88.3231151,22.5210379]}},
{"type":"Feature","properties":{"fid":1329},"geometry":{"type":"Point","coordinates":[88.3236675,22.5200893]}},
{"type":"Feature","properties":{"fid":1330},"geometry":{"type":"Point","coordinates":[88.3216744,22.5380777]}},
{"type":"Feature","properties":{"fid":1331},"geometry":{"type":"Point","coordinates":[88.3206853,22.5348889]}},
{"type":"Feature","properties":{"fid":1332},"geometry":{"type":"Point","coordinates":[88.3199795,22.5378333]}},
{"type":"Feature","properties":{"fid":1333},"geometry":{"type":"Point","coordinates":[88.3198065,22.5369529]}},
{"type":"Feature","properties":{"fid":1334},"geometry":{"type":"Point","coordinates":[88.3210632,22.5368226]}},
{"type":"Feature","properties":{"fid":1335},"geometry":{"type":"Point","coordinates":[88.3214804,22.5367435]}},
{"type":"Feature","properties":{"fid":1336},"geometry":{"type":"Point","coordinates":[88.3208548,22.5354554]}},
{"type":"Feature","properties":{"fid":1337},"geometry":{"type":"Point","coordinates":[88.3193018,22.5360748]}},
{"type":"Feature","properties":{"fid":1338},"geometry":{"type":"Point","coordinates":[88.3205224,22.5387881]}},
{"type":"Feature","properties":{"fid":1339},"geometry":{"type":"Point","coordinates":[88.3203218,22.5379699]}},
{"type":"Feature","properties":{"fid":1340},"geometry":{"type":"Point","coordinates":[88.3212831,22.53801]}},
{"type":"Feature","properties":{"fid":1341},"geometry":{"type":"Point","coordinates":[88.3215923,22.5374214]}},
{"type":"Feature","properties":{"fid":1342},"geometry":{"type":"Point","coordinates":[88.3206986,22.5377225]}},
{"type":"Feature","properties":{"fid":1343},"geometry":{"type":"Point","coordinates":[88.3205642,22.5367171]}},
{"type":"Feature","properties":{"fid":1344},"geometry":{"type":"Point","coordinates":[88.3208315,22.5366714]}},
{"type":"Feature","properties":{"fid":1345},"geometry":{"type":"Point","coordinates":[88.3195397,22.5370381]}},
{"type":"Feature","properties":{"fid":1346},"geometry":{"type":"Point","coordinates":[88.321528,22.5369547]}},
{"type":"Feature","properties":{"fid":1347},"geometry":{"type":"Point","coordinates":[88.3209957,22.5370859]}},
{"type":"Feature","properties":{"fid":1348},"geometry":{"type":"Point","coordinates":[88.3228435,22.5361955]}},
{"type":"Feature","properties":{"fid":1349},"geometry":{"type":"Point","coordinates":[88.3214316,22.5365501]}},
{"type":"Feature","properties":{"fid":1350},"geometry":{"type":"Point","coordinates":[88.3203758,22.5381397]}},
{"type":"Feature","properties":{"fid":1351},"geometry":{"type":"Point","coordinates":[88.3202347,22.5387691]}},
{"type":"Feature","properties":{"fid":1352},"geometry":{"type":"Point","coordinates":[88.3208164,22.5383808]}},
{"type":"Feature","properties":{"fid":1353},"geometry":{"type":"Point","coordinates":[88.3204842,22.5384705]}},
{"type":"Feature","properties":{"fid":1354},"geometry":{"type":"Point","coordinates":[88.3211324,22.537449]}},
{"type":"Feature","properties":{"fid":1355},"geometry":{"type":"Point","coordinates":[88.3210399,22.5373496]}},
{"type":"Feature","properties":{"fid":1356},"geometry":{"type":"Point","coordinates":[88.3206024,22.537403]}},
{"type":"Feature","properties":{"fid":1357},"geometry":{"type":"Point","coordinates":[88.3201856,22.5373563]}},
{"type":"Feature","properties":{"fid":1358},"geometry":{"type":"Point","coordinates":[88.3200868,22.5368726]}},
{"type":"Feature","properties":{"fid":1359},"geometry":{"type":"Point","coordinates":[88.3204377,22.5367361]}},
{"type":"Feature","properties":{"fid":1360},"geometry":{"type":"Point","coordinates":[88.3201662,22.5357345]}},
{"type":"Feature","properties":{"fid":1361},"geometry":{"type":"Point","coordinates":[88.3209156,22.5364113]}},
{"type":"Feature","properties":{"fid":1362},"geometry":{"type":"Point","coordinates":[88.3208051,22.5354755]}},
{"type":"Feature","properties":{"fid":1363},"geometry":{"type":"Point","coordinates":[88.3202587,22.536114]}},
{"type":"Feature","properties":{"fid":1364},"geometry":{"type":"Point","coordinates":[88.3204948,22.5360759]}},
{"type":"Feature","properties":{"fid":1365},"geometry":{"type":"Point","coordinates":[88.320802,22.5358033]}},
{"type":"Feature","properties":{"fid":1366},"geometry":{"type":"Point","coordinates":[88.3212314,22.535741]}},
{"type":"Feature","properties":{"fid":1367},"geometry":{"type":"Point","coordinates":[88.3203029,22.5362929]}},
{"type":"Feature","properties":{"fid":1368},"geometry":{"type":"Point","coordinates":[88.3198986,22.5358493]}},
{"type":"Feature","properties":{"fid":1369},"geometry":{"type":"Point","coordinates":[88.3213341,22.5361344]}},
{"type":"Feature","properties":{"fid":1370},"geometry":{"type":"Point","coordinates":[88.3198822,22.536322]}},
{"type":"Feature","properties":{"fid":1371},"geometry":{"type":"Point","coordinates":[88.319471,22.5367466]}},
{"type":"Feature","properties":{"fid":1372},"geometry":{"type":"Point","coordinates":[88.3205207,22.5362703]}},
{"type":"Feature","properties":{"fid":1373},"geometry":{"type":"Point","coordinates":[88.3204932,22.535602]}},
{"type":"Feature","properties":{"fid":1374},"geometry":{"type":"Point","coordinates":[88.3200274,22.536274]}},
{"type":"Feature","properties":{"fid":1375},"geometry":{"type":"Point","coordinates":[88.3193976,22.5364329]}},
{"type":"Feature","properties":{"fid":1376},"geometry":{"type":"Point","coordinates":[88.3201198,22.5373581]}},
{"type":"Feature","properties":{"fid":1377},"geometry":{"type":"Point","coordinates":[88.3195772,22.5374422]}},
{"type":"Feature","properties":{"fid":1378},"geometry":{"type":"Point","coordinates":[88.3222506,22.5350884]}},
{"type":"Feature","properties":{"fid":1379},"geometry":{"type":"Point","coordinates":[88.3225667,22.5350267]}},
{"type":"Feature","properties":{"fid":1380},"geometry":{"type":"Point","coordinates":[88.3204087,22.537328]}},
{"type":"Feature","properties":{"fid":1381},"geometry":{"type":"Point","coordinates":[88.3201675,22.5372398]}},
{"type":"Feature","properties":{"fid":1382},"geometry":{"type":"Point","coordinates":[88.3222354,22.5363602]}},
{"type":"Feature","properties":{"fid":1383},"geometry":{"type":"Point","coordinates":[88.3217395,22.5346708]}},
{"type":"Feature","properties":{"fid":1384},"geometry":{"type":"Point","coordinates":[88.3218066,22.5362383]}},
{"type":"Feature","properties":{"fid":1385},"geometry":{"type":"Point","coordinates":[88.3213812,22.5363384]}},
{"type":"Feature","properties":{"fid":1386},"geometry":{"type":"Point","coordinates":[88.3217874,22.5353436]}},
{"type":"Feature","properties":{"fid":1387},"geometry":{"type":"Point","coordinates":[88.3211482,22.5355331]}},
{"type":"Feature","properties":{"fid":1388},"geometry":{"type":"Point","coordinates":[88.3213656,22.535049]}},
{"type":"Feature","properties":{"fid":1389},"geometry":{"type":"Point","coordinates":[88.3212169,22.5354777]}},
{"type":"Feature","properties":{"fid":1390},"geometry":{"type":"Point","coordinates":[88.3203336,22.5354575]}},
{"type":"Feature","properties":{"fid":1391},"geometry":{"type":"Point","coordinates":[88.3201306,22.5350344]}},
{"type":"Feature","properties":{"fid":1392},"geometry":{"type":"Point","coordinates":[88.3217774,22.5359113]}},
{"type":"Feature","properties":{"fid":1393},"geometry":{"type":"Point","coordinates":[88.3220931,22.5358417]}},
{"type":"Feature","properties":{"fid":1394},"geometry":{"type":"Point","coordinates":[88.3220428,22.5355759]}},
{"type":"Feature","properties":{"fid":1395},"geometry":{"type":"Point","coordinates":[88.3212566,22.5358167]}},
{"type":"Feature","properties":{"fid":1396},"geometry":{"type":"Point","coordinates":[88.3216586,22.535351]}},
{"type":"Feature","properties":{"fid":1397},"geometry":{"type":"Point","coordinates":[88.3215013,22.5347154]}},
{"type":"Feature","properties":{"fid":1398},"geometry":{"type":"Point","coordinates":[88.3190381,22.5382]}},
{"type":"Feature","properties":{"fid":1399},"geometry":{"type":"Point","coordinates":[88.318909,22.5376858]}},
{"type":"Feature","properties":{"fid":1400},"geometry":{"type":"Point","coordinates":[88.3195582,22.5381899]}},
{"type":"Feature","properties":{"fid":1401},"geometry":{"type":"Point","coordinates":[88.319731,22.538161]}},
{"type":"Feature","properties":{"fid":1402},"geometry":{"type":"Point","coordinates":[88.3191453,22.5376122]}},
{"type":"Feature","properties":{"fid":1403},"geometry":{"type":"Point","coordinates":[88.3193587,22.5386974]}},
{"type":"Feature","properties":{"fid":1404},"geometry":{"type":"Point","coordinates":[88.3195802,22.5374767]}},
{"type":"Feature","properties":{"fid":1405},"geometry":{"type":"Point","coordinates":[88.3183675,22.5378383]}},
{"type":"Feature","properties":{"fid":1406},"geometry":{"type":"Point","coordinates":[88.3181851,22.5352717]}},
{"type":"Feature","properties":{"fid":1407},"geometry":{"type":"Point","coordinates":[88.3166562,22.5365956]}},
{"type":"Feature","properties":{"fid":1408},"geometry":{"type":"Point","coordinates":[88.3176901,22.5376232]}},
{"type":"Feature","properties":{"fid":1409},"geometry":{"type":"Point","coordinates":[88.3182824,22.5374885]}},
{"type":"Feature","properties":{"fid":1410},"geometry":{"type":"Point","coordinates":[88.3193275,22.5382855]}},
{"type":"Feature","properties":{"fid":1411},"geometry":{"type":"Point","coordinates":[88.3186572,22.5377605]}},
{"type":"Feature","properties":{"fid":1412},"geometry":{"type":"Point","coordinates":[88.319663,22.5379191]}},
{"type":"Feature","properties":{"fid":1413},"geometry":{"type":"Point","coordinates":[88.319258,22.5379894]}},
{"type":"Feature","properties":{"fid":1414},"geometry":{"type":"Point","coordinates":[88.3180537,22.5378011]}},
{"type":"Feature","properties":{"fid":1415},"geometry":{"type":"Point","coordinates":[88.3183374,22.5377051]}},
{"type":"Feature","properties":{"fid":1416},"geometry":{"type":"Point","coordinates":[88.3179384,22.5362503]}},
{"type":"Feature","properties":{"fid":1417},"geometry":{"type":"Point","coordinates":[88.318563,22.538719]}},
{"type":"Feature","properties":{"fid":1418},"geometry":{"type":"Point","coordinates":[88.3196357,22.5384222]}},
{"type":"Feature","properties":{"fid":1419},"geometry":{"type":"Point","coordinates":[88.3197954,22.538399]}},
{"type":"Feature","properties":{"fid":1420},"geometry":{"type":"Point","coordinates":[88.3166897,22.536747]}},
{"type":"Feature","properties":{"fid":1421},"geometry":{"type":"Point","coordinates":[88.3167793,22.5371286]}},
{"type":"Feature","properties":{"fid":1422},"geometry":{"type":"Point","coordinates":[88.3171916,22.5371562]}},
{"type":"Feature","properties":{"fid":1423},"geometry":{"type":"Point","coordinates":[88.3182437,22.5373451]}},
{"type":"Feature","properties":{"fid":1424},"geometry":{"type":"Point","coordinates":[88.317292,22.5382371]}},
{"type":"Feature","properties":{"fid":1425},"geometry":{"type":"Point","coordinates":[88.3169942,22.5365426]}},
{"type":"Feature","properties":{"fid":1426},"geometry":{"type":"Point","coordinates":[88.3181503,22.5369984]}},
{"type":"Feature","properties":{"fid":1427},"geometry":{"type":"Point","coordinates":[88.3171039,22.5384906]}},
{"type":"Feature","properties":{"fid":1428},"geometry":{"type":"Point","coordinates":[88.316921,22.5377262]}},
{"type":"Feature","properties":{"fid":1429},"geometry":{"type":"Point","coordinates":[88.3176621,22.5382396]}},
{"type":"Feature","properties":{"fid":1430},"geometry":{"type":"Point","coordinates":[88.3184715,22.5382735]}},
{"type":"Feature","properties":{"fid":1431},"geometry":{"type":"Point","coordinates":[88.3184051,22.5361487]}},
{"type":"Feature","properties":{"fid":1432},"geometry":{"type":"Point","coordinates":[88.3187779,22.5368919]}},
{"type":"Feature","properties":{"fid":1433},"geometry":{"type":"Point","coordinates":[88.3192447,22.5368377]}},
{"type":"Feature","properties":{"fid":1434},"geometry":{"type":"Point","coordinates":[88.3188499,22.5372459]}},
{"type":"Feature","properties":{"fid":1435},"geometry":{"type":"Point","coordinates":[88.3162114,22.5370966]}},
{"type":"Feature","properties":{"fid":1436},"geometry":{"type":"Point","coordinates":[88.3168354,22.5373881]}},
{"type":"Feature","properties":{"fid":1437},"geometry":{"type":"Point","coordinates":[88.3187531,22.5367123]}},
{"type":"Feature","properties":{"fid":1438},"geometry":{"type":"Point","coordinates":[88.3181187,22.5368797]}},
{"type":"Feature","properties":{"fid":1439},"geometry":{"type":"Point","coordinates":[88.3169389,22.5361815]}},
{"type":"Feature","properties":{"fid":1440},"geometry":{"type":"Point","coordinates":[88.3192313,22.5358037]}},
{"type":"Feature","properties":{"fid":1441},"geometry":{"type":"Point","coordinates":[88.3183611,22.5359789]}},
{"type":"Feature","properties":{"fid":1442},"geometry":{"type":"Point","coordinates":[88.3183882,22.5331756]}},
{"type":"Feature","properties":{"fid":1443},"geometry":{"type":"Point","coordinates":[88.3172538,22.5352773]}},
{"type":"Feature","properties":{"fid":1444},"geometry":{"type":"Point","coordinates":[88.3163728,22.5354651]}},
{"type":"Feature","properties":{"fid":1445},"geometry":{"type":"Point","coordinates":[88.3175267,22.5343242]}},
{"type":"Feature","properties":{"fid":1446},"geometry":{"type":"Point","coordinates":[88.3181335,22.5352846]}},
{"type":"Feature","properties":{"fid":1447},"geometry":{"type":"Point","coordinates":[88.318424,22.535213]}},
{"type":"Feature","properties":{"fid":1448},"geometry":{"type":"Point","coordinates":[88.3168977,22.5351404]}},
{"type":"Feature","properties":{"fid":1449},"geometry":{"type":"Point","coordinates":[88.3166657,22.5354028]}},
{"type":"Feature","properties":{"fid":1450},"geometry":{"type":"Point","coordinates":[88.3173132,22.5340919]}},
{"type":"Feature","properties":{"fid":1451},"geometry":{"type":"Point","coordinates":[88.3173226,22.5336706]}},
{"type":"Feature","properties":{"fid":1452},"geometry":{"type":"Point","coordinates":[88.3177377,22.5333217]}},
{"type":"Feature","properties":{"fid":1453},"geometry":{"type":"Point","coordinates":[88.3179077,22.5339689]}},
{"type":"Feature","properties":{"fid":1454},"geometry":{"type":"Point","coordinates":[88.3183444,22.5334589]}},
{"type":"Feature","properties":{"fid":1455},"geometry":{"type":"Point","coordinates":[88.316466,22.5338505]}},
{"type":"Feature","properties":{"fid":1456},"geometry":{"type":"Point","coordinates":[88.3164498,22.53464]}},
{"type":"Feature","properties":{"fid":1457},"geometry":{"type":"Point","coordinates":[88.3160984,22.5344641]}},
{"type":"Feature","properties":{"fid":1458},"geometry":{"type":"Point","coordinates":[88.3167207,22.5348604]}},
{"type":"Feature","properties":{"fid":1459},"geometry":{"type":"Point","coordinates":[88.3166135,22.5352032]}},
{"type":"Feature","properties":{"fid":1460},"geometry":{"type":"Point","coordinates":[88.3240494,22.5369498]}},
{"type":"Feature","properties":{"fid":1461},"geometry":{"type":"Point","coordinates":[88.3235589,22.5355787]}},
{"type":"Feature","properties":{"fid":1462},"geometry":{"type":"Point","coordinates":[88.3233342,22.5364465]}},
{"type":"Feature","properties":{"fid":1463},"geometry":{"type":"Point","coordinates":[88.3237805,22.5362973]}},
{"type":"Feature","properties":{"fid":1464},"geometry":{"type":"Point","coordinates":[88.324209,22.5345929]}},
{"type":"Feature","properties":{"fid":1465},"geometry":{"type":"Point","coordinates":[88.3243315,22.5355644]}},
{"type":"Feature","properties":{"fid":1466},"geometry":{"type":"Point","coordinates":[88.3231727,22.5355838]}},
{"type":"Feature","properties":{"fid":1467},"geometry":{"type":"Point","coordinates":[88.3227314,22.5356946]}},
{"type":"Feature","properties":{"fid":1468},"geometry":{"type":"Point","coordinates":[88.3241073,22.5364121]}},
{"type":"Feature","properties":{"fid":1469},"geometry":{"type":"Point","coordinates":[88.3238615,22.5365063]}},
{"type":"Feature","properties":{"fid":1470},"geometry":{"type":"Point","coordinates":[88.3237956,22.5352851]}},
{"type":"Feature","properties":{"fid":1471},"geometry":{"type":"Point","coordinates":[88.3234583,22.5359753]}},
{"type":"Feature","properties":{"fid":1472},"geometry":{"type":"Point","coordinates":[88.3246046,22.5360324]}},
{"type":"Feature","properties":{"fid":1473},"geometry":{"type":"Point","coordinates":[88.3246884,22.536831]}},
{"type":"Feature","properties":{"fid":1474},"geometry":{"type":"Point","coordinates":[88.3235313,22.5342619]}},
{"type":"Feature","properties":{"fid":1475},"geometry":{"type":"Point","coordinates":[88.3239882,22.5357674]}},
{"type":"Feature","properties":{"fid":1476},"geometry":{"type":"Point","coordinates":[88.3248559,22.5359556]}},
{"type":"Feature","properties":{"fid":1477},"geometry":{"type":"Point","coordinates":[88.3236172,22.5358938]}},
{"type":"Feature","properties":{"fid":1478},"geometry":{"type":"Point","coordinates":[88.32508,22.536193]}},
{"type":"Feature","properties":{"fid":1479},"geometry":{"type":"Point","coordinates":[88.3243027,22.5351282]}},
{"type":"Feature","properties":{"fid":1480},"geometry":{"type":"Point","coordinates":[88.3249057,22.5350844]}},
{"type":"Feature","properties":{"fid":1481},"geometry":{"type":"Point","coordinates":[88.3236543,22.5359682]}},
{"type":"Feature","properties":{"fid":1482},"geometry":{"type":"Point","coordinates":[88.3239526,22.5356527]}},
{"type":"Feature","properties":{"fid":1483},"geometry":{"type":"Point","coordinates":[88.3246389,22.535518]}},
{"type":"Feature","properties":{"fid":1484},"geometry":{"type":"Point","coordinates":[88.3242928,22.535552]}},
{"type":"Feature","properties":{"fid":1485},"geometry":{"type":"Point","coordinates":[88.3243269,22.535719]}},
{"type":"Feature","properties":{"fid":1486},"geometry":{"type":"Point","coordinates":[88.3237004,22.5347938]}},
{"type":"Feature","properties":{"fid":1487},"geometry":{"type":"Point","coordinates":[88.3242735,22.5349712]}},
{"type":"Feature","properties":{"fid":1488},"geometry":{"type":"Point","coordinates":[88.323732,22.5350458]}},
{"type":"Feature","properties":{"fid":1489},"geometry":{"type":"Point","coordinates":[88.3247807,22.5345162]}},
{"type":"Feature","properties":{"fid":1490},"geometry":{"type":"Point","coordinates":[88.323699,22.534693]}},
{"type":"Feature","properties":{"fid":1491},"geometry":{"type":"Point","coordinates":[88.3241905,22.5353163]}},
{"type":"Feature","properties":{"fid":1492},"geometry":{"type":"Point","coordinates":[88.3238842,22.5354972]}},
{"type":"Feature","properties":{"fid":1493},"geometry":{"type":"Point","coordinates":[88.3233537,22.5332873]}},
{"type":"Feature","properties":{"fid":1494},"geometry":{"type":"Point","coordinates":[88.3226781,22.5334164]}},
{"type":"Feature","properties":{"fid":1495},"geometry":{"type":"Point","coordinates":[88.3235951,22.5342439]}},
{"type":"Feature","properties":{"fid":1496},"geometry":{"type":"Point","coordinates":[88.3234828,22.5335268]}},
{"type":"Feature","properties":{"fid":1497},"geometry":{"type":"Point","coordinates":[88.3231606,22.5336763]}},
{"type":"Feature","properties":{"fid":1498},"geometry":{"type":"Point","coordinates":[88.3227493,22.5337555]}},
{"type":"Feature","properties":{"fid":1499},"geometry":{"type":"Point","coordinates":[88.3227095,22.5335971]}},
{"type":"Feature","properties":{"fid":1500},"geometry":{"type":"Point","coordinates":[88.3243037,22.5339171]}},
{"type":"Feature","properties":{"fid":1501},"geometry":{"type":"Point","coordinates":[88.3231418,22.5335351]}},
{"type":"Feature","properties":{"fid":1502},"geometry":{"type":"Point","coordinates":[88.3228494,22.5327894]}},
{"type":"Feature","properties":{"fid":1503},"geometry":{"type":"Point","coordinates":[88.3236567,22.5335403]}},
{"type":"Feature","properties":{"fid":1504},"geometry":{"type":"Point","coordinates":[88.32342,22.5320265]}},
{"type":"Feature","properties":{"fid":1505},"geometry":{"type":"Point","coordinates":[88.3230345,22.5327101]}},
{"type":"Feature","properties":{"fid":1506},"geometry":{"type":"Point","coordinates":[88.3228857,22.5321362]}},
{"type":"Feature","properties":{"fid":1507},"geometry":{"type":"Point","coordinates":[88.3233001,22.5328042]}},
{"type":"Feature","properties":{"fid":1508},"geometry":{"type":"Point","coordinates":[88.3225614,22.5328382]}},
{"type":"Feature","properties":{"fid":1509},"geometry":{"type":"Point","coordinates":[88.3241718,22.5335177]}},
{"type":"Feature","properties":{"fid":1510},"geometry":{"type":"Point","coordinates":[88.3236215,22.5320058]}},
{"type":"Feature","properties":{"fid":1511},"geometry":{"type":"Point","coordinates":[88.3244436,22.5331321]}},
{"type":"Feature","properties":{"fid":1512},"geometry":{"type":"Point","coordinates":[88.3236063,22.5332571]}},
{"type":"Feature","properties":{"fid":1513},"geometry":{"type":"Point","coordinates":[88.3208079,22.5333535]}},
{"type":"Feature","properties":{"fid":1514},"geometry":{"type":"Point","coordinates":[88.321121,22.5347927]}},
{"type":"Feature","properties":{"fid":1515},"geometry":{"type":"Point","coordinates":[88.3216045,22.5341388]}},
{"type":"Feature","properties":{"fid":1516},"geometry":{"type":"Point","coordinates":[88.3201477,22.5327774]}},
{"type":"Feature","properties":{"fid":1517},"geometry":{"type":"Point","coordinates":[88.3216662,22.5341537]}},
{"type":"Feature","properties":{"fid":1518},"geometry":{"type":"Point","coordinates":[88.3205221,22.5343367]}},
{"type":"Feature","properties":{"fid":1519},"geometry":{"type":"Point","coordinates":[88.3211729,22.5332819]}},
{"type":"Feature","properties":{"fid":1520},"geometry":{"type":"Point","coordinates":[88.3213889,22.5338188]}},
{"type":"Feature","properties":{"fid":1521},"geometry":{"type":"Point","coordinates":[88.3205767,22.5326706]}},
{"type":"Feature","properties":{"fid":1522},"geometry":{"type":"Point","coordinates":[88.3207442,22.5333683]}},
{"type":"Feature","properties":{"fid":1523},"geometry":{"type":"Point","coordinates":[88.3217851,22.532396]}},
{"type":"Feature","properties":{"fid":1524},"geometry":{"type":"Point","coordinates":[88.3221862,22.5345888]}},
{"type":"Feature","properties":{"fid":1525},"geometry":{"type":"Point","coordinates":[88.3218748,22.5342905]}},
{"type":"Feature","properties":{"fid":1526},"geometry":{"type":"Point","coordinates":[88.3218571,22.5340146]}},
{"type":"Feature","properties":{"fid":1527},"geometry":{"type":"Point","coordinates":[88.3204261,22.5339743]}},
{"type":"Feature","properties":{"fid":1528},"geometry":{"type":"Point","coordinates":[88.3214918,22.5338019]}},
{"type":"Feature","properties":{"fid":1529},"geometry":{"type":"Point","coordinates":[88.3220202,22.5344906]}},
{"type":"Feature","properties":{"fid":1530},"geometry":{"type":"Point","coordinates":[88.3217145,22.5341388]}},
{"type":"Feature","properties":{"fid":1531},"geometry":{"type":"Point","coordinates":[88.3213146,22.5342134]}},
{"type":"Feature","properties":{"fid":1532},"geometry":{"type":"Point","coordinates":[88.3214468,22.5347257]}},
{"type":"Feature","properties":{"fid":1533},"geometry":{"type":"Point","coordinates":[88.3205522,22.5333725]}},
{"type":"Feature","properties":{"fid":1534},"geometry":{"type":"Point","coordinates":[88.3218892,22.5331139]}},
{"type":"Feature","properties":{"fid":1535},"geometry":{"type":"Point","coordinates":[88.3216055,22.5331814]}},
{"type":"Feature","properties":{"fid":1536},"geometry":{"type":"Point","coordinates":[88.3212991,22.5336507]}},
{"type":"Feature","properties":{"fid":1537},"geometry":{"type":"Point","coordinates":[88.3225188,22.5325771]}},
{"type":"Feature","properties":{"fid":1538},"geometry":{"type":"Point","coordinates":[88.321837,22.5327293]}},
{"type":"Feature","properties":{"fid":1539},"geometry":{"type":"Point","coordinates":[88.3224498,22.533981]}},
{"type":"Feature","properties":{"fid":1540},"geometry":{"type":"Point","coordinates":[88.3227696,22.5339422]}},
{"type":"Feature","properties":{"fid":1541},"geometry":{"type":"Point","coordinates":[88.3218501,22.5328132]}},
{"type":"Feature","properties":{"fid":1542},"geometry":{"type":"Point","coordinates":[88.322557,22.5328101]}},
{"type":"Feature","properties":{"fid":1543},"geometry":{"type":"Point","coordinates":[88.3222835,22.5341272]}},
{"type":"Feature","properties":{"fid":1544},"geometry":{"type":"Point","coordinates":[88.3220956,22.5341759]}},
{"type":"Feature","properties":{"fid":1545},"geometry":{"type":"Point","coordinates":[88.3220352,22.5339161]}},
{"type":"Feature","properties":{"fid":1546},"geometry":{"type":"Point","coordinates":[88.3226686,22.5334007]}},
{"type":"Feature","properties":{"fid":1547},"geometry":{"type":"Point","coordinates":[88.3219854,22.5335616]}},
{"type":"Feature","properties":{"fid":1548},"geometry":{"type":"Point","coordinates":[88.3222325,22.5330396]}},
{"type":"Feature","properties":{"fid":1549},"geometry":{"type":"Point","coordinates":[88.3224634,22.5331998]}},
{"type":"Feature","properties":{"fid":1550},"geometry":{"type":"Point","coordinates":[88.3219296,22.5333018]}},
{"type":"Feature","properties":{"fid":1551},"geometry":{"type":"Point","coordinates":[88.322617,22.5331625]}},
{"type":"Feature","properties":{"fid":1552},"geometry":{"type":"Point","coordinates":[88.3213341,22.5328463]}},
{"type":"Feature","properties":{"fid":1553},"geometry":{"type":"Point","coordinates":[88.3212766,22.5325123]}},
{"type":"Feature","properties":{"fid":1554},"geometry":{"type":"Point","coordinates":[88.3218234,22.5326418]}},
{"type":"Feature","properties":{"fid":1555},"geometry":{"type":"Point","coordinates":[88.3215536,22.5324454]}},
{"type":"Feature","properties":{"fid":1556},"geometry":{"type":"Point","coordinates":[88.3211975,22.5329357]}},
{"type":"Feature","properties":{"fid":1557},"geometry":{"type":"Point","coordinates":[88.3193636,22.5346272]}},
{"type":"Feature","properties":{"fid":1558},"geometry":{"type":"Point","coordinates":[88.3189416,22.5347401]}},
{"type":"Feature","properties":{"fid":1559},"geometry":{"type":"Point","coordinates":[88.31999,22.5342347]}},
{"type":"Feature","properties":{"fid":1560},"geometry":{"type":"Point","coordinates":[88.3201698,22.5346216]}},
{"type":"Feature","properties":{"fid":1561},"geometry":{"type":"Point","coordinates":[88.319443,22.5348357]}},
{"type":"Feature","properties":{"fid":1562},"geometry":{"type":"Point","coordinates":[88.3189957,22.5349599]}},
{"type":"Feature","properties":{"fid":1563},"geometry":{"type":"Point","coordinates":[88.3204501,22.5340696]}},
{"type":"Feature","properties":{"fid":1564},"geometry":{"type":"Point","coordinates":[88.3188917,22.5345564]}},
{"type":"Feature","properties":{"fid":1565},"geometry":{"type":"Point","coordinates":[88.3192922,22.5344391]}},
{"type":"Feature","properties":{"fid":1566},"geometry":{"type":"Point","coordinates":[88.3195826,22.5352018]}},
{"type":"Feature","properties":{"fid":1567},"geometry":{"type":"Point","coordinates":[88.3200117,22.5350641]}},
{"type":"Feature","properties":{"fid":1568},"geometry":{"type":"Point","coordinates":[88.3197304,22.5343108]}},
{"type":"Feature","properties":{"fid":1569},"geometry":{"type":"Point","coordinates":[88.319447,22.5348989]}},
{"type":"Feature","properties":{"fid":1570},"geometry":{"type":"Point","coordinates":[88.3202961,22.5345531]}},
{"type":"Feature","properties":{"fid":1571},"geometry":{"type":"Point","coordinates":[88.3201461,22.5338849]}},
{"type":"Feature","properties":{"fid":1572},"geometry":{"type":"Point","coordinates":[88.320393,22.5338431]}},
{"type":"Feature","properties":{"fid":1573},"geometry":{"type":"Point","coordinates":[88.3199259,22.5332179]}},
{"type":"Feature","properties":{"fid":1574},"geometry":{"type":"Point","coordinates":[88.3199713,22.5333999]}},
{"type":"Feature","properties":{"fid":1575},"geometry":{"type":"Point","coordinates":[88.319564,22.5335482]}},
{"type":"Feature","properties":{"fid":1576},"geometry":{"type":"Point","coordinates":[88.3193439,22.534424]}},
{"type":"Feature","properties":{"fid":1577},"geometry":{"type":"Point","coordinates":[88.3194755,22.5332749]}},
{"type":"Feature","properties":{"fid":1578},"geometry":{"type":"Point","coordinates":[88.3198041,22.5342892]}},
{"type":"Feature","properties":{"fid":1579},"geometry":{"type":"Point","coordinates":[88.3198455,22.5334285]}},
{"type":"Feature","properties":{"fid":1580},"geometry":{"type":"Point","coordinates":[88.3202743,22.5333632]}},
{"type":"Feature","properties":{"fid":1581},"geometry":{"type":"Point","coordinates":[88.3191922,22.5336776]}},
{"type":"Feature","properties":{"fid":1582},"geometry":{"type":"Point","coordinates":[88.3186863,22.5337795]}},
{"type":"Feature","properties":{"fid":1583},"geometry":{"type":"Point","coordinates":[88.3191109,22.5332813]}},
{"type":"Feature","properties":{"fid":1584},"geometry":{"type":"Point","coordinates":[88.3186129,22.5334073]}},
{"type":"Feature","properties":{"fid":1585},"geometry":{"type":"Point","coordinates":[88.3190838,22.5333938]}},
{"type":"Feature","properties":{"fid":1586},"geometry":{"type":"Point","coordinates":[88.3190327,22.5330314]}},
{"type":"Feature","properties":{"fid":1587},"geometry":{"type":"Point","coordinates":[88.3191831,22.5338248]}},
{"type":"Feature","properties":{"fid":1588},"geometry":{"type":"Point","coordinates":[88.318715,22.5339035]}},
{"type":"Feature","properties":{"fid":1589},"geometry":{"type":"Point","coordinates":[88.3196552,22.5338299]}},
{"type":"Feature","properties":{"fid":1590},"geometry":{"type":"Point","coordinates":[88.3191994,22.5339503]}},
{"type":"Feature","properties":{"fid":1591},"geometry":{"type":"Point","coordinates":[88.3201405,22.5336959]}},
{"type":"Feature","properties":{"fid":1592},"geometry":{"type":"Point","coordinates":[88.32035,22.5336722]}},
{"type":"Feature","properties":{"fid":1593},"geometry":{"type":"Point","coordinates":[88.319366,22.5329573]}},
{"type":"Feature","properties":{"fid":1594},"geometry":{"type":"Point","coordinates":[88.3221492,22.5317641]}},
{"type":"Feature","properties":{"fid":1595},"geometry":{"type":"Point","coordinates":[88.3215034,22.5319114]}},
{"type":"Feature","properties":{"fid":1596},"geometry":{"type":"Point","coordinates":[88.3212067,22.5311391]}},
{"type":"Feature","properties":{"fid":1597},"geometry":{"type":"Point","coordinates":[88.3213882,22.5315357]}},
{"type":"Feature","properties":{"fid":1598},"geometry":{"type":"Point","coordinates":[88.3220502,22.5320783]}},
{"type":"Feature","properties":{"fid":1599},"geometry":{"type":"Point","coordinates":[88.3223933,22.5319961]}},
{"type":"Feature","properties":{"fid":1600},"geometry":{"type":"Point","coordinates":[88.3213179,22.5315605]}},
{"type":"Feature","properties":{"fid":1601},"geometry":{"type":"Point","coordinates":[88.3223058,22.5315579]}},
{"type":"Feature","properties":{"fid":1602},"geometry":{"type":"Point","coordinates":[88.3217538,22.5324022]}},
{"type":"Feature","properties":{"fid":1603},"geometry":{"type":"Point","coordinates":[88.3217176,22.5311691]}},
{"type":"Feature","properties":{"fid":1604},"geometry":{"type":"Point","coordinates":[88.3222231,22.5311238]}},
{"type":"Feature","properties":{"fid":1605},"geometry":{"type":"Point","coordinates":[88.3195371,22.529742]}},
{"type":"Feature","properties":{"fid":1606},"geometry":{"type":"Point","coordinates":[88.3199976,22.5296947]}},
{"type":"Feature","properties":{"fid":1607},"geometry":{"type":"Point","coordinates":[88.3203677,22.529541]}},
{"type":"Feature","properties":{"fid":1608},"geometry":{"type":"Point","coordinates":[88.319985,22.5295618]}},
{"type":"Feature","properties":{"fid":1609},"geometry":{"type":"Point","coordinates":[88.3201002,22.5301236]}},
{"type":"Feature","properties":{"fid":1610},"geometry":{"type":"Point","coordinates":[88.3199583,22.5285754]}},
{"type":"Feature","properties":{"fid":1611},"geometry":{"type":"Point","coordinates":[88.320892,22.5288929]}},
{"type":"Feature","properties":{"fid":1612},"geometry":{"type":"Point","coordinates":[88.3210577,22.5298337]}},
{"type":"Feature","properties":{"fid":1613},"geometry":{"type":"Point","coordinates":[88.3213018,22.5299154]}},
{"type":"Feature","properties":{"fid":1614},"geometry":{"type":"Point","coordinates":[88.3219607,22.5297667]}},
{"type":"Feature","properties":{"fid":1615},"geometry":{"type":"Point","coordinates":[88.3210041,22.5295835]}},
{"type":"Feature","properties":{"fid":1616},"geometry":{"type":"Point","coordinates":[88.3219328,22.5294792]}},
{"type":"Feature","properties":{"fid":1617},"geometry":{"type":"Point","coordinates":[88.3200841,22.5300368]}},
{"type":"Feature","properties":{"fid":1618},"geometry":{"type":"Point","coordinates":[88.3217614,22.5303472]}},
{"type":"Feature","properties":{"fid":1619},"geometry":{"type":"Point","coordinates":[88.3216215,22.5298302]}},
{"type":"Feature","properties":{"fid":1620},"geometry":{"type":"Point","coordinates":[88.3213716,22.5309684]}},
{"type":"Feature","properties":{"fid":1621},"geometry":{"type":"Point","coordinates":[88.3221147,22.5305546]}},
{"type":"Feature","properties":{"fid":1622},"geometry":{"type":"Point","coordinates":[88.3199856,22.5294071]}},
{"type":"Feature","properties":{"fid":1623},"geometry":{"type":"Point","coordinates":[88.320937,22.5295067]}},
{"type":"Feature","properties":{"fid":1624},"geometry":{"type":"Point","coordinates":[88.3200327,22.5297685]}},
{"type":"Feature","properties":{"fid":1625},"geometry":{"type":"Point","coordinates":[88.3204505,22.528733]}},
{"type":"Feature","properties":{"fid":1626},"geometry":{"type":"Point","coordinates":[88.3211784,22.5295686]}},
{"type":"Feature","properties":{"fid":1627},"geometry":{"type":"Point","coordinates":[88.3215069,22.5290937]}},
{"type":"Feature","properties":{"fid":1628},"geometry":{"type":"Point","coordinates":[88.3211551,22.5300394]}},
{"type":"Feature","properties":{"fid":1629},"geometry":{"type":"Point","coordinates":[88.3220603,22.5302784]}},
{"type":"Feature","properties":{"fid":1630},"geometry":{"type":"Point","coordinates":[88.3215352,22.5309436]}},
{"type":"Feature","properties":{"fid":1631},"geometry":{"type":"Point","coordinates":[88.3221769,22.5308816]}},
{"type":"Feature","properties":{"fid":1632},"geometry":{"type":"Point","coordinates":[88.3196061,22.5302083]}},
{"type":"Feature","properties":{"fid":1633},"geometry":{"type":"Point","coordinates":[88.3184559,22.5303808]}},
{"type":"Feature","properties":{"fid":1634},"geometry":{"type":"Point","coordinates":[88.3189271,22.5302033]}},
{"type":"Feature","properties":{"fid":1635},"geometry":{"type":"Point","coordinates":[88.3188387,22.5298736]}},
{"type":"Feature","properties":{"fid":1636},"geometry":{"type":"Point","coordinates":[88.3195009,22.5306956]}},
{"type":"Feature","properties":{"fid":1637},"geometry":{"type":"Point","coordinates":[88.3199764,22.5315174]}},
{"type":"Feature","properties":{"fid":1638},"geometry":{"type":"Point","coordinates":[88.3201538,22.5303465]}},
{"type":"Feature","properties":{"fid":1639},"geometry":{"type":"Point","coordinates":[88.31936,22.5316745]}},
{"type":"Feature","properties":{"fid":1640},"geometry":{"type":"Point","coordinates":[88.3187713,22.5317238]}},
{"type":"Feature","properties":{"fid":1641},"geometry":{"type":"Point","coordinates":[88.3189309,22.531117]}},
{"type":"Feature","properties":{"fid":1642},"geometry":{"type":"Point","coordinates":[88.3188306,22.5307785]}},
{"type":"Feature","properties":{"fid":1643},"geometry":{"type":"Point","coordinates":[88.3192162,22.5315299]}},
{"type":"Feature","properties":{"fid":1644},"geometry":{"type":"Point","coordinates":[88.3198293,22.5309089]}},
{"type":"Feature","properties":{"fid":1645},"geometry":{"type":"Point","coordinates":[88.3208359,22.5307872]}},
{"type":"Feature","properties":{"fid":1646},"geometry":{"type":"Point","coordinates":[88.3198051,22.5299031]}},
{"type":"Feature","properties":{"fid":1647},"geometry":{"type":"Point","coordinates":[88.3199902,22.5308891]}},
{"type":"Feature","properties":{"fid":1648},"geometry":{"type":"Point","coordinates":[88.3189899,22.5304283]}},
{"type":"Feature","properties":{"fid":1649},"geometry":{"type":"Point","coordinates":[88.3184811,22.530552]}},
{"type":"Feature","properties":{"fid":1650},"geometry":{"type":"Point","coordinates":[88.3192603,22.5316994]}},
{"type":"Feature","properties":{"fid":1651},"geometry":{"type":"Point","coordinates":[88.3185786,22.5321078]}},
{"type":"Feature","properties":{"fid":1652},"geometry":{"type":"Point","coordinates":[88.3195963,22.531589]}},
{"type":"Feature","properties":{"fid":1653},"geometry":{"type":"Point","coordinates":[88.3185602,22.5317607]}},
{"type":"Feature","properties":{"fid":1654},"geometry":{"type":"Point","coordinates":[88.3216535,22.5300066]}},
{"type":"Feature","properties":{"fid":1655},"geometry":{"type":"Point","coordinates":[88.3209679,22.5300708]}},
{"type":"Feature","properties":{"fid":1656},"geometry":{"type":"Point","coordinates":[88.3196112,22.5303329]}},
{"type":"Feature","properties":{"fid":1657},"geometry":{"type":"Point","coordinates":[88.3193184,22.5307073]}},
{"type":"Feature","properties":{"fid":1658},"geometry":{"type":"Point","coordinates":[88.320996,22.5301781]}},
{"type":"Feature","properties":{"fid":1659},"geometry":{"type":"Point","coordinates":[88.3191763,22.5297399]}},
{"type":"Feature","properties":{"fid":1660},"geometry":{"type":"Point","coordinates":[88.3192769,22.5301236]}},
{"type":"Feature","properties":{"fid":1661},"geometry":{"type":"Point","coordinates":[88.3209158,22.529863]}},
{"type":"Feature","properties":{"fid":1662},"geometry":{"type":"Point","coordinates":[88.3208612,22.5311095]}},
{"type":"Feature","properties":{"fid":1663},"geometry":{"type":"Point","coordinates":[88.320792,22.5302269]}},
{"type":"Feature","properties":{"fid":1664},"geometry":{"type":"Point","coordinates":[88.3184052,22.5300774]}},
{"type":"Feature","properties":{"fid":1665},"geometry":{"type":"Point","coordinates":[88.3197801,22.5306722]}},
{"type":"Feature","properties":{"fid":1666},"geometry":{"type":"Point","coordinates":[88.318506,22.5308343]}},
{"type":"Feature","properties":{"fid":1667},"geometry":{"type":"Point","coordinates":[88.3190854,22.5319778]}},
{"type":"Feature","properties":{"fid":1668},"geometry":{"type":"Point","coordinates":[88.3185741,22.5326553]}},
{"type":"Feature","properties":{"fid":1669},"geometry":{"type":"Point","coordinates":[88.3199315,22.5313596]}},
{"type":"Feature","properties":{"fid":1670},"geometry":{"type":"Point","coordinates":[88.3196811,22.5319161]}},
{"type":"Feature","properties":{"fid":1671},"geometry":{"type":"Point","coordinates":[88.3195532,22.5324474]}},
{"type":"Feature","properties":{"fid":1672},"geometry":{"type":"Point","coordinates":[88.3197583,22.532409]}},
{"type":"Feature","properties":{"fid":1673},"geometry":{"type":"Point","coordinates":[88.3193144,22.532326]}},
{"type":"Feature","properties":{"fid":1674},"geometry":{"type":"Point","coordinates":[88.3197298,22.5322511]}},
{"type":"Feature","properties":{"fid":1675},"geometry":{"type":"Point","coordinates":[88.3197223,22.5328788]}},
{"type":"Feature","properties":{"fid":1676},"geometry":{"type":"Point","coordinates":[88.3205283,22.5321206]}},
{"type":"Feature","properties":{"fid":1677},"geometry":{"type":"Point","coordinates":[88.3205428,22.5323459]}},
{"type":"Feature","properties":{"fid":1678},"geometry":{"type":"Point","coordinates":[88.3203872,22.5311591]}},
{"type":"Feature","properties":{"fid":1679},"geometry":{"type":"Point","coordinates":[88.3211913,22.5310666]}},
{"type":"Feature","properties":{"fid":1680},"geometry":{"type":"Point","coordinates":[88.3200453,22.5321123]}},
{"type":"Feature","properties":{"fid":1681},"geometry":{"type":"Point","coordinates":[88.3209201,22.5320139]}},
{"type":"Feature","properties":{"fid":1682},"geometry":{"type":"Point","coordinates":[88.319423,22.5329448]}},
{"type":"Feature","properties":{"fid":1683},"geometry":{"type":"Point","coordinates":[88.3185741,22.5327891]}},
{"type":"Feature","properties":{"fid":1684},"geometry":{"type":"Point","coordinates":[88.3202048,22.5306414]}},
{"type":"Feature","properties":{"fid":1685},"geometry":{"type":"Point","coordinates":[88.3202692,22.5308481]}},
{"type":"Feature","properties":{"fid":1686},"geometry":{"type":"Point","coordinates":[88.3206044,22.53189]}},
{"type":"Feature","properties":{"fid":1687},"geometry":{"type":"Point","coordinates":[88.3208957,22.5318201]}},
{"type":"Feature","properties":{"fid":1688},"geometry":{"type":"Point","coordinates":[88.3200689,22.5323854]}},
{"type":"Feature","properties":{"fid":1689},"geometry":{"type":"Point","coordinates":[88.3209517,22.532242]}},
{"type":"Feature","properties":{"fid":1690},"geometry":{"type":"Point","coordinates":[88.3205723,22.5305224]}},
{"type":"Feature","properties":{"fid":1691},"geometry":{"type":"Point","coordinates":[88.3205115,22.530306]}},
{"type":"Feature","properties":{"fid":1692},"geometry":{"type":"Point","coordinates":[88.320701,22.531122]}},
{"type":"Feature","properties":{"fid":1693},"geometry":{"type":"Point","coordinates":[88.3210139,22.5325748]}},
{"type":"Feature","properties":{"fid":1694},"geometry":{"type":"Point","coordinates":[88.3203725,22.5315473]}},
{"type":"Feature","properties":{"fid":1695},"geometry":{"type":"Point","coordinates":[88.3211114,22.5316125]}},
{"type":"Feature","properties":{"fid":1696},"geometry":{"type":"Point","coordinates":[88.32146,22.5318348]}},
{"type":"Feature","properties":{"fid":1697},"geometry":{"type":"Point","coordinates":[88.3211797,22.5318952]}},
{"type":"Feature","properties":{"fid":1698},"geometry":{"type":"Point","coordinates":[88.3199957,22.5318601]}},
{"type":"Feature","properties":{"fid":1699},"geometry":{"type":"Point","coordinates":[88.3201632,22.5327736]}},
{"type":"Feature","properties":{"fid":1700},"geometry":{"type":"Point","coordinates":[88.3211463,22.5308544]}},
{"type":"Feature","properties":{"fid":1701},"geometry":{"type":"Point","coordinates":[88.3215093,22.5307681]}},
{"type":"Feature","properties":{"fid":1702},"geometry":{"type":"Point","coordinates":[88.3192868,22.5319068]}},
{"type":"Feature","properties":{"fid":1703},"geometry":{"type":"Point","coordinates":[88.3196993,22.5320143]}},
{"type":"Feature","properties":{"fid":1704},"geometry":{"type":"Point","coordinates":[88.3201387,22.5318019]}},
{"type":"Feature","properties":{"fid":1705},"geometry":{"type":"Point","coordinates":[88.319801,22.5309782]}},
{"type":"Feature","properties":{"fid":1706},"geometry":{"type":"Point","coordinates":[88.3209335,22.5321201]}},
{"type":"Feature","properties":{"fid":1707},"geometry":{"type":"Point","coordinates":[88.318483,22.5285479]}},
{"type":"Feature","properties":{"fid":1708},"geometry":{"type":"Point","coordinates":[88.3181191,22.5285898]}},
{"type":"Feature","properties":{"fid":1709},"geometry":{"type":"Point","coordinates":[88.3191561,22.5282915]}},
{"type":"Feature","properties":{"fid":1710},"geometry":{"type":"Point","coordinates":[88.318837,22.5294299]}},
{"type":"Feature","properties":{"fid":1711},"geometry":{"type":"Point","coordinates":[88.3186468,22.5281033]}},
{"type":"Feature","properties":{"fid":1712},"geometry":{"type":"Point","coordinates":[88.3187243,22.5290835]}},
{"type":"Feature","properties":{"fid":1713},"geometry":{"type":"Point","coordinates":[88.3184025,22.5283026]}},
{"type":"Feature","properties":{"fid":1714},"geometry":{"type":"Point","coordinates":[88.3180913,22.5283347]}},
{"type":"Feature","properties":{"fid":1715},"geometry":{"type":"Point","coordinates":[88.319529,22.5289393]}},
{"type":"Feature","properties":{"fid":1716},"geometry":{"type":"Point","coordinates":[88.3183649,22.5291648]}},
{"type":"Feature","properties":{"fid":1717},"geometry":{"type":"Point","coordinates":[88.3186722,22.5286938]}},
{"type":"Feature","properties":{"fid":1718},"geometry":{"type":"Point","coordinates":[88.3181478,22.5287951]}},
{"type":"Feature","properties":{"fid":1719},"geometry":{"type":"Point","coordinates":[88.3193144,22.5293803]}},
{"type":"Feature","properties":{"fid":1720},"geometry":{"type":"Point","coordinates":[88.3197235,22.5293602]}},
{"type":"Feature","properties":{"fid":1721},"geometry":{"type":"Point","coordinates":[88.3197428,22.5295562]}},
{"type":"Feature","properties":{"fid":1722},"geometry":{"type":"Point","coordinates":[88.3197574,22.529717]}},
{"type":"Feature","properties":{"fid":1723},"geometry":{"type":"Point","coordinates":[88.3193574,22.5295661]}},
{"type":"Feature","properties":{"fid":1724},"geometry":{"type":"Point","coordinates":[88.3198361,22.5295535]}},
{"type":"Feature","properties":{"fid":1725},"geometry":{"type":"Point","coordinates":[88.3196563,22.5293635]}},
{"type":"Feature","properties":{"fid":1726},"geometry":{"type":"Point","coordinates":[88.3196591,22.5295587]}},
{"type":"Feature","properties":{"fid":1727},"geometry":{"type":"Point","coordinates":[88.3158245,22.5335378]}},
{"type":"Feature","properties":{"fid":1728},"geometry":{"type":"Point","coordinates":[88.3171123,22.5276708]}},
{"type":"Feature","properties":{"fid":1729},"geometry":{"type":"Point","coordinates":[88.3179841,22.5328586]}},
{"type":"Feature","properties":{"fid":1730},"geometry":{"type":"Point","coordinates":[88.3180041,22.5332619]}},
{"type":"Feature","properties":{"fid":1731},"geometry":{"type":"Point","coordinates":[88.3175977,22.5287251]}},
{"type":"Feature","properties":{"fid":1732},"geometry":{"type":"Point","coordinates":[88.3179445,22.5293555]}},
{"type":"Feature","properties":{"fid":1733},"geometry":{"type":"Point","coordinates":[88.3182626,22.5294076]}},
{"type":"Feature","properties":{"fid":1734},"geometry":{"type":"Point","coordinates":[88.3178741,22.5306042]}},
{"type":"Feature","properties":{"fid":1735},"geometry":{"type":"Point","coordinates":[88.3160927,22.5302176]}},
{"type":"Feature","properties":{"fid":1736},"geometry":{"type":"Point","coordinates":[88.3161575,22.5334928]}},
{"type":"Feature","properties":{"fid":1737},"geometry":{"type":"Point","coordinates":[88.3160904,22.5336808]}},
{"type":"Feature","properties":{"fid":1738},"geometry":{"type":"Point","coordinates":[88.3176376,22.5285749]}},
{"type":"Feature","properties":{"fid":1739},"geometry":{"type":"Point","coordinates":[88.3181234,22.5286293]}},
{"type":"Feature","properties":{"fid":1740},"geometry":{"type":"Point","coordinates":[88.3178795,22.5296429]}},
{"type":"Feature","properties":{"fid":1741},"geometry":{"type":"Point","coordinates":[88.318039,22.5289812]}},
{"type":"Feature","properties":{"fid":1742},"geometry":{"type":"Point","coordinates":[88.3175415,22.5321452]}},
{"type":"Feature","properties":{"fid":1743},"geometry":{"type":"Point","coordinates":[88.3180511,22.5298263]}},
{"type":"Feature","properties":{"fid":1744},"geometry":{"type":"Point","coordinates":[88.3175576,22.5289195]}},
{"type":"Feature","properties":{"fid":1745},"geometry":{"type":"Point","coordinates":[88.3168119,22.5322195]}},
{"type":"Feature","properties":{"fid":1746},"geometry":{"type":"Point","coordinates":[88.3169058,22.5327794]}},
{"type":"Feature","properties":{"fid":1747},"geometry":{"type":"Point","coordinates":[88.3170159,22.53348]}},
{"type":"Feature","properties":{"fid":1748},"geometry":{"type":"Point","coordinates":[88.3167368,22.5271258]}},
{"type":"Feature","properties":{"fid":1749},"geometry":{"type":"Point","coordinates":[88.3158542,22.5337471]}},
{"type":"Feature","properties":{"fid":1750},"geometry":{"type":"Point","coordinates":[88.3181745,22.5321303]}},
{"type":"Feature","properties":{"fid":1751},"geometry":{"type":"Point","coordinates":[88.3185769,22.5320061]}},
{"type":"Feature","properties":{"fid":1752},"geometry":{"type":"Point","coordinates":[88.3166196,22.5245429]}},
{"type":"Feature","properties":{"fid":1753},"geometry":{"type":"Point","coordinates":[88.319152,22.5228381]}},
{"type":"Feature","properties":{"fid":1754},"geometry":{"type":"Point","coordinates":[88.3169916,22.5237712]}},
{"type":"Feature","properties":{"fid":1755},"geometry":{"type":"Point","coordinates":[88.3169693,22.5256265]}},
{"type":"Feature","properties":{"fid":1756},"geometry":{"type":"Point","coordinates":[88.3181449,22.5237216]}},
{"type":"Feature","properties":{"fid":1757},"geometry":{"type":"Point","coordinates":[88.3181898,22.5232059]}},
{"type":"Feature","properties":{"fid":1758},"geometry":{"type":"Point","coordinates":[88.3181235,22.5239421]}},
{"type":"Feature","properties":{"fid":1759},"geometry":{"type":"Point","coordinates":[88.3177143,22.5234851]}},
{"type":"Feature","properties":{"fid":1760},"geometry":{"type":"Point","coordinates":[88.3149032,22.5253856]}},
{"type":"Feature","properties":{"fid":1761},"geometry":{"type":"Point","coordinates":[88.3152905,22.5383925]}},
{"type":"Feature","properties":{"fid":1762},"geometry":{"type":"Point","coordinates":[88.317842,22.5385668]}},
{"type":"Feature","properties":{"fid":1763},"geometry":{"type":"Point","coordinates":[88.3140127,22.538222]}},
{"type":"Feature","properties":{"fid":1764},"geometry":{"type":"Point","coordinates":[88.3133702,22.5381675]}},
{"type":"Feature","properties":{"fid":1765},"geometry":{"type":"Point","coordinates":[88.3143012,22.5354004]}},
{"type":"Feature","properties":{"fid":1766},"geometry":{"type":"Point","coordinates":[88.314703,22.535315]}},
{"type":"Feature","properties":{"fid":1767},"geometry":{"type":"Point","coordinates":[88.3142905,22.5368471]}},
{"type":"Feature","properties":{"fid":1768},"geometry":{"type":"Point","coordinates":[88.3152775,22.5359801]}},
{"type":"Feature","properties":{"fid":1769},"geometry":{"type":"Point","coordinates":[88.3140008,22.5340678]}},
{"type":"Feature","properties":{"fid":1770},"geometry":{"type":"Point","coordinates":[88.3143643,22.5339861]}},
{"type":"Feature","properties":{"fid":1771},"geometry":{"type":"Point","coordinates":[88.3148752,22.5323732]}},
{"type":"Feature","properties":{"fid":1772},"geometry":{"type":"Point","coordinates":[88.31627,22.5261992]}},
{"type":"Feature","properties":{"fid":1773},"geometry":{"type":"Point","coordinates":[88.3148538,22.5284637]}},
{"type":"Feature","properties":{"fid":1774},"geometry":{"type":"Point","coordinates":[88.3155036,22.5255014]}},
{"type":"Feature","properties":{"fid":1775},"geometry":{"type":"Point","coordinates":[88.3164754,22.5285919]}},
{"type":"Feature","properties":{"fid":1776},"geometry":{"type":"Point","coordinates":[88.3157307,22.5285157]}},
{"type":"Feature","properties":{"fid":1777},"geometry":{"type":"Point","coordinates":[88.3153947,22.5259979]}},
{"type":"Feature","properties":{"fid":1778},"geometry":{"type":"Point","coordinates":[88.3152696,22.5265684]}},
{"type":"Feature","properties":{"fid":1779},"geometry":{"type":"Point","coordinates":[88.3154117,22.5299651]}},
{"type":"Feature","properties":{"fid":1780},"geometry":{"type":"Point","coordinates":[88.3161208,22.530096]}},
{"type":"Feature","properties":{"fid":1781},"geometry":{"type":"Point","coordinates":[88.313636,22.5279484]}},
{"type":"Feature","properties":{"fid":1782},"geometry":{"type":"Point","coordinates":[88.3136091,22.5308809]}},
{"type":"Feature","properties":{"fid":1783},"geometry":{"type":"Point","coordinates":[88.3150268,22.5283678]}},
{"type":"Feature","properties":{"fid":1784},"geometry":{"type":"Point","coordinates":[88.3150608,22.5275198]}},
{"type":"Feature","properties":{"fid":1785},"geometry":{"type":"Point","coordinates":[88.3153526,22.5270911]}},
{"type":"Feature","properties":{"fid":1786},"geometry":{"type":"Point","coordinates":[88.3151619,22.5270589]}},
{"type":"Feature","properties":{"fid":1787},"geometry":{"type":"Point","coordinates":[88.3158999,22.5246755]}},
{"type":"Feature","properties":{"fid":1788},"geometry":{"type":"Point","coordinates":[88.3162727,22.5244723]}},
{"type":"Feature","properties":{"fid":1789},"geometry":{"type":"Point","coordinates":[88.3157953,22.5251289]}},
{"type":"Feature","properties":{"fid":1790},"geometry":{"type":"Point","coordinates":[88.3155522,22.5255105]}},
{"type":"Feature","properties":{"fid":1791},"geometry":{"type":"Point","coordinates":[88.3165088,22.5249975]}},
{"type":"Feature","properties":{"fid":1792},"geometry":{"type":"Point","coordinates":[88.3163452,22.525659]}},
{"type":"Feature","properties":{"fid":1793},"geometry":{"type":"Point","coordinates":[88.3162674,22.5241601]}},
{"type":"Feature","properties":{"fid":1794},"geometry":{"type":"Point","coordinates":[88.3162365,22.5245202]}},
{"type":"Feature","properties":{"fid":1795},"geometry":{"type":"Point","coordinates":[88.3172356,22.5225992]}},
{"type":"Feature","properties":{"fid":1796},"geometry":{"type":"Point","coordinates":[88.3148601,22.5253769]}},
{"type":"Feature","properties":{"fid":1797},"geometry":{"type":"Point","coordinates":[88.3160823,22.5248315]}},
{"type":"Feature","properties":{"fid":1798},"geometry":{"type":"Point","coordinates":[88.3159301,22.5255813]}},
{"type":"Feature","properties":{"fid":1799},"geometry":{"type":"Point","coordinates":[88.3171705,22.5221067]}},
{"type":"Feature","properties":{"fid":1800},"geometry":{"type":"Point","coordinates":[88.3169214,22.5227805]}},
{"type":"Feature","properties":{"fid":1801},"geometry":{"type":"Point","coordinates":[88.3185486,22.521718]}},
{"type":"Feature","properties":{"fid":1802},"geometry":{"type":"Point","coordinates":[88.3165785,22.5230477]}},
{"type":"Feature","properties":{"fid":1803},"geometry":{"type":"Point","coordinates":[88.3165664,22.5228393]}},
{"type":"Feature","properties":{"fid":1804},"geometry":{"type":"Point","coordinates":[88.3202773,22.5206592]}},
{"type":"Feature","properties":{"fid":1805},"geometry":{"type":"Point","coordinates":[88.3167555,22.5230947]}},
{"type":"Feature","properties":{"fid":1806},"geometry":{"type":"Point","coordinates":[88.3167727,22.5228192]}},
{"type":"Feature","properties":{"fid":1807},"geometry":{"type":"Point","coordinates":[88.3140706,22.5243236]}},
{"type":"Feature","properties":{"fid":1808},"geometry":{"type":"Point","coordinates":[88.3144435,22.5246928]}},
{"type":"Feature","properties":{"fid":1809},"geometry":{"type":"Point","coordinates":[88.3115216,22.5286795]}},
{"type":"Feature","properties":{"fid":1810},"geometry":{"type":"Point","coordinates":[88.314646,22.5239529]}},
{"type":"Feature","properties":{"fid":1811},"geometry":{"type":"Point","coordinates":[88.3141618,22.5250768]}},
{"type":"Feature","properties":{"fid":1812},"geometry":{"type":"Point","coordinates":[88.3146259,22.5244351]}},
{"type":"Feature","properties":{"fid":1813},"geometry":{"type":"Point","coordinates":[88.3145212,22.523791]}},
{"type":"Feature","properties":{"fid":1814},"geometry":{"type":"Point","coordinates":[88.3114422,22.5284833]}},
{"type":"Feature","properties":{"fid":1815},"geometry":{"type":"Point","coordinates":[88.3276614,22.5327322]}},
{"type":"Feature","properties":{"fid":1816},"geometry":{"type":"Point","coordinates":[88.3271109,22.5327933]}},
{"type":"Feature","properties":{"fid":1817},"geometry":{"type":"Point","coordinates":[88.329318,22.5283476]}},
{"type":"Feature","properties":{"fid":1818},"geometry":{"type":"Point","coordinates":[88.3296221,22.5306636]}},
{"type":"Feature","properties":{"fid":1819},"geometry":{"type":"Point","coordinates":[88.3279336,22.5332629]}},
{"type":"Feature","properties":{"fid":1820},"geometry":{"type":"Point","coordinates":[88.3278602,22.53244]}},
{"type":"Feature","properties":{"fid":1821},"geometry":{"type":"Point","coordinates":[88.3285921,22.5319692]}},
{"type":"Feature","properties":{"fid":1822},"geometry":{"type":"Point","coordinates":[88.3319508,22.5317496]}},
{"type":"Feature","properties":{"fid":1823},"geometry":{"type":"Point","coordinates":[88.3271839,22.5319571]}},
{"type":"Feature","properties":{"fid":1824},"geometry":{"type":"Point","coordinates":[88.3284078,22.5325116]}},
{"type":"Feature","properties":{"fid":1825},"geometry":{"type":"Point","coordinates":[88.3279936,22.53307]}},
{"type":"Feature","properties":{"fid":1826},"geometry":{"type":"Point","coordinates":[88.3285993,22.5330739]}},
{"type":"Feature","properties":{"fid":1827},"geometry":{"type":"Point","coordinates":[88.328613,22.5331972]}},
{"type":"Feature","properties":{"fid":1828},"geometry":{"type":"Point","coordinates":[88.3296266,22.5319333]}},
{"type":"Feature","properties":{"fid":1829},"geometry":{"type":"Point","coordinates":[88.3287666,22.5321103]}},
{"type":"Feature","properties":{"fid":1830},"geometry":{"type":"Point","coordinates":[88.3298159,22.5319179]}},
{"type":"Feature","properties":{"fid":1831},"geometry":{"type":"Point","coordinates":[88.3295966,22.5319359]}},
{"type":"Feature","properties":{"fid":1832},"geometry":{"type":"Point","coordinates":[88.3310322,22.5329035]}},
{"type":"Feature","properties":{"fid":1833},"geometry":{"type":"Point","coordinates":[88.3310631,22.5330436]}},
{"type":"Feature","properties":{"fid":1834},"geometry":{"type":"Point","coordinates":[88.3298179,22.5321054]}},
{"type":"Feature","properties":{"fid":1835},"geometry":{"type":"Point","coordinates":[88.3299293,22.5319064]}},
{"type":"Feature","properties":{"fid":1836},"geometry":{"type":"Point","coordinates":[88.3278747,22.532557]}},
{"type":"Feature","properties":{"fid":1837},"geometry":{"type":"Point","coordinates":[88.3287478,22.5331854]}},
{"type":"Feature","properties":{"fid":1838},"geometry":{"type":"Point","coordinates":[88.3302412,22.5321768]}},
{"type":"Feature","properties":{"fid":1839},"geometry":{"type":"Point","coordinates":[88.330347,22.5318637]}},
{"type":"Feature","properties":{"fid":1840},"geometry":{"type":"Point","coordinates":[88.3300351,22.532762]}},
{"type":"Feature","properties":{"fid":1841},"geometry":{"type":"Point","coordinates":[88.3300524,22.5330897]}},
{"type":"Feature","properties":{"fid":1842},"geometry":{"type":"Point","coordinates":[88.3290159,22.5318181]}},
{"type":"Feature","properties":{"fid":1843},"geometry":{"type":"Point","coordinates":[88.3290252,22.5319738]}},
{"type":"Feature","properties":{"fid":1844},"geometry":{"type":"Point","coordinates":[88.3313548,22.5324572]}},
{"type":"Feature","properties":{"fid":1845},"geometry":{"type":"Point","coordinates":[88.3314097,22.5330225]}},
{"type":"Feature","properties":{"fid":1846},"geometry":{"type":"Point","coordinates":[88.3277943,22.5318697]}},
{"type":"Feature","properties":{"fid":1847},"geometry":{"type":"Point","coordinates":[88.3277719,22.5317197]}},
{"type":"Feature","properties":{"fid":1848},"geometry":{"type":"Point","coordinates":[88.3279323,22.531568]}},
{"type":"Feature","properties":{"fid":1849},"geometry":{"type":"Point","coordinates":[88.3285311,22.5315216]}},
{"type":"Feature","properties":{"fid":1850},"geometry":{"type":"Point","coordinates":[88.3292358,22.5274925]}},
{"type":"Feature","properties":{"fid":1851},"geometry":{"type":"Point","coordinates":[88.3314522,22.530484]}},
{"type":"Feature","properties":{"fid":1852},"geometry":{"type":"Point","coordinates":[88.331139,22.5282455]}},
{"type":"Feature","properties":{"fid":1853},"geometry":{"type":"Point","coordinates":[88.3299446,22.5284505]}},
{"type":"Feature","properties":{"fid":1854},"geometry":{"type":"Point","coordinates":[88.3302359,22.5266068]}},
{"type":"Feature","properties":{"fid":1855},"geometry":{"type":"Point","coordinates":[88.3296253,22.5280781]}},
{"type":"Feature","properties":{"fid":1856},"geometry":{"type":"Point","coordinates":[88.3263347,22.5289462]}},
{"type":"Feature","properties":{"fid":1857},"geometry":{"type":"Point","coordinates":[88.331358,22.5297454]}},
{"type":"Feature","properties":{"fid":1858},"geometry":{"type":"Point","coordinates":[88.3313924,22.5299902]}},
{"type":"Feature","properties":{"fid":1859},"geometry":{"type":"Point","coordinates":[88.3294182,22.5287362]}},
{"type":"Feature","properties":{"fid":1860},"geometry":{"type":"Point","coordinates":[88.3293583,22.5287446]}},
{"type":"Feature","properties":{"fid":1861},"geometry":{"type":"Point","coordinates":[88.3307513,22.5303243]}},
{"type":"Feature","properties":{"fid":1862},"geometry":{"type":"Point","coordinates":[88.3310141,22.5305254]}},
{"type":"Feature","properties":{"fid":1863},"geometry":{"type":"Point","coordinates":[88.3306279,22.5277403]}},
{"type":"Feature","properties":{"fid":1864},"geometry":{"type":"Point","coordinates":[88.331038,22.528265]}},
{"type":"Feature","properties":{"fid":1865},"geometry":{"type":"Point","coordinates":[88.3313398,22.5296293]}},
{"type":"Feature","properties":{"fid":1866},"geometry":{"type":"Point","coordinates":[88.3312448,22.5290236]}},
{"type":"Feature","properties":{"fid":1867},"geometry":{"type":"Point","coordinates":[88.3274899,22.5287062]}},
{"type":"Feature","properties":{"fid":1868},"geometry":{"type":"Point","coordinates":[88.3279269,22.5303714]}},
{"type":"Feature","properties":{"fid":1869},"geometry":{"type":"Point","coordinates":[88.3289435,22.5297025]}},
{"type":"Feature","properties":{"fid":1870},"geometry":{"type":"Point","coordinates":[88.3267778,22.5309234]}},
{"type":"Feature","properties":{"fid":1871},"geometry":{"type":"Point","coordinates":[88.3272563,22.5297644]}},
{"type":"Feature","properties":{"fid":1872},"geometry":{"type":"Point","coordinates":[88.3277362,22.5296608]}},
{"type":"Feature","properties":{"fid":1873},"geometry":{"type":"Point","coordinates":[88.3273073,22.5299378]}},
{"type":"Feature","properties":{"fid":1874},"geometry":{"type":"Point","coordinates":[88.3273609,22.5306605]}},
{"type":"Feature","properties":{"fid":1875},"geometry":{"type":"Point","coordinates":[88.3290406,22.5286132]}},
{"type":"Feature","properties":{"fid":1876},"geometry":{"type":"Point","coordinates":[88.3291152,22.5283831]}},
{"type":"Feature","properties":{"fid":1877},"geometry":{"type":"Point","coordinates":[88.3266931,22.5293383]}},
{"type":"Feature","properties":{"fid":1878},"geometry":{"type":"Point","coordinates":[88.326712,22.5288693]}},
{"type":"Feature","properties":{"fid":1879},"geometry":{"type":"Point","coordinates":[88.3294377,22.5294069]}},
{"type":"Feature","properties":{"fid":1880},"geometry":{"type":"Point","coordinates":[88.3277433,22.5296913]}},
{"type":"Feature","properties":{"fid":1881},"geometry":{"type":"Point","coordinates":[88.3278288,22.5294171]}},
{"type":"Feature","properties":{"fid":1882},"geometry":{"type":"Point","coordinates":[88.3276619,22.5294471]}},
{"type":"Feature","properties":{"fid":1883},"geometry":{"type":"Point","coordinates":[88.3270733,22.5269237]}},
{"type":"Feature","properties":{"fid":1884},"geometry":{"type":"Point","coordinates":[88.3290408,22.5283962]}},
{"type":"Feature","properties":{"fid":1885},"geometry":{"type":"Point","coordinates":[88.3292412,22.5269623]}},
{"type":"Feature","properties":{"fid":1886},"geometry":{"type":"Point","coordinates":[88.3294456,22.5271564]}},
{"type":"Feature","properties":{"fid":1887},"geometry":{"type":"Point","coordinates":[88.3328515,22.5330407]}},
{"type":"Feature","properties":{"fid":1888},"geometry":{"type":"Point","coordinates":[88.3346671,22.5316117]}},
{"type":"Feature","properties":{"fid":1889},"geometry":{"type":"Point","coordinates":[88.3350733,22.5316494]}},
{"type":"Feature","properties":{"fid":1890},"geometry":{"type":"Point","coordinates":[88.3347372,22.5310529]}},
{"type":"Feature","properties":{"fid":1891},"geometry":{"type":"Point","coordinates":[88.331956,22.5306994]}},
{"type":"Feature","properties":{"fid":1892},"geometry":{"type":"Point","coordinates":[88.3339512,22.5336392]}},
{"type":"Feature","properties":{"fid":1893},"geometry":{"type":"Point","coordinates":[88.334685,22.5299495]}},
{"type":"Feature","properties":{"fid":1894},"geometry":{"type":"Point","coordinates":[88.3317517,22.5300652]}},
{"type":"Feature","properties":{"fid":1895},"geometry":{"type":"Point","coordinates":[88.3340161,22.5329124]}},
{"type":"Feature","properties":{"fid":1896},"geometry":{"type":"Point","coordinates":[88.3340412,22.5333574]}},
{"type":"Feature","properties":{"fid":1897},"geometry":{"type":"Point","coordinates":[88.3329767,22.5327845]}},
{"type":"Feature","properties":{"fid":1898},"geometry":{"type":"Point","coordinates":[88.3320535,22.531317]}},
{"type":"Feature","properties":{"fid":1899},"geometry":{"type":"Point","coordinates":[88.3345413,22.5334707]}},
{"type":"Feature","properties":{"fid":1900},"geometry":{"type":"Point","coordinates":[88.3334362,22.5348382]}},
{"type":"Feature","properties":{"fid":1901},"geometry":{"type":"Point","coordinates":[88.3344474,22.5331511]}},
{"type":"Feature","properties":{"fid":1902},"geometry":{"type":"Point","coordinates":[88.3329484,22.533627]}},
{"type":"Feature","properties":{"fid":1903},"geometry":{"type":"Point","coordinates":[88.3320468,22.5310948]}},
{"type":"Feature","properties":{"fid":1904},"geometry":{"type":"Point","coordinates":[88.3321167,22.5329894]}},
{"type":"Feature","properties":{"fid":1905},"geometry":{"type":"Point","coordinates":[88.3366998,22.5275064]}},
{"type":"Feature","properties":{"fid":1906},"geometry":{"type":"Point","coordinates":[88.331359,22.5274319]}},
{"type":"Feature","properties":{"fid":1907},"geometry":{"type":"Point","coordinates":[88.3318533,22.53006]}},
{"type":"Feature","properties":{"fid":1908},"geometry":{"type":"Point","coordinates":[88.3388945,22.5300642]}},
{"type":"Feature","properties":{"fid":1909},"geometry":{"type":"Point","coordinates":[88.3386316,22.5311741]}},
{"type":"Feature","properties":{"fid":1910},"geometry":{"type":"Point","coordinates":[88.3390205,22.5307191]}},
{"type":"Feature","properties":{"fid":1911},"geometry":{"type":"Point","coordinates":[88.3399808,22.530966]}},
{"type":"Feature","properties":{"fid":1912},"geometry":{"type":"Point","coordinates":[88.3389876,22.5309838]}},
{"type":"Feature","properties":{"fid":1913},"geometry":{"type":"Point","coordinates":[88.3398923,22.5309982]}},
{"type":"Feature","properties":{"fid":1914},"geometry":{"type":"Point","coordinates":[88.3399615,22.5313664]}},
{"type":"Feature","properties":{"fid":1915},"geometry":{"type":"Point","coordinates":[88.3409196,22.5287858]}},
{"type":"Feature","properties":{"fid":1916},"geometry":{"type":"Point","coordinates":[88.3396452,22.5316203]}},
{"type":"Feature","properties":{"fid":1917},"geometry":{"type":"Point","coordinates":[88.3404668,22.5307333]}},
{"type":"Feature","properties":{"fid":1918},"geometry":{"type":"Point","coordinates":[88.340962,22.5297467]}},
{"type":"Feature","properties":{"fid":1919},"geometry":{"type":"Point","coordinates":[88.3389052,22.5313326]}},
{"type":"Feature","properties":{"fid":1920},"geometry":{"type":"Point","coordinates":[88.3389747,22.5310876]}},
{"type":"Feature","properties":{"fid":1921},"geometry":{"type":"Point","coordinates":[88.3372154,22.5330445]}},
{"type":"Feature","properties":{"fid":1922},"geometry":{"type":"Point","coordinates":[88.3385391,22.5306361]}},
{"type":"Feature","properties":{"fid":1923},"geometry":{"type":"Point","coordinates":[88.3375427,22.5320011]}},
{"type":"Feature","properties":{"fid":1924},"geometry":{"type":"Point","coordinates":[88.3373976,22.5318977]}},
{"type":"Feature","properties":{"fid":1925},"geometry":{"type":"Point","coordinates":[88.3404583,22.5287065]}},
{"type":"Feature","properties":{"fid":1926},"geometry":{"type":"Point","coordinates":[88.3403134,22.5304011]}},
{"type":"Feature","properties":{"fid":1927},"geometry":{"type":"Point","coordinates":[88.3402866,22.5307331]}},
{"type":"Feature","properties":{"fid":1928},"geometry":{"type":"Point","coordinates":[88.339718,22.5307281]}},
{"type":"Feature","properties":{"fid":1929},"geometry":{"type":"Point","coordinates":[88.3401581,22.5308043]}},
{"type":"Feature","properties":{"fid":1930},"geometry":{"type":"Point","coordinates":[88.3410345,22.5308293]}},
{"type":"Feature","properties":{"fid":1931},"geometry":{"type":"Point","coordinates":[88.3398145,22.5341421]}},
{"type":"Feature","properties":{"fid":1932},"geometry":{"type":"Point","coordinates":[88.3401605,22.5342441]}},
{"type":"Feature","properties":{"fid":1933},"geometry":{"type":"Point","coordinates":[88.3398596,22.5339561]}},
{"type":"Feature","properties":{"fid":1934},"geometry":{"type":"Point","coordinates":[88.340234,22.5340934]}},
{"type":"Feature","properties":{"fid":1935},"geometry":{"type":"Point","coordinates":[88.3388651,22.5346202]}},
{"type":"Feature","properties":{"fid":1936},"geometry":{"type":"Point","coordinates":[88.3387309,22.5343898]}},
{"type":"Feature","properties":{"fid":1937},"geometry":{"type":"Point","coordinates":[88.3398064,22.5342907]}},
{"type":"Feature","properties":{"fid":1938},"geometry":{"type":"Point","coordinates":[88.340089,22.5343906]}},
{"type":"Feature","properties":{"fid":1939},"geometry":{"type":"Point","coordinates":[88.3385105,22.5345394]}},
{"type":"Feature","properties":{"fid":1940},"geometry":{"type":"Point","coordinates":[88.3397534,22.5340551]}},
{"type":"Feature","properties":{"fid":1941},"geometry":{"type":"Point","coordinates":[88.3401197,22.5336363]}},
{"type":"Feature","properties":{"fid":1942},"geometry":{"type":"Point","coordinates":[88.3392914,22.5350166]}},
{"type":"Feature","properties":{"fid":1943},"geometry":{"type":"Point","coordinates":[88.3414077,22.5344591]}},
{"type":"Feature","properties":{"fid":1944},"geometry":{"type":"Point","coordinates":[88.3400607,22.5344485]}},
{"type":"Feature","properties":{"fid":1945},"geometry":{"type":"Point","coordinates":[88.3394442,22.5364893]}},
{"type":"Feature","properties":{"fid":1946},"geometry":{"type":"Point","coordinates":[88.3390878,22.5358331]}},
{"type":"Feature","properties":{"fid":1947},"geometry":{"type":"Point","coordinates":[88.3394282,22.5346524]}},
{"type":"Feature","properties":{"fid":1948},"geometry":{"type":"Point","coordinates":[88.3399542,22.5346817]}},
{"type":"Feature","properties":{"fid":1949},"geometry":{"type":"Point","coordinates":[88.3394619,22.5348628]}},
{"type":"Feature","properties":{"fid":1950},"geometry":{"type":"Point","coordinates":[88.3398543,22.5349272]}},
{"type":"Feature","properties":{"fid":1951},"geometry":{"type":"Point","coordinates":[88.3395596,22.5342456]}},
{"type":"Feature","properties":{"fid":1952},"geometry":{"type":"Point","coordinates":[88.3400188,22.5345345]}},
{"type":"Feature","properties":{"fid":1953},"geometry":{"type":"Point","coordinates":[88.341101,22.5348646]}},
{"type":"Feature","properties":{"fid":1954},"geometry":{"type":"Point","coordinates":[88.3410811,22.5344865]}},
{"type":"Feature","properties":{"fid":1955},"geometry":{"type":"Point","coordinates":[88.3428402,22.5342365]}},
{"type":"Feature","properties":{"fid":1956},"geometry":{"type":"Point","coordinates":[88.341734,22.5341748]}},
{"type":"Feature","properties":{"fid":1957},"geometry":{"type":"Point","coordinates":[88.341266,22.5343009]}},
{"type":"Feature","properties":{"fid":1958},"geometry":{"type":"Point","coordinates":[88.3416826,22.5338005]}},
{"type":"Feature","properties":{"fid":1959},"geometry":{"type":"Point","coordinates":[88.3417752,22.5344121]}},
{"type":"Feature","properties":{"fid":1960},"geometry":{"type":"Point","coordinates":[88.3419111,22.534827]}},
{"type":"Feature","properties":{"fid":1961},"geometry":{"type":"Point","coordinates":[88.3419897,22.5352251]}},
{"type":"Feature","properties":{"fid":1962},"geometry":{"type":"Point","coordinates":[88.3417185,22.5344014]}},
{"type":"Feature","properties":{"fid":1963},"geometry":{"type":"Point","coordinates":[88.3418089,22.5352197]}},
{"type":"Feature","properties":{"fid":1964},"geometry":{"type":"Point","coordinates":[88.3408249,22.5324531]}},
{"type":"Feature","properties":{"fid":1965},"geometry":{"type":"Point","coordinates":[88.3386679,22.5344323]}},
{"type":"Feature","properties":{"fid":1966},"geometry":{"type":"Point","coordinates":[88.3434823,22.5320467]}},
{"type":"Feature","properties":{"fid":1967},"geometry":{"type":"Point","coordinates":[88.3413097,22.5325389]}},
{"type":"Feature","properties":{"fid":1968},"geometry":{"type":"Point","coordinates":[88.3389711,22.5325496]}},
{"type":"Feature","properties":{"fid":1969},"geometry":{"type":"Point","coordinates":[88.3397849,22.5336992]}},
{"type":"Feature","properties":{"fid":1970},"geometry":{"type":"Point","coordinates":[88.3386127,22.5337021]}},
{"type":"Feature","properties":{"fid":1971},"geometry":{"type":"Point","coordinates":[88.3391613,22.5332217]}},
{"type":"Feature","properties":{"fid":1972},"geometry":{"type":"Point","coordinates":[88.3387203,22.5330223]}},
{"type":"Feature","properties":{"fid":1973},"geometry":{"type":"Point","coordinates":[88.3385759,22.5327363]}},
{"type":"Feature","properties":{"fid":1974},"geometry":{"type":"Point","coordinates":[88.3378324,22.5330569]}},
{"type":"Feature","properties":{"fid":1975},"geometry":{"type":"Point","coordinates":[88.338091,22.5329758]}},
{"type":"Feature","properties":{"fid":1976},"geometry":{"type":"Point","coordinates":[88.3391343,22.5333652]}},
{"type":"Feature","properties":{"fid":1977},"geometry":{"type":"Point","coordinates":[88.3390652,22.5332961]}},
{"type":"Feature","properties":{"fid":1978},"geometry":{"type":"Point","coordinates":[88.3390774,22.5341587]}},
{"type":"Feature","properties":{"fid":1979},"geometry":{"type":"Point","coordinates":[88.3382281,22.5325991]}},
{"type":"Feature","properties":{"fid":1980},"geometry":{"type":"Point","coordinates":[88.3389456,22.5336416]}},
{"type":"Feature","properties":{"fid":1981},"geometry":{"type":"Point","coordinates":[88.339286,22.5340226]}},
{"type":"Feature","properties":{"fid":1982},"geometry":{"type":"Point","coordinates":[88.3393414,22.5332155]}},
{"type":"Feature","properties":{"fid":1983},"geometry":{"type":"Point","coordinates":[88.3393166,22.5337281]}},
{"type":"Feature","properties":{"fid":1984},"geometry":{"type":"Point","coordinates":[88.3403536,22.5327547]}},
{"type":"Feature","properties":{"fid":1985},"geometry":{"type":"Point","coordinates":[88.340474,22.5323917]}},
{"type":"Feature","properties":{"fid":1986},"geometry":{"type":"Point","coordinates":[88.3401755,22.5331009]}},
{"type":"Feature","properties":{"fid":1987},"geometry":{"type":"Point","coordinates":[88.3400315,22.5330098]}},
{"type":"Feature","properties":{"fid":1988},"geometry":{"type":"Point","coordinates":[88.3401578,22.5327745]}},
{"type":"Feature","properties":{"fid":1989},"geometry":{"type":"Point","coordinates":[88.34061,22.5329894]}},
{"type":"Feature","properties":{"fid":1990},"geometry":{"type":"Point","coordinates":[88.3400824,22.5332064]}},
{"type":"Feature","properties":{"fid":1991},"geometry":{"type":"Point","coordinates":[88.3404693,22.5333743]}},
{"type":"Feature","properties":{"fid":1992},"geometry":{"type":"Point","coordinates":[88.3405281,22.5331497]}},
{"type":"Feature","properties":{"fid":1993},"geometry":{"type":"Point","coordinates":[88.3398596,22.533419]}},
{"type":"Feature","properties":{"fid":1994},"geometry":{"type":"Point","coordinates":[88.3397421,22.5328612]}},
{"type":"Feature","properties":{"fid":1995},"geometry":{"type":"Point","coordinates":[88.3392658,22.5330774]}},
{"type":"Feature","properties":{"fid":1996},"geometry":{"type":"Point","coordinates":[88.340072,22.5320238]}},
{"type":"Feature","properties":{"fid":1997},"geometry":{"type":"Point","coordinates":[88.3401638,22.5323183]}},
{"type":"Feature","properties":{"fid":1998},"geometry":{"type":"Point","coordinates":[88.3405634,22.5318665]}},
{"type":"Feature","properties":{"fid":1999},"geometry":{"type":"Point","coordinates":[88.3401122,22.5321428]}},
{"type":"Feature","properties":{"fid":2000},"geometry":{"type":"Point","coordinates":[88.3405294,22.5320784]}},
{"type":"Feature","properties":{"fid":2001},"geometry":{"type":"Point","coordinates":[88.340249,22.5319891]}},
{"type":"Feature","properties":{"fid":2002},"geometry":{"type":"Point","coordinates":[88.3402973,22.5323608]}},
{"type":"Feature","properties":{"fid":2003},"geometry":{"type":"Point","coordinates":[88.3408654,22.5332358]}},
{"type":"Feature","properties":{"fid":2004},"geometry":{"type":"Point","coordinates":[88.3405109,22.5331975]}},
{"type":"Feature","properties":{"fid":2005},"geometry":{"type":"Point","coordinates":[88.3414332,22.53304]}},
{"type":"Feature","properties":{"fid":2006},"geometry":{"type":"Point","coordinates":[88.3414796,22.5338107]}},
{"type":"Feature","properties":{"fid":2007},"geometry":{"type":"Point","coordinates":[88.3418047,22.5334558]}},
{"type":"Feature","properties":{"fid":2008},"geometry":{"type":"Point","coordinates":[88.3417396,22.5329846]}},
{"type":"Feature","properties":{"fid":2009},"geometry":{"type":"Point","coordinates":[88.3422734,22.5337577]}},
{"type":"Feature","properties":{"fid":2010},"geometry":{"type":"Point","coordinates":[88.3417529,22.5322974]}},
{"type":"Feature","properties":{"fid":2011},"geometry":{"type":"Point","coordinates":[88.3418385,22.5329577]}},
{"type":"Feature","properties":{"fid":2012},"geometry":{"type":"Point","coordinates":[88.3410671,22.5328191]}},
{"type":"Feature","properties":{"fid":2013},"geometry":{"type":"Point","coordinates":[88.3407128,22.5327798]}},
{"type":"Feature","properties":{"fid":2014},"geometry":{"type":"Point","coordinates":[88.3409493,22.5332273]}},
{"type":"Feature","properties":{"fid":2015},"geometry":{"type":"Point","coordinates":[88.3408949,22.5338141]}},
{"type":"Feature","properties":{"fid":2016},"geometry":{"type":"Point","coordinates":[88.341741,22.5309562]}},
{"type":"Feature","properties":{"fid":2017},"geometry":{"type":"Point","coordinates":[88.3434631,22.5308723]}},
{"type":"Feature","properties":{"fid":2018},"geometry":{"type":"Point","coordinates":[88.340767,22.5316836]}},
{"type":"Feature","properties":{"fid":2019},"geometry":{"type":"Point","coordinates":[88.3410235,22.5317664]}},
{"type":"Feature","properties":{"fid":2020},"geometry":{"type":"Point","coordinates":[88.3415205,22.531624]}},
{"type":"Feature","properties":{"fid":2021},"geometry":{"type":"Point","coordinates":[88.3415288,22.5318909]}},
{"type":"Feature","properties":{"fid":2022},"geometry":{"type":"Point","coordinates":[88.341625,22.5316076]}},
{"type":"Feature","properties":{"fid":2023},"geometry":{"type":"Point","coordinates":[88.3410632,22.5315988]}},
{"type":"Feature","properties":{"fid":2024},"geometry":{"type":"Point","coordinates":[88.3414433,22.5248121]}},
{"type":"Feature","properties":{"fid":2025},"geometry":{"type":"Point","coordinates":[88.3418553,22.5318598]}},
{"type":"Feature","properties":{"fid":2026},"geometry":{"type":"Point","coordinates":[88.3417362,22.5308102]}},
{"type":"Feature","properties":{"fid":2027},"geometry":{"type":"Point","coordinates":[88.3434399,22.5306502]}},
{"type":"Feature","properties":{"fid":2028},"geometry":{"type":"Point","coordinates":[88.3415598,22.5236708]}},
{"type":"Feature","properties":{"fid":2029},"geometry":{"type":"Point","coordinates":[88.344479,22.5289847]}},
{"type":"Feature","properties":{"fid":2030},"geometry":{"type":"Point","coordinates":[88.3465805,22.5220285]}},
{"type":"Feature","properties":{"fid":2031},"geometry":{"type":"Point","coordinates":[88.3414775,22.522691]}},
{"type":"Feature","properties":{"fid":2032},"geometry":{"type":"Point","coordinates":[88.3404235,22.522406]}},
{"type":"Feature","properties":{"fid":2033},"geometry":{"type":"Point","coordinates":[88.3414763,22.5225727]}},
{"type":"Feature","properties":{"fid":2034},"geometry":{"type":"Point","coordinates":[88.3404324,22.5216958]}},
{"type":"Feature","properties":{"fid":2035},"geometry":{"type":"Point","coordinates":[88.3408205,22.5215215]}},
{"type":"Feature","properties":{"fid":2036},"geometry":{"type":"Point","coordinates":[88.3413753,22.521468]}},
{"type":"Feature","properties":{"fid":2037},"geometry":{"type":"Point","coordinates":[88.3413801,22.5168696]}},
{"type":"Feature","properties":{"fid":2038},"geometry":{"type":"Point","coordinates":[88.3434167,22.5229982]}},
{"type":"Feature","properties":{"fid":2039},"geometry":{"type":"Point","coordinates":[88.341644,22.5230021]}},
{"type":"Feature","properties":{"fid":2040},"geometry":{"type":"Point","coordinates":[88.3409814,22.5217172]}},
{"type":"Feature","properties":{"fid":2041},"geometry":{"type":"Point","coordinates":[88.3409819,22.5215066]}},
{"type":"Feature","properties":{"fid":2042},"geometry":{"type":"Point","coordinates":[88.3405415,22.5228173]}},
{"type":"Feature","properties":{"fid":2043},"geometry":{"type":"Point","coordinates":[88.3414777,22.5227982]}},
{"type":"Feature","properties":{"fid":2044},"geometry":{"type":"Point","coordinates":[88.3406086,22.5235507]}},
{"type":"Feature","properties":{"fid":2045},"geometry":{"type":"Point","coordinates":[88.3415153,22.5234746]}},
{"type":"Feature","properties":{"fid":2046},"geometry":{"type":"Point","coordinates":[88.340453,22.5231716]}},
{"type":"Feature","properties":{"fid":2047},"geometry":{"type":"Point","coordinates":[88.3414766,22.523063]}},
{"type":"Feature","properties":{"fid":2048},"geometry":{"type":"Point","coordinates":[88.3406408,22.5222004]}},
{"type":"Feature","properties":{"fid":2049},"geometry":{"type":"Point","coordinates":[88.3414544,22.5221517]}},
{"type":"Feature","properties":{"fid":2050},"geometry":{"type":"Point","coordinates":[88.3411425,22.5217192]}},
{"type":"Feature","properties":{"fid":2051},"geometry":{"type":"Point","coordinates":[88.341196,22.5214858]}},
{"type":"Feature","properties":{"fid":2052},"geometry":{"type":"Point","coordinates":[88.3425081,22.5208116]}},
{"type":"Feature","properties":{"fid":2053},"geometry":{"type":"Point","coordinates":[88.3413518,22.521157]}},
{"type":"Feature","properties":{"fid":2054},"geometry":{"type":"Point","coordinates":[88.3425932,22.5219203]}},
{"type":"Feature","properties":{"fid":2055},"geometry":{"type":"Point","coordinates":[88.3414476,22.5220665]}},
{"type":"Feature","properties":{"fid":2056},"geometry":{"type":"Point","coordinates":[88.3420046,22.5219755]}},
{"type":"Feature","properties":{"fid":2057},"geometry":{"type":"Point","coordinates":[88.3414087,22.5217685]}},
{"type":"Feature","properties":{"fid":2058},"geometry":{"type":"Point","coordinates":[88.341847,22.5222644]}},
{"type":"Feature","properties":{"fid":2059},"geometry":{"type":"Point","coordinates":[88.3418724,22.5226686]}},
{"type":"Feature","properties":{"fid":2060},"geometry":{"type":"Point","coordinates":[88.3430036,22.5221492]}},
{"type":"Feature","properties":{"fid":2061},"geometry":{"type":"Point","coordinates":[88.3414648,22.5222732]}},
{"type":"Feature","properties":{"fid":2062},"geometry":{"type":"Point","coordinates":[88.3403435,22.5208289]}},
{"type":"Feature","properties":{"fid":2063},"geometry":{"type":"Point","coordinates":[88.3413448,22.5207631]}},
{"type":"Feature","properties":{"fid":2064},"geometry":{"type":"Point","coordinates":[88.3402974,22.5205898]}},
{"type":"Feature","properties":{"fid":2065},"geometry":{"type":"Point","coordinates":[88.3413494,22.5205485]}},
{"type":"Feature","properties":{"fid":2066},"geometry":{"type":"Point","coordinates":[88.340313,22.5191149]}},
{"type":"Feature","properties":{"fid":2067},"geometry":{"type":"Point","coordinates":[88.3415124,22.5193511]}},
{"type":"Feature","properties":{"fid":2068},"geometry":{"type":"Point","coordinates":[88.3411566,22.5197609]}},
{"type":"Feature","properties":{"fid":2069},"geometry":{"type":"Point","coordinates":[88.3411526,22.5193517]}},
{"type":"Feature","properties":{"fid":2070},"geometry":{"type":"Point","coordinates":[88.3409476,22.5192668]}},
{"type":"Feature","properties":{"fid":2071},"geometry":{"type":"Point","coordinates":[88.3411548,22.5195799]}},
{"type":"Feature","properties":{"fid":2072},"geometry":{"type":"Point","coordinates":[88.3404172,22.5212908]}},
{"type":"Feature","properties":{"fid":2073},"geometry":{"type":"Point","coordinates":[88.3413511,22.5211248]}},
{"type":"Feature","properties":{"fid":2074},"geometry":{"type":"Point","coordinates":[88.3403204,22.5203271]}},
{"type":"Feature","properties":{"fid":2075},"geometry":{"type":"Point","coordinates":[88.3413805,22.5202997]}},
{"type":"Feature","properties":{"fid":2076},"geometry":{"type":"Point","coordinates":[88.3406605,22.5200993]}},
{"type":"Feature","properties":{"fid":2077},"geometry":{"type":"Point","coordinates":[88.3407909,22.5192494]}},
{"type":"Feature","properties":{"fid":2078},"geometry":{"type":"Point","coordinates":[88.3404005,22.520097]}},
{"type":"Feature","properties":{"fid":2079},"geometry":{"type":"Point","coordinates":[88.3414139,22.5201036]}},
{"type":"Feature","properties":{"fid":2080},"geometry":{"type":"Point","coordinates":[88.3400136,22.5199772]}},
{"type":"Feature","properties":{"fid":2081},"geometry":{"type":"Point","coordinates":[88.3401672,22.5199508]}},
{"type":"Feature","properties":{"fid":2082},"geometry":{"type":"Point","coordinates":[88.3405468,22.5195269]}},
{"type":"Feature","properties":{"fid":2083},"geometry":{"type":"Point","coordinates":[88.3402196,22.5195145]}},
{"type":"Feature","properties":{"fid":2084},"geometry":{"type":"Point","coordinates":[88.3426212,22.5201619]}},
{"type":"Feature","properties":{"fid":2085},"geometry":{"type":"Point","coordinates":[88.341511,22.519378]}},
{"type":"Feature","properties":{"fid":2086},"geometry":{"type":"Point","coordinates":[88.3420755,22.5193361]}},
{"type":"Feature","properties":{"fid":2087},"geometry":{"type":"Point","coordinates":[88.3450241,22.5173969]}},
{"type":"Feature","properties":{"fid":2088},"geometry":{"type":"Point","coordinates":[88.3414582,22.5178734]}},
{"type":"Feature","properties":{"fid":2089},"geometry":{"type":"Point","coordinates":[88.3423384,22.5184206]}},
{"type":"Feature","properties":{"fid":2090},"geometry":{"type":"Point","coordinates":[88.3414449,22.5183864]}},
{"type":"Feature","properties":{"fid":2091},"geometry":{"type":"Point","coordinates":[88.3422937,22.5195872]}},
{"type":"Feature","properties":{"fid":2092},"geometry":{"type":"Point","coordinates":[88.3416,22.5188488]}},
{"type":"Feature","properties":{"fid":2093},"geometry":{"type":"Point","coordinates":[88.3417215,22.518734]}},
{"type":"Feature","properties":{"fid":2094},"geometry":{"type":"Point","coordinates":[88.3414078,22.5188928]}},
{"type":"Feature","properties":{"fid":2095},"geometry":{"type":"Point","coordinates":[88.3419338,22.5189828]}},
{"type":"Feature","properties":{"fid":2096},"geometry":{"type":"Point","coordinates":[88.3431976,22.5197759]}},
{"type":"Feature","properties":{"fid":2097},"geometry":{"type":"Point","coordinates":[88.3419398,22.5188999]}},
{"type":"Feature","properties":{"fid":2098},"geometry":{"type":"Point","coordinates":[88.3419472,22.518419]}},
{"type":"Feature","properties":{"fid":2099},"geometry":{"type":"Point","coordinates":[88.3427407,22.5175348]}},
{"type":"Feature","properties":{"fid":2100},"geometry":{"type":"Point","coordinates":[88.3416924,22.5174308]}},
{"type":"Feature","properties":{"fid":2101},"geometry":{"type":"Point","coordinates":[88.3413562,22.5174387]}},
{"type":"Feature","properties":{"fid":2102},"geometry":{"type":"Point","coordinates":[88.3413649,22.5172579]}},
{"type":"Feature","properties":{"fid":2103},"geometry":{"type":"Point","coordinates":[88.341649,22.5178944]}},
{"type":"Feature","properties":{"fid":2104},"geometry":{"type":"Point","coordinates":[88.3400371,22.5169816]}},
{"type":"Feature","properties":{"fid":2105},"geometry":{"type":"Point","coordinates":[88.3398838,22.5169843]}},
{"type":"Feature","properties":{"fid":2106},"geometry":{"type":"Point","coordinates":[88.3412445,22.5168756]}},
{"type":"Feature","properties":{"fid":2107},"geometry":{"type":"Point","coordinates":[88.3457099,22.5170587]}},
{"type":"Feature","properties":{"fid":2108},"geometry":{"type":"Point","coordinates":[88.3414065,22.5185695]}},
{"type":"Feature","properties":{"fid":2109},"geometry":{"type":"Point","coordinates":[88.3405118,22.5188678]}},
{"type":"Feature","properties":{"fid":2110},"geometry":{"type":"Point","coordinates":[88.3411688,22.5180421]}},
{"type":"Feature","properties":{"fid":2111},"geometry":{"type":"Point","coordinates":[88.3411153,22.5185061]}},
{"type":"Feature","properties":{"fid":2112},"geometry":{"type":"Point","coordinates":[88.340374,22.5188989]}},
{"type":"Feature","properties":{"fid":2113},"geometry":{"type":"Point","coordinates":[88.3403297,22.5174953]}},
{"type":"Feature","properties":{"fid":2114},"geometry":{"type":"Point","coordinates":[88.3414357,22.5178058]}},
{"type":"Feature","properties":{"fid":2115},"geometry":{"type":"Point","coordinates":[88.34089,22.5184664]}},
{"type":"Feature","properties":{"fid":2116},"geometry":{"type":"Point","coordinates":[88.3410477,22.5177813]}},
{"type":"Feature","properties":{"fid":2117},"geometry":{"type":"Point","coordinates":[88.3403211,22.5178745]}},
{"type":"Feature","properties":{"fid":2118},"geometry":{"type":"Point","coordinates":[88.3406119,22.5179253]}},
{"type":"Feature","properties":{"fid":2119},"geometry":{"type":"Point","coordinates":[88.3406442,22.5175756]}},
{"type":"Feature","properties":{"fid":2120},"geometry":{"type":"Point","coordinates":[88.3409737,22.5179868]}},
{"type":"Feature","properties":{"fid":2121},"geometry":{"type":"Point","coordinates":[88.3390638,22.5170829]}},
{"type":"Feature","properties":{"fid":2122},"geometry":{"type":"Point","coordinates":[88.3398259,22.516952]}},
{"type":"Feature","properties":{"fid":2123},"geometry":{"type":"Point","coordinates":[88.3406499,22.5170148]}},
{"type":"Feature","properties":{"fid":2124},"geometry":{"type":"Point","coordinates":[88.3405631,22.5175417]}},
{"type":"Feature","properties":{"fid":2125},"geometry":{"type":"Point","coordinates":[88.3408764,22.5172286]}},
{"type":"Feature","properties":{"fid":2126},"geometry":{"type":"Point","coordinates":[88.3413642,22.5172346]}},
{"type":"Feature","properties":{"fid":2127},"geometry":{"type":"Point","coordinates":[88.3410818,22.5189124]}},
{"type":"Feature","properties":{"fid":2128},"geometry":{"type":"Point","coordinates":[88.3410777,22.5193064]}},
{"type":"Feature","properties":{"fid":2129},"geometry":{"type":"Point","coordinates":[88.3413745,22.516964]}},
{"type":"Feature","properties":{"fid":2130},"geometry":{"type":"Point","coordinates":[88.3404304,22.517031]}},
{"type":"Feature","properties":{"fid":2131},"geometry":{"type":"Point","coordinates":[88.3375319,22.5233648]}},
{"type":"Feature","properties":{"fid":2132},"geometry":{"type":"Point","coordinates":[88.3385618,22.5195219]}},
{"type":"Feature","properties":{"fid":2133},"geometry":{"type":"Point","coordinates":[88.339424,22.5192978]}},
{"type":"Feature","properties":{"fid":2134},"geometry":{"type":"Point","coordinates":[88.3398493,22.5188084]}},
{"type":"Feature","properties":{"fid":2135},"geometry":{"type":"Point","coordinates":[88.3393853,22.5206418]}},
{"type":"Feature","properties":{"fid":2136},"geometry":{"type":"Point","coordinates":[88.3389519,22.5207085]}},
{"type":"Feature","properties":{"fid":2137},"geometry":{"type":"Point","coordinates":[88.3387141,22.519948]}},
{"type":"Feature","properties":{"fid":2138},"geometry":{"type":"Point","coordinates":[88.3397417,22.5200093]}},
{"type":"Feature","properties":{"fid":2139},"geometry":{"type":"Point","coordinates":[88.3385834,22.5171475]}},
{"type":"Feature","properties":{"fid":2140},"geometry":{"type":"Point","coordinates":[88.3386343,22.5176711]}},
{"type":"Feature","properties":{"fid":2141},"geometry":{"type":"Point","coordinates":[88.3396924,22.520395]}},
{"type":"Feature","properties":{"fid":2142},"geometry":{"type":"Point","coordinates":[88.3386359,22.5174433]}},
{"type":"Feature","properties":{"fid":2143},"geometry":{"type":"Point","coordinates":[88.3390912,22.5174642]}},
{"type":"Feature","properties":{"fid":2144},"geometry":{"type":"Point","coordinates":[88.333163,22.5181763]}},
{"type":"Feature","properties":{"fid":2145},"geometry":{"type":"Point","coordinates":[88.3376861,22.5173401]}},
{"type":"Feature","properties":{"fid":2146},"geometry":{"type":"Point","coordinates":[88.3394523,22.5196235]}},
{"type":"Feature","properties":{"fid":2147},"geometry":{"type":"Point","coordinates":[88.3386247,22.5197137]}},
{"type":"Feature","properties":{"fid":2148},"geometry":{"type":"Point","coordinates":[88.3393664,22.5190442]}},
{"type":"Feature","properties":{"fid":2149},"geometry":{"type":"Point","coordinates":[88.3391144,22.5193163]}},
{"type":"Feature","properties":{"fid":2150},"geometry":{"type":"Point","coordinates":[88.3391466,22.5190908]}},
{"type":"Feature","properties":{"fid":2151},"geometry":{"type":"Point","coordinates":[88.3396671,22.5195448]}},
{"type":"Feature","properties":{"fid":2152},"geometry":{"type":"Point","coordinates":[88.3394425,22.5195035]}},
{"type":"Feature","properties":{"fid":2153},"geometry":{"type":"Point","coordinates":[88.3382447,22.5177151]}},
{"type":"Feature","properties":{"fid":2154},"geometry":{"type":"Point","coordinates":[88.3382822,22.518038]}},
{"type":"Feature","properties":{"fid":2155},"geometry":{"type":"Point","coordinates":[88.3391707,22.5203297]}},
{"type":"Feature","properties":{"fid":2156},"geometry":{"type":"Point","coordinates":[88.3392448,22.5206614]}},
{"type":"Feature","properties":{"fid":2157},"geometry":{"type":"Point","coordinates":[88.339483,22.5189486]}},
{"type":"Feature","properties":{"fid":2158},"geometry":{"type":"Point","coordinates":[88.3398117,22.5189521]}},
{"type":"Feature","properties":{"fid":2159},"geometry":{"type":"Point","coordinates":[88.3397152,22.5184417]}},
{"type":"Feature","properties":{"fid":2160},"geometry":{"type":"Point","coordinates":[88.3389157,22.518399]}},
{"type":"Feature","properties":{"fid":2161},"geometry":{"type":"Point","coordinates":[88.3387933,22.5188002]}},
{"type":"Feature","properties":{"fid":2162},"geometry":{"type":"Point","coordinates":[88.3387787,22.5187252]}},
{"type":"Feature","properties":{"fid":2163},"geometry":{"type":"Point","coordinates":[88.3379945,22.518064]}},
{"type":"Feature","properties":{"fid":2164},"geometry":{"type":"Point","coordinates":[88.3397801,22.5181068]}},
{"type":"Feature","properties":{"fid":2165},"geometry":{"type":"Point","coordinates":[88.3385503,22.5100355]}},
{"type":"Feature","properties":{"fid":2166},"geometry":{"type":"Point","coordinates":[88.3397986,22.5179035]}},
{"type":"Feature","properties":{"fid":2167},"geometry":{"type":"Point","coordinates":[88.3379496,22.517744]}},
{"type":"Feature","properties":{"fid":2168},"geometry":{"type":"Point","coordinates":[88.3372353,22.5194567]}},
{"type":"Feature","properties":{"fid":2169},"geometry":{"type":"Point","coordinates":[88.3361265,22.5183153]}},
{"type":"Feature","properties":{"fid":2170},"geometry":{"type":"Point","coordinates":[88.3347638,22.5179245]}},
{"type":"Feature","properties":{"fid":2171},"geometry":{"type":"Point","coordinates":[88.3348331,22.5198747]}},
{"type":"Feature","properties":{"fid":2172},"geometry":{"type":"Point","coordinates":[88.336566,22.5186623]}},
{"type":"Feature","properties":{"fid":2173},"geometry":{"type":"Point","coordinates":[88.3371316,22.5186282]}},
{"type":"Feature","properties":{"fid":2174},"geometry":{"type":"Point","coordinates":[88.3371795,22.5187755]}},
{"type":"Feature","properties":{"fid":2175},"geometry":{"type":"Point","coordinates":[88.3373707,22.5180261]}},
{"type":"Feature","properties":{"fid":2176},"geometry":{"type":"Point","coordinates":[88.3370623,22.5194634]}},
{"type":"Feature","properties":{"fid":2177},"geometry":{"type":"Point","coordinates":[88.337167,22.5202068]}},
{"type":"Feature","properties":{"fid":2178},"geometry":{"type":"Point","coordinates":[88.3358289,22.5200181]}},
{"type":"Feature","properties":{"fid":2179},"geometry":{"type":"Point","coordinates":[88.3380681,22.5185055]}},
{"type":"Feature","properties":{"fid":2180},"geometry":{"type":"Point","coordinates":[88.3374795,22.5185688]}},
{"type":"Feature","properties":{"fid":2181},"geometry":{"type":"Point","coordinates":[88.3370779,22.518795]}},
{"type":"Feature","properties":{"fid":2182},"geometry":{"type":"Point","coordinates":[88.3381289,22.5186404]}},
{"type":"Feature","properties":{"fid":2183},"geometry":{"type":"Point","coordinates":[88.3369125,22.5180255]}},
{"type":"Feature","properties":{"fid":2184},"geometry":{"type":"Point","coordinates":[88.336844,22.5175127]}},
{"type":"Feature","properties":{"fid":2185},"geometry":{"type":"Point","coordinates":[88.3273511,22.5222271]}},
{"type":"Feature","properties":{"fid":2186},"geometry":{"type":"Point","coordinates":[88.3279294,22.5267404]}},
{"type":"Feature","properties":{"fid":2187},"geometry":{"type":"Point","coordinates":[88.3275204,22.5235657]}},
{"type":"Feature","properties":{"fid":2188},"geometry":{"type":"Point","coordinates":[88.3267748,22.523985]}},
{"type":"Feature","properties":{"fid":2189},"geometry":{"type":"Point","coordinates":[88.3277135,22.5211603]}},
{"type":"Feature","properties":{"fid":2190},"geometry":{"type":"Point","coordinates":[88.3283942,22.5207209]}},
{"type":"Feature","properties":{"fid":2191},"geometry":{"type":"Point","coordinates":[88.3319221,22.5209696]}},
{"type":"Feature","properties":{"fid":2192},"geometry":{"type":"Point","coordinates":[88.3302218,22.5210781]}},
{"type":"Feature","properties":{"fid":2193},"geometry":{"type":"Point","coordinates":[88.3330547,22.5195956]}},
{"type":"Feature","properties":{"fid":2194},"geometry":{"type":"Point","coordinates":[88.3301065,22.5197644]}},
{"type":"Feature","properties":{"fid":2195},"geometry":{"type":"Point","coordinates":[88.3332352,22.5253964]}},
{"type":"Feature","properties":{"fid":2196},"geometry":{"type":"Point","coordinates":[88.3310264,22.5259252]}},
{"type":"Feature","properties":{"fid":2197},"geometry":{"type":"Point","coordinates":[88.333537,22.5269343]}},
{"type":"Feature","properties":{"fid":2198},"geometry":{"type":"Point","coordinates":[88.3358154,22.5250694]}},
{"type":"Feature","properties":{"fid":2199},"geometry":{"type":"Point","coordinates":[88.3356034,22.5265733]}},
{"type":"Feature","properties":{"fid":2200},"geometry":{"type":"Point","coordinates":[88.3368758,22.5257332]}},
{"type":"Feature","properties":{"fid":2201},"geometry":{"type":"Point","coordinates":[88.3357192,22.525659]}},
{"type":"Feature","properties":{"fid":2202},"geometry":{"type":"Point","coordinates":[88.3327202,22.5258671]}},
{"type":"Feature","properties":{"fid":2203},"geometry":{"type":"Point","coordinates":[88.333311,22.5257058]}},
{"type":"Feature","properties":{"fid":2204},"geometry":{"type":"Point","coordinates":[88.3344821,22.5242771]}},
{"type":"Feature","properties":{"fid":2205},"geometry":{"type":"Point","coordinates":[88.3348656,22.5266584]}},
{"type":"Feature","properties":{"fid":2206},"geometry":{"type":"Point","coordinates":[88.3369358,22.5250756]}},
{"type":"Feature","properties":{"fid":2207},"geometry":{"type":"Point","coordinates":[88.3319021,22.5260852]}},
{"type":"Feature","properties":{"fid":2208},"geometry":{"type":"Point","coordinates":[88.3310986,22.526228]}},
{"type":"Feature","properties":{"fid":2209},"geometry":{"type":"Point","coordinates":[88.3375576,22.5289062]}},
{"type":"Feature","properties":{"fid":2210},"geometry":{"type":"Point","coordinates":[88.3365302,22.5280794]}},
{"type":"Feature","properties":{"fid":2211},"geometry":{"type":"Point","coordinates":[88.3396214,22.5274998]}},
{"type":"Feature","properties":{"fid":2212},"geometry":{"type":"Point","coordinates":[88.3395651,22.5271778]}},
{"type":"Feature","properties":{"fid":2213},"geometry":{"type":"Point","coordinates":[88.3370458,22.5263339]}},
{"type":"Feature","properties":{"fid":2214},"geometry":{"type":"Point","coordinates":[88.3368493,22.5262899]}},
{"type":"Feature","properties":{"fid":2215},"geometry":{"type":"Point","coordinates":[88.3377049,22.5264816]}},
{"type":"Feature","properties":{"fid":2216},"geometry":{"type":"Point","coordinates":[88.3367451,22.5274456]}},
{"type":"Feature","properties":{"fid":2217},"geometry":{"type":"Point","coordinates":[88.3373816,22.5296839]}},
{"type":"Feature","properties":{"fid":2218},"geometry":{"type":"Point","coordinates":[88.3410349,22.527148]}},
{"type":"Feature","properties":{"fid":2219},"geometry":{"type":"Point","coordinates":[88.3385954,22.5239178]}},
{"type":"Feature","properties":{"fid":2220},"geometry":{"type":"Point","coordinates":[88.3423975,22.5253643]}},
{"type":"Feature","properties":{"fid":2221},"geometry":{"type":"Point","coordinates":[88.341497,22.5254512]}},
{"type":"Feature","properties":{"fid":2222},"geometry":{"type":"Point","coordinates":[88.3414695,22.5237908]}},
{"type":"Feature","properties":{"fid":2223},"geometry":{"type":"Point","coordinates":[88.3414273,22.5241061]}},
{"type":"Feature","properties":{"fid":2224},"geometry":{"type":"Point","coordinates":[88.3416291,22.5272304]}},
{"type":"Feature","properties":{"fid":2225},"geometry":{"type":"Point","coordinates":[88.3418932,22.5269152]}},
{"type":"Feature","properties":{"fid":2226},"geometry":{"type":"Point","coordinates":[88.3413829,22.5260709]}},
{"type":"Feature","properties":{"fid":2227},"geometry":{"type":"Point","coordinates":[88.3415634,22.5260541]}},
{"type":"Feature","properties":{"fid":2228},"geometry":{"type":"Point","coordinates":[88.3415231,22.5257261]}},
{"type":"Feature","properties":{"fid":2229},"geometry":{"type":"Point","coordinates":[88.3419326,22.5259499]}},
{"type":"Feature","properties":{"fid":2230},"geometry":{"type":"Point","coordinates":[88.3409544,22.5246407]}},
{"type":"Feature","properties":{"fid":2231},"geometry":{"type":"Point","coordinates":[88.3414358,22.5245695]}},
{"type":"Feature","properties":{"fid":2232},"geometry":{"type":"Point","coordinates":[88.3418503,22.5250149]}},
{"type":"Feature","properties":{"fid":2233},"geometry":{"type":"Point","coordinates":[88.3423249,22.5249428]}},
{"type":"Feature","properties":{"fid":2234},"geometry":{"type":"Point","coordinates":[88.3421024,22.5240696]}},
{"type":"Feature","properties":{"fid":2235},"geometry":{"type":"Point","coordinates":[88.3422024,22.5242947]}},
{"type":"Feature","properties":{"fid":2236},"geometry":{"type":"Point","coordinates":[88.3416483,22.5280355]}},
{"type":"Feature","properties":{"fid":2237},"geometry":{"type":"Point","coordinates":[88.34215,22.528048]}},
{"type":"Feature","properties":{"fid":2238},"geometry":{"type":"Point","coordinates":[88.3424998,22.5261154]}},
{"type":"Feature","properties":{"fid":2239},"geometry":{"type":"Point","coordinates":[88.3415795,22.5261669]}},
{"type":"Feature","properties":{"fid":2240},"geometry":{"type":"Point","coordinates":[88.3411797,22.5256665]}},
{"type":"Feature","properties":{"fid":2241},"geometry":{"type":"Point","coordinates":[88.3415133,22.5256228]}},
{"type":"Feature","properties":{"fid":2242},"geometry":{"type":"Point","coordinates":[88.3400694,22.524554]}},
{"type":"Feature","properties":{"fid":2243},"geometry":{"type":"Point","coordinates":[88.3395641,22.5238839]}},
{"type":"Feature","properties":{"fid":2244},"geometry":{"type":"Point","coordinates":[88.3411725,22.5243459]}},
{"type":"Feature","properties":{"fid":2245},"geometry":{"type":"Point","coordinates":[88.341257,22.5241157]}},
{"type":"Feature","properties":{"fid":2246},"geometry":{"type":"Point","coordinates":[88.3416194,22.5266482]}},
{"type":"Feature","properties":{"fid":2247},"geometry":{"type":"Point","coordinates":[88.3422803,22.5265397]}},
{"type":"Feature","properties":{"fid":2248},"geometry":{"type":"Point","coordinates":[88.3415548,22.5259935]}},
{"type":"Feature","properties":{"fid":2249},"geometry":{"type":"Point","coordinates":[88.3419603,22.5283868]}},
{"type":"Feature","properties":{"fid":2250},"geometry":{"type":"Point","coordinates":[88.3421602,22.528239]}},
{"type":"Feature","properties":{"fid":2251},"geometry":{"type":"Point","coordinates":[88.3414344,22.5244952]}},
{"type":"Feature","properties":{"fid":2252},"geometry":{"type":"Point","coordinates":[88.342226,22.5244034]}},
{"type":"Feature","properties":{"fid":2253},"geometry":{"type":"Point","coordinates":[88.3423532,22.5251089]}},
{"type":"Feature","properties":{"fid":2254},"geometry":{"type":"Point","coordinates":[88.3410135,22.5252155]}},
{"type":"Feature","properties":{"fid":2255},"geometry":{"type":"Point","coordinates":[88.3383152,22.5203272]}},
{"type":"Feature","properties":{"fid":2256},"geometry":{"type":"Point","coordinates":[88.3380043,22.5203673]}},
{"type":"Feature","properties":{"fid":2257},"geometry":{"type":"Point","coordinates":[88.3381838,22.5216874]}},
{"type":"Feature","properties":{"fid":2258},"geometry":{"type":"Point","coordinates":[88.3379315,22.520731]}},
{"type":"Feature","properties":{"fid":2259},"geometry":{"type":"Point","coordinates":[88.3395248,22.5217389]}},
{"type":"Feature","properties":{"fid":2260},"geometry":{"type":"Point","coordinates":[88.3384462,22.5229915]}},
{"type":"Feature","properties":{"fid":2261},"geometry":{"type":"Point","coordinates":[88.33845,22.5235184]}},
{"type":"Feature","properties":{"fid":2262},"geometry":{"type":"Point","coordinates":[88.3383341,22.5205404]}},
{"type":"Feature","properties":{"fid":2263},"geometry":{"type":"Point","coordinates":[88.3383093,22.5201764]}},
{"type":"Feature","properties":{"fid":2264},"geometry":{"type":"Point","coordinates":[88.3400521,22.5207204]}},
{"type":"Feature","properties":{"fid":2265},"geometry":{"type":"Point","coordinates":[88.3392319,22.5213162]}},
{"type":"Feature","properties":{"fid":2266},"geometry":{"type":"Point","coordinates":[88.3388882,22.5204721]}},
{"type":"Feature","properties":{"fid":2267},"geometry":{"type":"Point","coordinates":[88.3389496,22.5207599]}},
{"type":"Feature","properties":{"fid":2268},"geometry":{"type":"Point","coordinates":[88.3382906,22.5208157]}},
{"type":"Feature","properties":{"fid":2269},"geometry":{"type":"Point","coordinates":[88.3412415,22.5237297]}},
{"type":"Feature","properties":{"fid":2270},"geometry":{"type":"Point","coordinates":[88.3448525,22.5236107]}},
{"type":"Feature","properties":{"fid":2271},"geometry":{"type":"Point","coordinates":[88.3387122,22.5215218]}},
{"type":"Feature","properties":{"fid":2272},"geometry":{"type":"Point","coordinates":[88.338216,22.5226537]}},
{"type":"Feature","properties":{"fid":2273},"geometry":{"type":"Point","coordinates":[88.3391282,22.5211558]}},
{"type":"Feature","properties":{"fid":2274},"geometry":{"type":"Point","coordinates":[88.3382565,22.5211559]}},
{"type":"Feature","properties":{"fid":2275},"geometry":{"type":"Point","coordinates":[88.33894,22.5226364]}},
{"type":"Feature","properties":{"fid":2276},"geometry":{"type":"Point","coordinates":[88.338216,22.5228173]}},
{"type":"Feature","properties":{"fid":2277},"geometry":{"type":"Point","coordinates":[88.3398247,22.5238748]}},
{"type":"Feature","properties":{"fid":2278},"geometry":{"type":"Point","coordinates":[88.3382419,22.5212513]}},
{"type":"Feature","properties":{"fid":2279},"geometry":{"type":"Point","coordinates":[88.3377486,22.5211185]}},
{"type":"Feature","properties":{"fid":2280},"geometry":{"type":"Point","coordinates":[88.3389885,22.520879]}},
{"type":"Feature","properties":{"fid":2281},"geometry":{"type":"Point","coordinates":[88.34008,22.5215115]}},
{"type":"Feature","properties":{"fid":2282},"geometry":{"type":"Point","coordinates":[88.3385484,22.5203619]}},
{"type":"Feature","properties":{"fid":2283},"geometry":{"type":"Point","coordinates":[88.3388363,22.5203049]}},
{"type":"Feature","properties":{"fid":2284},"geometry":{"type":"Point","coordinates":[88.3387277,22.52177]}},
{"type":"Feature","properties":{"fid":2285},"geometry":{"type":"Point","coordinates":[88.338704,22.5212266]}},
{"type":"Feature","properties":{"fid":2286},"geometry":{"type":"Point","coordinates":[88.3379934,22.5218584]}},
{"type":"Feature","properties":{"fid":2287},"geometry":{"type":"Point","coordinates":[88.3381833,22.5218588]}},
{"type":"Feature","properties":{"fid":2288},"geometry":{"type":"Point","coordinates":[88.3401761,22.523546]}},
{"type":"Feature","properties":{"fid":2289},"geometry":{"type":"Point","coordinates":[88.339784,22.5235826]}},
{"type":"Feature","properties":{"fid":2290},"geometry":{"type":"Point","coordinates":[88.3380139,22.521706]}},
{"type":"Feature","properties":{"fid":2291},"geometry":{"type":"Point","coordinates":[88.3375858,22.5216182]}},
{"type":"Feature","properties":{"fid":2292},"geometry":{"type":"Point","coordinates":[88.3382087,22.5214925]}},
{"type":"Feature","properties":{"fid":2293},"geometry":{"type":"Point","coordinates":[88.3376546,22.5213599]}},
{"type":"Feature","properties":{"fid":2294},"geometry":{"type":"Point","coordinates":[88.3252125,22.5246446]}},
{"type":"Feature","properties":{"fid":2295},"geometry":{"type":"Point","coordinates":[88.3309941,22.5238096]}},
{"type":"Feature","properties":{"fid":2296},"geometry":{"type":"Point","coordinates":[88.3305831,22.523881]}},
{"type":"Feature","properties":{"fid":2297},"geometry":{"type":"Point","coordinates":[88.3313475,22.5233779]}},
{"type":"Feature","properties":{"fid":2298},"geometry":{"type":"Point","coordinates":[88.3304998,22.5233712]}},
{"type":"Feature","properties":{"fid":2299},"geometry":{"type":"Point","coordinates":[88.3368173,22.5230484]}},
{"type":"Feature","properties":{"fid":2300},"geometry":{"type":"Point","coordinates":[88.335864,22.524101]}},
{"type":"Feature","properties":{"fid":2301},"geometry":{"type":"Point","coordinates":[88.3359557,22.5231373]}},
{"type":"Feature","properties":{"fid":2302},"geometry":{"type":"Point","coordinates":[88.3367594,22.523184]}},
{"type":"Feature","properties":{"fid":2303},"geometry":{"type":"Point","coordinates":[88.3368372,22.5229957]}},
{"type":"Feature","properties":{"fid":2304},"geometry":{"type":"Point","coordinates":[88.3375258,22.5231098]}},
{"type":"Feature","properties":{"fid":2305},"geometry":{"type":"Point","coordinates":[88.3366253,22.5227553]}},
{"type":"Feature","properties":{"fid":2306},"geometry":{"type":"Point","coordinates":[88.3363161,22.5235087]}},
{"type":"Feature","properties":{"fid":2307},"geometry":{"type":"Point","coordinates":[88.3363115,22.5236819]}},
{"type":"Feature","properties":{"fid":2308},"geometry":{"type":"Point","coordinates":[88.3363193,22.5233921]}},
{"type":"Feature","properties":{"fid":2309},"geometry":{"type":"Point","coordinates":[88.3363947,22.5237389]}},
{"type":"Feature","properties":{"fid":2310},"geometry":{"type":"Point","coordinates":[88.3362338,22.5240642]}},
{"type":"Feature","properties":{"fid":2311},"geometry":{"type":"Point","coordinates":[88.3366656,22.5235357]}},
{"type":"Feature","properties":{"fid":2312},"geometry":{"type":"Point","coordinates":[88.3370861,22.5237044]}},
{"type":"Feature","properties":{"fid":2313},"geometry":{"type":"Point","coordinates":[88.3366361,22.5238974]}},
{"type":"Feature","properties":{"fid":2314},"geometry":{"type":"Point","coordinates":[88.3364145,22.523925]}},
{"type":"Feature","properties":{"fid":2315},"geometry":{"type":"Point","coordinates":[88.3367675,22.5237191]}},
{"type":"Feature","properties":{"fid":2316},"geometry":{"type":"Point","coordinates":[88.3368035,22.5240014]}},
{"type":"Feature","properties":{"fid":2317},"geometry":{"type":"Point","coordinates":[88.3359177,22.523362]}},
{"type":"Feature","properties":{"fid":2318},"geometry":{"type":"Point","coordinates":[88.3367594,22.5233799]}},
{"type":"Feature","properties":{"fid":2319},"geometry":{"type":"Point","coordinates":[88.3367594,22.5234169]}},
{"type":"Feature","properties":{"fid":2320},"geometry":{"type":"Point","coordinates":[88.3375303,22.5234293]}},
{"type":"Feature","properties":{"fid":2321},"geometry":{"type":"Point","coordinates":[88.3366235,22.5236767]}},
{"type":"Feature","properties":{"fid":2322},"geometry":{"type":"Point","coordinates":[88.3364288,22.524044]}},
{"type":"Feature","properties":{"fid":2323},"geometry":{"type":"Point","coordinates":[88.3370652,22.5232855]}},
{"type":"Feature","properties":{"fid":2324},"geometry":{"type":"Point","coordinates":[88.3372605,22.5217124]}},
{"type":"Feature","properties":{"fid":2325},"geometry":{"type":"Point","coordinates":[88.3369869,22.5237119]}},
{"type":"Feature","properties":{"fid":2326},"geometry":{"type":"Point","coordinates":[88.3370146,22.5239774]}},
{"type":"Feature","properties":{"fid":2327},"geometry":{"type":"Point","coordinates":[88.3371477,22.5225487]}},
{"type":"Feature","properties":{"fid":2328},"geometry":{"type":"Point","coordinates":[88.3375369,22.5225523]}},
{"type":"Feature","properties":{"fid":2329},"geometry":{"type":"Point","coordinates":[88.3375309,22.5228223]}},
{"type":"Feature","properties":{"fid":2330},"geometry":{"type":"Point","coordinates":[88.3371211,22.5228051]}},
{"type":"Feature","properties":{"fid":2331},"geometry":{"type":"Point","coordinates":[88.3366066,22.522121]}},
{"type":"Feature","properties":{"fid":2332},"geometry":{"type":"Point","coordinates":[88.3375422,22.5221733]}},
{"type":"Feature","properties":{"fid":2333},"geometry":{"type":"Point","coordinates":[88.3361613,22.5216998]}},
{"type":"Feature","properties":{"fid":2334},"geometry":{"type":"Point","coordinates":[88.3362121,22.5229265]}},
{"type":"Feature","properties":{"fid":2335},"geometry":{"type":"Point","coordinates":[88.3370116,22.5228271]}},
{"type":"Feature","properties":{"fid":2336},"geometry":{"type":"Point","coordinates":[88.3368252,22.5228099]}},
{"type":"Feature","properties":{"fid":2337},"geometry":{"type":"Point","coordinates":[88.3369204,22.5216007]}},
{"type":"Feature","properties":{"fid":2338},"geometry":{"type":"Point","coordinates":[88.337121,22.5221384]}},
{"type":"Feature","properties":{"fid":2339},"geometry":{"type":"Point","coordinates":[88.3369123,22.5217444]}},
{"type":"Feature","properties":{"fid":2340},"geometry":{"type":"Point","coordinates":[88.337572,22.5217005]}},
{"type":"Feature","properties":{"fid":2341},"geometry":{"type":"Point","coordinates":[88.337671,22.5205639]}},
{"type":"Feature","properties":{"fid":2342},"geometry":{"type":"Point","coordinates":[88.3375664,22.5202579]}},
{"type":"Feature","properties":{"fid":2343},"geometry":{"type":"Point","coordinates":[88.3372825,22.5218782]}},
{"type":"Feature","properties":{"fid":2344},"geometry":{"type":"Point","coordinates":[88.33755,22.5219033]}},
{"type":"Feature","properties":{"fid":2345},"geometry":{"type":"Point","coordinates":[88.3377084,22.5207189]}},
{"type":"Feature","properties":{"fid":2346},"geometry":{"type":"Point","coordinates":[88.3373415,22.5206963]}},
{"type":"Feature","properties":{"fid":2347},"geometry":{"type":"Point","coordinates":[88.3373788,22.5214809]}},
{"type":"Feature","properties":{"fid":2348},"geometry":{"type":"Point","coordinates":[88.3373641,22.5216929]}},
{"type":"Feature","properties":{"fid":2349},"geometry":{"type":"Point","coordinates":[88.3372537,22.5212584]}},
{"type":"Feature","properties":{"fid":2350},"geometry":{"type":"Point","coordinates":[88.3376841,22.521278]}},
{"type":"Feature","properties":{"fid":2351},"geometry":{"type":"Point","coordinates":[88.3371175,22.521985]}},
{"type":"Feature","properties":{"fid":2352},"geometry":{"type":"Point","coordinates":[88.3375463,22.5220245]}},
{"type":"Feature","properties":{"fid":2353},"geometry":{"type":"Point","coordinates":[88.3375158,22.5208227]}},
{"type":"Feature","properties":{"fid":2354},"geometry":{"type":"Point","coordinates":[88.3374964,22.5210365]}},
{"type":"Feature","properties":{"fid":2355},"geometry":{"type":"Point","coordinates":[88.3372965,22.5210275]}},
{"type":"Feature","properties":{"fid":2356},"geometry":{"type":"Point","coordinates":[88.3377561,22.5211007]}},
{"type":"Feature","properties":{"fid":2357},"geometry":{"type":"Point","coordinates":[88.3361599,22.5205015]}},
{"type":"Feature","properties":{"fid":2358},"geometry":{"type":"Point","coordinates":[88.3371189,22.5204808]}},
{"type":"Feature","properties":{"fid":2359},"geometry":{"type":"Point","coordinates":[88.3373302,22.5208477]}},
{"type":"Feature","properties":{"fid":2360},"geometry":{"type":"Point","coordinates":[88.3373736,22.5202429]}},
{"type":"Feature","properties":{"fid":2361},"geometry":{"type":"Point","coordinates":[88.3365551,22.5209543]}},
{"type":"Feature","properties":{"fid":2362},"geometry":{"type":"Point","coordinates":[88.3367165,22.5202727]}},
{"type":"Feature","properties":{"fid":2363},"geometry":{"type":"Point","coordinates":[88.3369713,22.520342]}},
{"type":"Feature","properties":{"fid":2364},"geometry":{"type":"Point","coordinates":[88.3367567,22.5201201]}},
{"type":"Feature","properties":{"fid":2365},"geometry":{"type":"Point","coordinates":[88.3361529,22.5200229]}},
{"type":"Feature","properties":{"fid":2366},"geometry":{"type":"Point","coordinates":[88.3361277,22.5208953]}},
{"type":"Feature","properties":{"fid":2367},"geometry":{"type":"Point","coordinates":[88.3367457,22.5206811]}},
{"type":"Feature","properties":{"fid":2368},"geometry":{"type":"Point","coordinates":[88.337481,22.5209342]}},
{"type":"Feature","properties":{"fid":2369},"geometry":{"type":"Point","coordinates":[88.3364456,22.5203544]}},
{"type":"Feature","properties":{"fid":2370},"geometry":{"type":"Point","coordinates":[88.336624,22.5204139]}},
{"type":"Feature","properties":{"fid":2371},"geometry":{"type":"Point","coordinates":[88.3364188,22.5202702]}},
{"type":"Feature","properties":{"fid":2372},"geometry":{"type":"Point","coordinates":[88.3364681,22.5200468]}},
{"type":"Feature","properties":{"fid":2373},"geometry":{"type":"Point","coordinates":[88.3358529,22.520565]}},
{"type":"Feature","properties":{"fid":2374},"geometry":{"type":"Point","coordinates":[88.3361559,22.5205627]}},
{"type":"Feature","properties":{"fid":2375},"geometry":{"type":"Point","coordinates":[88.3361393,22.5211376]}},
{"type":"Feature","properties":{"fid":2376},"geometry":{"type":"Point","coordinates":[88.3350728,22.5199214]}},
{"type":"Feature","properties":{"fid":2377},"geometry":{"type":"Point","coordinates":[88.3353353,22.521234]}},
{"type":"Feature","properties":{"fid":2378},"geometry":{"type":"Point","coordinates":[88.335423,22.5209767]}},
{"type":"Feature","properties":{"fid":2379},"geometry":{"type":"Point","coordinates":[88.3352286,22.520527]}},
{"type":"Feature","properties":{"fid":2380},"geometry":{"type":"Point","coordinates":[88.3333727,22.520613]}},
{"type":"Feature","properties":{"fid":2381},"geometry":{"type":"Point","coordinates":[88.3359038,22.5202776]}},
{"type":"Feature","properties":{"fid":2382},"geometry":{"type":"Point","coordinates":[88.3361635,22.5202927]}},
{"type":"Feature","properties":{"fid":2383},"geometry":{"type":"Point","coordinates":[88.3357187,22.5202479]}},
{"type":"Feature","properties":{"fid":2384},"geometry":{"type":"Point","coordinates":[88.3357398,22.5200151]}},
{"type":"Feature","properties":{"fid":2385},"geometry":{"type":"Point","coordinates":[88.3345223,22.5214723]}},
{"type":"Feature","properties":{"fid":2386},"geometry":{"type":"Point","coordinates":[88.3349604,22.5242072]}},
{"type":"Feature","properties":{"fid":2387},"geometry":{"type":"Point","coordinates":[88.332627,22.5231459]}},
{"type":"Feature","properties":{"fid":2388},"geometry":{"type":"Point","coordinates":[88.3335568,22.5244296]}},
{"type":"Feature","properties":{"fid":2389},"geometry":{"type":"Point","coordinates":[88.3340106,22.5198558]}},
{"type":"Feature","properties":{"fid":2390},"geometry":{"type":"Point","coordinates":[88.3340612,22.5203594]}},
{"type":"Feature","properties":{"fid":2391},"geometry":{"type":"Point","coordinates":[88.3337501,22.5203569]}},
{"type":"Feature","properties":{"fid":2392},"geometry":{"type":"Point","coordinates":[88.3339184,22.5202342]}},
{"type":"Feature","properties":{"fid":2393},"geometry":{"type":"Point","coordinates":[88.3343619,22.5210779]}},
{"type":"Feature","properties":{"fid":2394},"geometry":{"type":"Point","coordinates":[88.3331783,22.5208692]}},
{"type":"Feature","properties":{"fid":2395},"geometry":{"type":"Point","coordinates":[88.3343397,22.5202943]}},
{"type":"Feature","properties":{"fid":2396},"geometry":{"type":"Point","coordinates":[88.3340709,22.5205777]}},
{"type":"Feature","properties":{"fid":2397},"geometry":{"type":"Point","coordinates":[88.334345,22.5198636]}},
{"type":"Feature","properties":{"fid":2398},"geometry":{"type":"Point","coordinates":[88.3344341,22.5204436]}},
{"type":"Feature","properties":{"fid":2399},"geometry":{"type":"Point","coordinates":[88.3333124,22.523659]}},
{"type":"Feature","properties":{"fid":2400},"geometry":{"type":"Point","coordinates":[88.3324655,22.5215554]}},
{"type":"Feature","properties":{"fid":2401},"geometry":{"type":"Point","coordinates":[88.334683,22.5205086]}},
{"type":"Feature","properties":{"fid":2402},"geometry":{"type":"Point","coordinates":[88.3347447,22.5198635]}},
{"type":"Feature","properties":{"fid":2403},"geometry":{"type":"Point","coordinates":[88.3339781,22.5202256]}},
{"type":"Feature","properties":{"fid":2404},"geometry":{"type":"Point","coordinates":[88.3335487,22.5202877]}},
{"type":"Feature","properties":{"fid":2405},"geometry":{"type":"Point","coordinates":[88.3298356,22.5248063]}},
{"type":"Feature","properties":{"fid":2406},"geometry":{"type":"Point","coordinates":[88.3299295,22.5254529]}},
{"type":"Feature","properties":{"fid":2407},"geometry":{"type":"Point","coordinates":[88.3299284,22.5231504]}},
{"type":"Feature","properties":{"fid":2408},"geometry":{"type":"Point","coordinates":[88.3304364,22.5229172]}},
{"type":"Feature","properties":{"fid":2409},"geometry":{"type":"Point","coordinates":[88.3297981,22.5239452]}},
{"type":"Feature","properties":{"fid":2410},"geometry":{"type":"Point","coordinates":[88.3305787,22.5238593]}},
{"type":"Feature","properties":{"fid":2411},"geometry":{"type":"Point","coordinates":[88.3289453,22.5249634]}},
{"type":"Feature","properties":{"fid":2412},"geometry":{"type":"Point","coordinates":[88.3292847,22.5259531]}},
{"type":"Feature","properties":{"fid":2413},"geometry":{"type":"Point","coordinates":[88.3293002,22.5231047]}},
{"type":"Feature","properties":{"fid":2414},"geometry":{"type":"Point","coordinates":[88.3305079,22.5234288]}},
{"type":"Feature","properties":{"fid":2415},"geometry":{"type":"Point","coordinates":[88.3294978,22.5248883]}},
{"type":"Feature","properties":{"fid":2416},"geometry":{"type":"Point","coordinates":[88.329846,22.5248764]}},
{"type":"Feature","properties":{"fid":2417},"geometry":{"type":"Point","coordinates":[88.3260919,22.5257665]}},
{"type":"Feature","properties":{"fid":2418},"geometry":{"type":"Point","coordinates":[88.3262304,22.5264538]}},
{"type":"Feature","properties":{"fid":2419},"geometry":{"type":"Point","coordinates":[88.3266709,22.5255008]}},
{"type":"Feature","properties":{"fid":2420},"geometry":{"type":"Point","coordinates":[88.3260825,22.5238952]}},
{"type":"Feature","properties":{"fid":2421},"geometry":{"type":"Point","coordinates":[88.3267192,22.5237138]}},
{"type":"Feature","properties":{"fid":2422},"geometry":{"type":"Point","coordinates":[88.3280986,22.525156]}},
{"type":"Feature","properties":{"fid":2423},"geometry":{"type":"Point","coordinates":[88.327691,22.5252067]}},
{"type":"Feature","properties":{"fid":2424},"geometry":{"type":"Point","coordinates":[88.3280118,22.5237891]}},
{"type":"Feature","properties":{"fid":2425},"geometry":{"type":"Point","coordinates":[88.3274731,22.5238142]}},
{"type":"Feature","properties":{"fid":2426},"geometry":{"type":"Point","coordinates":[88.328332,22.5244846]}},
{"type":"Feature","properties":{"fid":2427},"geometry":{"type":"Point","coordinates":[88.327588,22.5245516]}},
{"type":"Feature","properties":{"fid":2428},"geometry":{"type":"Point","coordinates":[88.3261708,22.52658]}},
{"type":"Feature","properties":{"fid":2429},"geometry":{"type":"Point","coordinates":[88.3255594,22.5258611]}},
{"type":"Feature","properties":{"fid":2430},"geometry":{"type":"Point","coordinates":[88.3248855,22.5223341]}},
{"type":"Feature","properties":{"fid":2431},"geometry":{"type":"Point","coordinates":[88.3255793,22.5221169]}},
{"type":"Feature","properties":{"fid":2432},"geometry":{"type":"Point","coordinates":[88.3260442,22.5256884]}},
{"type":"Feature","properties":{"fid":2433},"geometry":{"type":"Point","coordinates":[88.3257626,22.5243855]}},
{"type":"Feature","properties":{"fid":2434},"geometry":{"type":"Point","coordinates":[88.3281152,22.5200921]}},
{"type":"Feature","properties":{"fid":2435},"geometry":{"type":"Point","coordinates":[88.3269439,22.5196293]}},
{"type":"Feature","properties":{"fid":2436},"geometry":{"type":"Point","coordinates":[88.3296254,22.5186645]}},
{"type":"Feature","properties":{"fid":2437},"geometry":{"type":"Point","coordinates":[88.3295993,22.518087]}},
{"type":"Feature","properties":{"fid":2438},"geometry":{"type":"Point","coordinates":[88.3265703,22.5188275]}},
{"type":"Feature","properties":{"fid":2439},"geometry":{"type":"Point","coordinates":[88.3265058,22.5183799]}},
{"type":"Feature","properties":{"fid":2440},"geometry":{"type":"Point","coordinates":[88.3269087,22.5193935]}},
{"type":"Feature","properties":{"fid":2441},"geometry":{"type":"Point","coordinates":[88.3270067,22.5200218]}},
{"type":"Feature","properties":{"fid":2442},"geometry":{"type":"Point","coordinates":[88.3288376,22.5186896]}},
{"type":"Feature","properties":{"fid":2443},"geometry":{"type":"Point","coordinates":[88.3292483,22.5186803]}},
{"type":"Feature","properties":{"fid":2444},"geometry":{"type":"Point","coordinates":[88.3280258,22.5220748]}},
{"type":"Feature","properties":{"fid":2445},"geometry":{"type":"Point","coordinates":[88.3284129,22.5220276]}},
{"type":"Feature","properties":{"fid":2446},"geometry":{"type":"Point","coordinates":[88.3300659,22.5202963]}},
{"type":"Feature","properties":{"fid":2447},"geometry":{"type":"Point","coordinates":[88.3267092,22.5201365]}},
{"type":"Feature","properties":{"fid":2448},"geometry":{"type":"Point","coordinates":[88.3271702,22.5222692]}},
{"type":"Feature","properties":{"fid":2449},"geometry":{"type":"Point","coordinates":[88.3294056,22.5189998]}},
{"type":"Feature","properties":{"fid":2450},"geometry":{"type":"Point","coordinates":[88.3291957,22.5180604]}},
{"type":"Feature","properties":{"fid":2451},"geometry":{"type":"Point","coordinates":[88.3264143,22.5206469]}},
{"type":"Feature","properties":{"fid":2452},"geometry":{"type":"Point","coordinates":[88.3267562,22.5203627]}},
{"type":"Feature","properties":{"fid":2453},"geometry":{"type":"Point","coordinates":[88.327598,22.5218474]}},
{"type":"Feature","properties":{"fid":2454},"geometry":{"type":"Point","coordinates":[88.3278977,22.5221037]}},
{"type":"Feature","properties":{"fid":2455},"geometry":{"type":"Point","coordinates":[88.3280444,22.5182965]}},
{"type":"Feature","properties":{"fid":2456},"geometry":{"type":"Point","coordinates":[88.3280261,22.518036]}},
{"type":"Feature","properties":{"fid":2457},"geometry":{"type":"Point","coordinates":[88.3280676,22.5185391]}},
{"type":"Feature","properties":{"fid":2458},"geometry":{"type":"Point","coordinates":[88.3276265,22.519081]}},
{"type":"Feature","properties":{"fid":2459},"geometry":{"type":"Point","coordinates":[88.3274823,22.5181296]}},
{"type":"Feature","properties":{"fid":2460},"geometry":{"type":"Point","coordinates":[88.3253465,22.5188667]}},
{"type":"Feature","properties":{"fid":2461},"geometry":{"type":"Point","coordinates":[88.3254034,22.5219446]}},
{"type":"Feature","properties":{"fid":2462},"geometry":{"type":"Point","coordinates":[88.3264863,22.5194645]}},
{"type":"Feature","properties":{"fid":2463},"geometry":{"type":"Point","coordinates":[88.3253872,22.5198649]}},
{"type":"Feature","properties":{"fid":2464},"geometry":{"type":"Point","coordinates":[88.3301485,22.5194088]}},
{"type":"Feature","properties":{"fid":2465},"geometry":{"type":"Point","coordinates":[88.3283697,22.5195498]}},
{"type":"Feature","properties":{"fid":2466},"geometry":{"type":"Point","coordinates":[88.3274472,22.5208427]}},
{"type":"Feature","properties":{"fid":2467},"geometry":{"type":"Point","coordinates":[88.3262131,22.5214302]}},
{"type":"Feature","properties":{"fid":2468},"geometry":{"type":"Point","coordinates":[88.3254075,22.5215495]}},
{"type":"Feature","properties":{"fid":2469},"geometry":{"type":"Point","coordinates":[88.3313736,22.5214596]}},
{"type":"Feature","properties":{"fid":2470},"geometry":{"type":"Point","coordinates":[88.3313238,22.5210024]}},
{"type":"Feature","properties":{"fid":2471},"geometry":{"type":"Point","coordinates":[88.3318902,22.5205445]}},
{"type":"Feature","properties":{"fid":2472},"geometry":{"type":"Point","coordinates":[88.3316749,22.5183984]}},
{"type":"Feature","properties":{"fid":2473},"geometry":{"type":"Point","coordinates":[88.3314227,22.5184259]}},
{"type":"Feature","properties":{"fid":2474},"geometry":{"type":"Point","coordinates":[88.3333878,22.5196039]}},
{"type":"Feature","properties":{"fid":2475},"geometry":{"type":"Point","coordinates":[88.3310302,22.519081]}},
{"type":"Feature","properties":{"fid":2476},"geometry":{"type":"Point","coordinates":[88.3308064,22.5197529]}},
{"type":"Feature","properties":{"fid":2477},"geometry":{"type":"Point","coordinates":[88.3348431,22.5183686]}},
{"type":"Feature","properties":{"fid":2478},"geometry":{"type":"Point","coordinates":[88.3331857,22.5184059]}},
{"type":"Feature","properties":{"fid":2479},"geometry":{"type":"Point","coordinates":[88.334544,22.5193584]}},
{"type":"Feature","properties":{"fid":2480},"geometry":{"type":"Point","coordinates":[88.3333341,22.5194415]}},
{"type":"Feature","properties":{"fid":2481},"geometry":{"type":"Point","coordinates":[88.3344071,22.5188941]}},
{"type":"Feature","properties":{"fid":2482},"geometry":{"type":"Point","coordinates":[88.3332675,22.5192399]}},
{"type":"Feature","properties":{"fid":2483},"geometry":{"type":"Point","coordinates":[88.3348458,22.5196173]}},
{"type":"Feature","properties":{"fid":2484},"geometry":{"type":"Point","coordinates":[88.3348674,22.5191438]}},
{"type":"Feature","properties":{"fid":2485},"geometry":{"type":"Point","coordinates":[88.3338986,22.5188651]}},
{"type":"Feature","properties":{"fid":2486},"geometry":{"type":"Point","coordinates":[88.3338878,22.5193044]}},
{"type":"Feature","properties":{"fid":2487},"geometry":{"type":"Point","coordinates":[88.3341751,22.5193051]}},
{"type":"Feature","properties":{"fid":2488},"geometry":{"type":"Point","coordinates":[88.3341802,22.5198656]}},
{"type":"Feature","properties":{"fid":2489},"geometry":{"type":"Point","coordinates":[88.3354624,22.5192754]}},
{"type":"Feature","properties":{"fid":2490},"geometry":{"type":"Point","coordinates":[88.3358418,22.519677]}},
{"type":"Feature","properties":{"fid":2491},"geometry":{"type":"Point","coordinates":[88.3352502,22.5196391]}},
{"type":"Feature","properties":{"fid":2492},"geometry":{"type":"Point","coordinates":[88.3355337,22.5186869]}},
{"type":"Feature","properties":{"fid":2493},"geometry":{"type":"Point","coordinates":[88.3358803,22.5187869]}},
{"type":"Feature","properties":{"fid":2494},"geometry":{"type":"Point","coordinates":[88.3353728,22.5191131]}},
{"type":"Feature","properties":{"fid":2495},"geometry":{"type":"Point","coordinates":[88.3348691,22.5191016]}},
{"type":"Feature","properties":{"fid":2496},"geometry":{"type":"Point","coordinates":[88.3338422,22.5195725]}},
{"type":"Feature","properties":{"fid":2497},"geometry":{"type":"Point","coordinates":[88.334175,22.5195898]}},
{"type":"Feature","properties":{"fid":2498},"geometry":{"type":"Point","coordinates":[88.3358704,22.5176918]}},
{"type":"Feature","properties":{"fid":2499},"geometry":{"type":"Point","coordinates":[88.3379826,22.5189595]}},
{"type":"Feature","properties":{"fid":2500},"geometry":{"type":"Point","coordinates":[88.3375088,22.5189699]}},
{"type":"Feature","properties":{"fid":2501},"geometry":{"type":"Point","coordinates":[88.3363096,22.5195708]}},
{"type":"Feature","properties":{"fid":2502},"geometry":{"type":"Point","coordinates":[88.3362887,22.5197276]}},
{"type":"Feature","properties":{"fid":2503},"geometry":{"type":"Point","coordinates":[88.3381918,22.5195591]}},
{"type":"Feature","properties":{"fid":2504},"geometry":{"type":"Point","coordinates":[88.3382868,22.5199412]}},
{"type":"Feature","properties":{"fid":2505},"geometry":{"type":"Point","coordinates":[88.337674,22.5202578]}},
{"type":"Feature","properties":{"fid":2506},"geometry":{"type":"Point","coordinates":[88.3375588,22.5197424]}},
{"type":"Feature","properties":{"fid":2507},"geometry":{"type":"Point","coordinates":[88.3375722,22.5199778]}},
{"type":"Feature","properties":{"fid":2508},"geometry":{"type":"Point","coordinates":[88.3371937,22.5199858]}},
{"type":"Feature","properties":{"fid":2509},"geometry":{"type":"Point","coordinates":[88.3358511,22.5194434]}},
{"type":"Feature","properties":{"fid":2510},"geometry":{"type":"Point","coordinates":[88.3365528,22.520067]}},
{"type":"Feature","properties":{"fid":2511},"geometry":{"type":"Point","coordinates":[88.3375454,22.5194377]}},
{"type":"Feature","properties":{"fid":2512},"geometry":{"type":"Point","coordinates":[88.3375333,22.5187357]}},
{"type":"Feature","properties":{"fid":2513},"geometry":{"type":"Point","coordinates":[88.3361116,22.5197111]}},
{"type":"Feature","properties":{"fid":2514},"geometry":{"type":"Point","coordinates":[88.3360684,22.5200218]}},
{"type":"Feature","properties":{"fid":2515},"geometry":{"type":"Point","coordinates":[88.3366634,22.5190857]}},
{"type":"Feature","properties":{"fid":2516},"geometry":{"type":"Point","coordinates":[88.3361406,22.5190546]}},
{"type":"Feature","properties":{"fid":2517},"geometry":{"type":"Point","coordinates":[88.3371483,22.5190994]}},
{"type":"Feature","properties":{"fid":2518},"geometry":{"type":"Point","coordinates":[88.3377385,22.5193064]}},
{"type":"Feature","properties":{"fid":2519},"geometry":{"type":"Point","coordinates":[88.3384052,22.5191139]}},
{"type":"Feature","properties":{"fid":2520},"geometry":{"type":"Point","coordinates":[88.3361533,22.5191701]}},
{"type":"Feature","properties":{"fid":2521},"geometry":{"type":"Point","coordinates":[88.3358685,22.5190093]}},
{"type":"Feature","properties":{"fid":2522},"geometry":{"type":"Point","coordinates":[88.3372664,22.5197846]}},
{"type":"Feature","properties":{"fid":2523},"geometry":{"type":"Point","coordinates":[88.3381039,22.5195735]}},
{"type":"Feature","properties":{"fid":2524},"geometry":{"type":"Point","coordinates":[88.3366316,22.5197905]}},
{"type":"Feature","properties":{"fid":2525},"geometry":{"type":"Point","coordinates":[88.3373022,22.5199739]}},
{"type":"Feature","properties":{"fid":2526},"geometry":{"type":"Point","coordinates":[88.338063,22.5198564]}},
{"type":"Feature","properties":{"fid":2527},"geometry":{"type":"Point","coordinates":[88.3381784,22.5198638]}},
{"type":"Feature","properties":{"fid":2528},"geometry":{"type":"Point","coordinates":[88.338004,22.5193212]}},
{"type":"Feature","properties":{"fid":2529},"geometry":{"type":"Point","coordinates":[88.330204,22.5152857]}},
{"type":"Feature","properties":{"fid":2530},"geometry":{"type":"Point","coordinates":[88.3328309,22.5134692]}},
{"type":"Feature","properties":{"fid":2531},"geometry":{"type":"Point","coordinates":[88.3301862,22.5167521]}},
{"type":"Feature","properties":{"fid":2532},"geometry":{"type":"Point","coordinates":[88.3302646,22.517179]}},
{"type":"Feature","properties":{"fid":2533},"geometry":{"type":"Point","coordinates":[88.3299293,22.5174879]}},
{"type":"Feature","properties":{"fid":2534},"geometry":{"type":"Point","coordinates":[88.3297931,22.517518]}},
{"type":"Feature","properties":{"fid":2535},"geometry":{"type":"Point","coordinates":[88.3327372,22.5148629]}},
{"type":"Feature","properties":{"fid":2536},"geometry":{"type":"Point","coordinates":[88.3324508,22.5140141]}},
{"type":"Feature","properties":{"fid":2537},"geometry":{"type":"Point","coordinates":[88.3313596,22.5166633]}},
{"type":"Feature","properties":{"fid":2538},"geometry":{"type":"Point","coordinates":[88.3318214,22.5160129]}},
{"type":"Feature","properties":{"fid":2539},"geometry":{"type":"Point","coordinates":[88.3316409,22.5151975]}},
{"type":"Feature","properties":{"fid":2540},"geometry":{"type":"Point","coordinates":[88.3319495,22.5183596]}},
{"type":"Feature","properties":{"fid":2541},"geometry":{"type":"Point","coordinates":[88.3277981,22.5174754]}},
{"type":"Feature","properties":{"fid":2542},"geometry":{"type":"Point","coordinates":[88.3304186,22.5155576]}},
{"type":"Feature","properties":{"fid":2543},"geometry":{"type":"Point","coordinates":[88.3312502,22.5146034]}},
{"type":"Feature","properties":{"fid":2544},"geometry":{"type":"Point","coordinates":[88.3280958,22.5169476]}},
{"type":"Feature","properties":{"fid":2545},"geometry":{"type":"Point","coordinates":[88.3290466,22.5163175]}},
{"type":"Feature","properties":{"fid":2546},"geometry":{"type":"Point","coordinates":[88.3316489,22.5143885]}},
{"type":"Feature","properties":{"fid":2547},"geometry":{"type":"Point","coordinates":[88.3321581,22.515234]}},
{"type":"Feature","properties":{"fid":2548},"geometry":{"type":"Point","coordinates":[88.3318559,22.5167259]}},
{"type":"Feature","properties":{"fid":2549},"geometry":{"type":"Point","coordinates":[88.332447,22.5149731]}},
{"type":"Feature","properties":{"fid":2550},"geometry":{"type":"Point","coordinates":[88.332475,22.5151886]}},
{"type":"Feature","properties":{"fid":2551},"geometry":{"type":"Point","coordinates":[88.3314122,22.5160151]}},
{"type":"Feature","properties":{"fid":2552},"geometry":{"type":"Point","coordinates":[88.331423,22.5157675]}},
{"type":"Feature","properties":{"fid":2553},"geometry":{"type":"Point","coordinates":[88.3310761,22.5152415]}},
{"type":"Feature","properties":{"fid":2554},"geometry":{"type":"Point","coordinates":[88.3313923,22.5177554]}},
{"type":"Feature","properties":{"fid":2555},"geometry":{"type":"Point","coordinates":[88.3319103,22.5177171]}},
{"type":"Feature","properties":{"fid":2556},"geometry":{"type":"Point","coordinates":[88.3318086,22.5150027]}},
{"type":"Feature","properties":{"fid":2557},"geometry":{"type":"Point","coordinates":[88.3330014,22.5144578]}},
{"type":"Feature","properties":{"fid":2558},"geometry":{"type":"Point","coordinates":[88.3293365,22.5160469]}},
{"type":"Feature","properties":{"fid":2559},"geometry":{"type":"Point","coordinates":[88.3302059,22.5157822]}},
{"type":"Feature","properties":{"fid":2560},"geometry":{"type":"Point","coordinates":[88.3313762,22.5174977]}},
{"type":"Feature","properties":{"fid":2561},"geometry":{"type":"Point","coordinates":[88.3318971,22.5174446]}},
{"type":"Feature","properties":{"fid":2562},"geometry":{"type":"Point","coordinates":[88.3344868,22.5125339]}},
{"type":"Feature","properties":{"fid":2563},"geometry":{"type":"Point","coordinates":[88.3263642,22.5175605]}},
{"type":"Feature","properties":{"fid":2564},"geometry":{"type":"Point","coordinates":[88.3289246,22.5171657]}},
{"type":"Feature","properties":{"fid":2565},"geometry":{"type":"Point","coordinates":[88.3295875,22.5170847]}},
{"type":"Feature","properties":{"fid":2566},"geometry":{"type":"Point","coordinates":[88.3330551,22.5150995]}},
{"type":"Feature","properties":{"fid":2567},"geometry":{"type":"Point","coordinates":[88.3316917,22.5152322]}},
{"type":"Feature","properties":{"fid":2568},"geometry":{"type":"Point","coordinates":[88.3318712,22.5169988]}},
{"type":"Feature","properties":{"fid":2569},"geometry":{"type":"Point","coordinates":[88.3331579,22.5173579]}},
{"type":"Feature","properties":{"fid":2570},"geometry":{"type":"Point","coordinates":[88.3279637,22.517387]}},
{"type":"Feature","properties":{"fid":2571},"geometry":{"type":"Point","coordinates":[88.3366519,22.5115986]}},
{"type":"Feature","properties":{"fid":2572},"geometry":{"type":"Point","coordinates":[88.3331225,22.5159007]}},
{"type":"Feature","properties":{"fid":2573},"geometry":{"type":"Point","coordinates":[88.3399401,22.5149241]}},
{"type":"Feature","properties":{"fid":2574},"geometry":{"type":"Point","coordinates":[88.3349337,22.5155065]}},
{"type":"Feature","properties":{"fid":2575},"geometry":{"type":"Point","coordinates":[88.3353131,22.51781]}},
{"type":"Feature","properties":{"fid":2576},"geometry":{"type":"Point","coordinates":[88.3398822,22.5133011]}},
{"type":"Feature","properties":{"fid":2577},"geometry":{"type":"Point","coordinates":[88.3346314,22.5155596]}},
{"type":"Feature","properties":{"fid":2578},"geometry":{"type":"Point","coordinates":[88.3340435,22.5163982]}},
{"type":"Feature","properties":{"fid":2579},"geometry":{"type":"Point","coordinates":[88.3340041,22.5158401]}},
{"type":"Feature","properties":{"fid":2580},"geometry":{"type":"Point","coordinates":[88.3345385,22.5164545]}},
{"type":"Feature","properties":{"fid":2581},"geometry":{"type":"Point","coordinates":[88.335088,22.5166628]}},
{"type":"Feature","properties":{"fid":2582},"geometry":{"type":"Point","coordinates":[88.3343388,22.5167231]}},
{"type":"Feature","properties":{"fid":2583},"geometry":{"type":"Point","coordinates":[88.3331445,22.5167566]}},
{"type":"Feature","properties":{"fid":2584},"geometry":{"type":"Point","coordinates":[88.3340951,22.5169498]}},
{"type":"Feature","properties":{"fid":2585},"geometry":{"type":"Point","coordinates":[88.334173,22.5143838]}},
{"type":"Feature","properties":{"fid":2586},"geometry":{"type":"Point","coordinates":[88.3340644,22.515683]}},
{"type":"Feature","properties":{"fid":2587},"geometry":{"type":"Point","coordinates":[88.3349691,22.5157773]}},
{"type":"Feature","properties":{"fid":2588},"geometry":{"type":"Point","coordinates":[88.3335079,22.5157944]}},
{"type":"Feature","properties":{"fid":2589},"geometry":{"type":"Point","coordinates":[88.3378192,22.5165629]}},
{"type":"Feature","properties":{"fid":2590},"geometry":{"type":"Point","coordinates":[88.3378944,22.5173265]}},
{"type":"Feature","properties":{"fid":2591},"geometry":{"type":"Point","coordinates":[88.3346489,22.5169747]}},
{"type":"Feature","properties":{"fid":2592},"geometry":{"type":"Point","coordinates":[88.3347212,22.5179288]}},
{"type":"Feature","properties":{"fid":2593},"geometry":{"type":"Point","coordinates":[88.3398956,22.5163117]}},
{"type":"Feature","properties":{"fid":2594},"geometry":{"type":"Point","coordinates":[88.3385145,22.5165495]}},
{"type":"Feature","properties":{"fid":2595},"geometry":{"type":"Point","coordinates":[88.3331511,22.5171861]}},
{"type":"Feature","properties":{"fid":2596},"geometry":{"type":"Point","coordinates":[88.3338629,22.5180879]}},
{"type":"Feature","properties":{"fid":2597},"geometry":{"type":"Point","coordinates":[88.3370303,22.5166032]}},
{"type":"Feature","properties":{"fid":2598},"geometry":{"type":"Point","coordinates":[88.3369772,22.5174814]}},
{"type":"Feature","properties":{"fid":2599},"geometry":{"type":"Point","coordinates":[88.3352059,22.5143789]}},
{"type":"Feature","properties":{"fid":2600},"geometry":{"type":"Point","coordinates":[88.3356299,22.5142921]}},
{"type":"Feature","properties":{"fid":2601},"geometry":{"type":"Point","coordinates":[88.3353384,22.5121301]}},
{"type":"Feature","properties":{"fid":2602},"geometry":{"type":"Point","coordinates":[88.3349949,22.5130215]}},
{"type":"Feature","properties":{"fid":2603},"geometry":{"type":"Point","coordinates":[88.3351285,22.5135468]}},
{"type":"Feature","properties":{"fid":2604},"geometry":{"type":"Point","coordinates":[88.3346138,22.513531]}},
{"type":"Feature","properties":{"fid":2605},"geometry":{"type":"Point","coordinates":[88.3337355,22.5135738]}},
{"type":"Feature","properties":{"fid":2606},"geometry":{"type":"Point","coordinates":[88.3351481,22.5134027]}},
{"type":"Feature","properties":{"fid":2607},"geometry":{"type":"Point","coordinates":[88.3348926,22.5150249]}},
{"type":"Feature","properties":{"fid":2608},"geometry":{"type":"Point","coordinates":[88.3351982,22.5129441]}},
{"type":"Feature","properties":{"fid":2609},"geometry":{"type":"Point","coordinates":[88.3345058,22.5127669]}},
{"type":"Feature","properties":{"fid":2610},"geometry":{"type":"Point","coordinates":[88.3332376,22.5158493]}},
{"type":"Feature","properties":{"fid":2611},"geometry":{"type":"Point","coordinates":[88.3330943,22.5134725]}},
{"type":"Feature","properties":{"fid":2612},"geometry":{"type":"Point","coordinates":[88.3341872,22.5138692]}},
{"type":"Feature","properties":{"fid":2613},"geometry":{"type":"Point","coordinates":[88.3344797,22.5137028]}},
{"type":"Feature","properties":{"fid":2614},"geometry":{"type":"Point","coordinates":[88.3368428,22.515058]}},
{"type":"Feature","properties":{"fid":2615},"geometry":{"type":"Point","coordinates":[88.3340425,22.5134167]}},
{"type":"Feature","properties":{"fid":2616},"geometry":{"type":"Point","coordinates":[88.3347851,22.513015]}},
{"type":"Feature","properties":{"fid":2617},"geometry":{"type":"Point","coordinates":[88.334401,22.5133703]}},
{"type":"Feature","properties":{"fid":2618},"geometry":{"type":"Point","coordinates":[88.3331743,22.513962]}},
{"type":"Feature","properties":{"fid":2619},"geometry":{"type":"Point","coordinates":[88.3357475,22.5129093]}},
{"type":"Feature","properties":{"fid":2620},"geometry":{"type":"Point","coordinates":[88.3351724,22.5120227]}},
{"type":"Feature","properties":{"fid":2621},"geometry":{"type":"Point","coordinates":[88.3346152,22.5133877]}},
{"type":"Feature","properties":{"fid":2622},"geometry":{"type":"Point","coordinates":[88.3353332,22.515415]}},
{"type":"Feature","properties":{"fid":2623},"geometry":{"type":"Point","coordinates":[88.3352214,22.5139575]}},
{"type":"Feature","properties":{"fid":2624},"geometry":{"type":"Point","coordinates":[88.3367487,22.5168037]}},
{"type":"Feature","properties":{"fid":2625},"geometry":{"type":"Point","coordinates":[88.3354898,22.5170288]}},
{"type":"Feature","properties":{"fid":2626},"geometry":{"type":"Point","coordinates":[88.3374341,22.5168116]}},
{"type":"Feature","properties":{"fid":2627},"geometry":{"type":"Point","coordinates":[88.3370148,22.5168238]}},
{"type":"Feature","properties":{"fid":2628},"geometry":{"type":"Point","coordinates":[88.337009,22.5170447]}},
{"type":"Feature","properties":{"fid":2629},"geometry":{"type":"Point","coordinates":[88.3367793,22.5165914]}},
{"type":"Feature","properties":{"fid":2630},"geometry":{"type":"Point","coordinates":[88.3354665,22.5169658]}},
{"type":"Feature","properties":{"fid":2631},"geometry":{"type":"Point","coordinates":[88.335157,22.517005]}},
{"type":"Feature","properties":{"fid":2632},"geometry":{"type":"Point","coordinates":[88.3364358,22.5165771]}},
{"type":"Feature","properties":{"fid":2633},"geometry":{"type":"Point","coordinates":[88.3364188,22.5168627]}},
{"type":"Feature","properties":{"fid":2634},"geometry":{"type":"Point","coordinates":[88.3371278,22.5168247]}},
{"type":"Feature","properties":{"fid":2635},"geometry":{"type":"Point","coordinates":[88.3374859,22.5169745]}},
{"type":"Feature","properties":{"fid":2636},"geometry":{"type":"Point","coordinates":[88.3358357,22.5168669]}},
{"type":"Feature","properties":{"fid":2637},"geometry":{"type":"Point","coordinates":[88.3356201,22.5177375]}},
{"type":"Feature","properties":{"fid":2638},"geometry":{"type":"Point","coordinates":[88.3381656,22.516861]}},
{"type":"Feature","properties":{"fid":2639},"geometry":{"type":"Point","coordinates":[88.3378485,22.5168689]}},
{"type":"Feature","properties":{"fid":2640},"geometry":{"type":"Point","coordinates":[88.3357132,22.5158803]}},
{"type":"Feature","properties":{"fid":2641},"geometry":{"type":"Point","coordinates":[88.3355482,22.5161376]}},
{"type":"Feature","properties":{"fid":2642},"geometry":{"type":"Point","coordinates":[88.3359488,22.5165906]}},
{"type":"Feature","properties":{"fid":2643},"geometry":{"type":"Point","coordinates":[88.3359449,22.5152691]}},
{"type":"Feature","properties":{"fid":2644},"geometry":{"type":"Point","coordinates":[88.3355465,22.5158866]}},
{"type":"Feature","properties":{"fid":2645},"geometry":{"type":"Point","coordinates":[88.3355739,22.516611]}},
{"type":"Feature","properties":{"fid":2646},"geometry":{"type":"Point","coordinates":[88.3368667,22.5161151]}},
{"type":"Feature","properties":{"fid":2647},"geometry":{"type":"Point","coordinates":[88.336875,22.5165959]}},
{"type":"Feature","properties":{"fid":2648},"geometry":{"type":"Point","coordinates":[88.3354486,22.5157286]}},
{"type":"Feature","properties":{"fid":2649},"geometry":{"type":"Point","coordinates":[88.336966,22.5154709]}},
{"type":"Feature","properties":{"fid":2650},"geometry":{"type":"Point","coordinates":[88.3364855,22.5154762]}},
{"type":"Feature","properties":{"fid":2651},"geometry":{"type":"Point","coordinates":[88.3368707,22.5163424]}},
{"type":"Feature","properties":{"fid":2652},"geometry":{"type":"Point","coordinates":[88.3373552,22.5162688]}},
{"type":"Feature","properties":{"fid":2653},"geometry":{"type":"Point","coordinates":[88.3364901,22.515128]}},
{"type":"Feature","properties":{"fid":2654},"geometry":{"type":"Point","coordinates":[88.3364886,22.5144465]}},
{"type":"Feature","properties":{"fid":2655},"geometry":{"type":"Point","coordinates":[88.3367883,22.515058]}},
{"type":"Feature","properties":{"fid":2656},"geometry":{"type":"Point","coordinates":[88.3367782,22.5154783]}},
{"type":"Feature","properties":{"fid":2657},"geometry":{"type":"Point","coordinates":[88.3349774,22.515931]}},
{"type":"Feature","properties":{"fid":2658},"geometry":{"type":"Point","coordinates":[88.3359181,22.5158743]}},
{"type":"Feature","properties":{"fid":2659},"geometry":{"type":"Point","coordinates":[88.3357092,22.515332]}},
{"type":"Feature","properties":{"fid":2660},"geometry":{"type":"Point","coordinates":[88.3352654,22.515043]}},
{"type":"Feature","properties":{"fid":2661},"geometry":{"type":"Point","coordinates":[88.3359205,22.5162075]}},
{"type":"Feature","properties":{"fid":2662},"geometry":{"type":"Point","coordinates":[88.3364532,22.5161864]}},
{"type":"Feature","properties":{"fid":2663},"geometry":{"type":"Point","coordinates":[88.3352689,22.514901]}},
{"type":"Feature","properties":{"fid":2664},"geometry":{"type":"Point","coordinates":[88.3363094,22.5151878]}},
{"type":"Feature","properties":{"fid":2665},"geometry":{"type":"Point","coordinates":[88.3359846,22.5144197]}},
{"type":"Feature","properties":{"fid":2666},"geometry":{"type":"Point","coordinates":[88.3359752,22.5144941]}},
{"type":"Feature","properties":{"fid":2667},"geometry":{"type":"Point","coordinates":[88.3354655,22.5158855]}},
{"type":"Feature","properties":{"fid":2668},"geometry":{"type":"Point","coordinates":[88.3368282,22.5147739]}},
{"type":"Feature","properties":{"fid":2669},"geometry":{"type":"Point","coordinates":[88.3366787,22.5150789]}},
{"type":"Feature","properties":{"fid":2670},"geometry":{"type":"Point","coordinates":[88.3361693,22.5147081]}},
{"type":"Feature","properties":{"fid":2671},"geometry":{"type":"Point","coordinates":[88.3361715,22.5144398]}},
{"type":"Feature","properties":{"fid":2672},"geometry":{"type":"Point","coordinates":[88.3359502,22.5154726]}},
{"type":"Feature","properties":{"fid":2673},"geometry":{"type":"Point","coordinates":[88.3364812,22.5155298]}},
{"type":"Feature","properties":{"fid":2674},"geometry":{"type":"Point","coordinates":[88.3390554,22.5144742]}},
{"type":"Feature","properties":{"fid":2675},"geometry":{"type":"Point","coordinates":[88.3390789,22.5149395]}},
{"type":"Feature","properties":{"fid":2676},"geometry":{"type":"Point","coordinates":[88.3377358,22.5142494]}},
{"type":"Feature","properties":{"fid":2677},"geometry":{"type":"Point","coordinates":[88.3371806,22.5142536]}},
{"type":"Feature","properties":{"fid":2678},"geometry":{"type":"Point","coordinates":[88.3386298,22.5133713]}},
{"type":"Feature","properties":{"fid":2679},"geometry":{"type":"Point","coordinates":[88.3387024,22.514301]}},
{"type":"Feature","properties":{"fid":2680},"geometry":{"type":"Point","coordinates":[88.3382241,22.5143568]}},
{"type":"Feature","properties":{"fid":2681},"geometry":{"type":"Point","coordinates":[88.3378701,22.5150037]}},
{"type":"Feature","properties":{"fid":2682},"geometry":{"type":"Point","coordinates":[88.3376312,22.5139644]}},
{"type":"Feature","properties":{"fid":2683},"geometry":{"type":"Point","coordinates":[88.3380337,22.5134128]}},
{"type":"Feature","properties":{"fid":2684},"geometry":{"type":"Point","coordinates":[88.3379091,22.5158631]}},
{"type":"Feature","properties":{"fid":2685},"geometry":{"type":"Point","coordinates":[88.3383409,22.5158534]}},
{"type":"Feature","properties":{"fid":2686},"geometry":{"type":"Point","coordinates":[88.335888,22.5135895]}},
{"type":"Feature","properties":{"fid":2687},"geometry":{"type":"Point","coordinates":[88.3359481,22.5141057]}},
{"type":"Feature","properties":{"fid":2688},"geometry":{"type":"Point","coordinates":[88.3387644,22.5149468]}},
{"type":"Feature","properties":{"fid":2689},"geometry":{"type":"Point","coordinates":[88.3383311,22.5165239]}},
{"type":"Feature","properties":{"fid":2690},"geometry":{"type":"Point","coordinates":[88.3382916,22.5149721]}},
{"type":"Feature","properties":{"fid":2691},"geometry":{"type":"Point","coordinates":[88.338355,22.5156929]}},
{"type":"Feature","properties":{"fid":2692},"geometry":{"type":"Point","coordinates":[88.3377446,22.516304]}},
{"type":"Feature","properties":{"fid":2693},"geometry":{"type":"Point","coordinates":[88.3383291,22.5162259]}},
{"type":"Feature","properties":{"fid":2694},"geometry":{"type":"Point","coordinates":[88.3394175,22.5135029]}},
{"type":"Feature","properties":{"fid":2695},"geometry":{"type":"Point","coordinates":[88.3398836,22.5134905]}},
{"type":"Feature","properties":{"fid":2696},"geometry":{"type":"Point","coordinates":[88.339328,22.5142855]}},
{"type":"Feature","properties":{"fid":2697},"geometry":{"type":"Point","coordinates":[88.3399195,22.514557]}},
{"type":"Feature","properties":{"fid":2698},"geometry":{"type":"Point","coordinates":[88.3379532,22.5139516]}},
{"type":"Feature","properties":{"fid":2699},"geometry":{"type":"Point","coordinates":[88.3377411,22.5136745]}},
{"type":"Feature","properties":{"fid":2700},"geometry":{"type":"Point","coordinates":[88.3378028,22.5134292]}},
{"type":"Feature","properties":{"fid":2701},"geometry":{"type":"Point","coordinates":[88.3377392,22.5144061]}},
{"type":"Feature","properties":{"fid":2702},"geometry":{"type":"Point","coordinates":[88.3371756,22.5144147]}},
{"type":"Feature","properties":{"fid":2703},"geometry":{"type":"Point","coordinates":[88.3378082,22.5165673]}},
{"type":"Feature","properties":{"fid":2704},"geometry":{"type":"Point","coordinates":[88.3373748,22.5163716]}},
{"type":"Feature","properties":{"fid":2705},"geometry":{"type":"Point","coordinates":[88.3403885,22.5139942]}},
{"type":"Feature","properties":{"fid":2706},"geometry":{"type":"Point","coordinates":[88.3398903,22.5140134]}},
{"type":"Feature","properties":{"fid":2707},"geometry":{"type":"Point","coordinates":[88.3388688,22.5162145]}},
{"type":"Feature","properties":{"fid":2708},"geometry":{"type":"Point","coordinates":[88.3383286,22.5162531]}},
{"type":"Feature","properties":{"fid":2709},"geometry":{"type":"Point","coordinates":[88.3371822,22.5142219]}},
{"type":"Feature","properties":{"fid":2710},"geometry":{"type":"Point","coordinates":[88.3365122,22.5135192]}},
{"type":"Feature","properties":{"fid":2711},"geometry":{"type":"Point","coordinates":[88.3371696,22.514608]}},
{"type":"Feature","properties":{"fid":2712},"geometry":{"type":"Point","coordinates":[88.3375259,22.5146374]}},
{"type":"Feature","properties":{"fid":2713},"geometry":{"type":"Point","coordinates":[88.3398883,22.5142824]}},
{"type":"Feature","properties":{"fid":2714},"geometry":{"type":"Point","coordinates":[88.3387287,22.5149436]}},
{"type":"Feature","properties":{"fid":2715},"geometry":{"type":"Point","coordinates":[88.3377952,22.5160528]}},
{"type":"Feature","properties":{"fid":2716},"geometry":{"type":"Point","coordinates":[88.3373349,22.5161128]}},
{"type":"Feature","properties":{"fid":2717},"geometry":{"type":"Point","coordinates":[88.3387121,22.5159405]}},
{"type":"Feature","properties":{"fid":2718},"geometry":{"type":"Point","coordinates":[88.3385206,22.5156128]}},
{"type":"Feature","properties":{"fid":2719},"geometry":{"type":"Point","coordinates":[88.3359478,22.5140778]}},
{"type":"Feature","properties":{"fid":2720},"geometry":{"type":"Point","coordinates":[88.3366471,22.51444]}},
{"type":"Feature","properties":{"fid":2721},"geometry":{"type":"Point","coordinates":[88.3371217,22.512257]}},
{"type":"Feature","properties":{"fid":2722},"geometry":{"type":"Point","coordinates":[88.3372359,22.5129365]}},
{"type":"Feature","properties":{"fid":2723},"geometry":{"type":"Point","coordinates":[88.3365813,22.5129663]}},
{"type":"Feature","properties":{"fid":2724},"geometry":{"type":"Point","coordinates":[88.3366072,22.5126883]}},
{"type":"Feature","properties":{"fid":2725},"geometry":{"type":"Point","coordinates":[88.3362016,22.5119846]}},
{"type":"Feature","properties":{"fid":2726},"geometry":{"type":"Point","coordinates":[88.3363108,22.5130919]}},
{"type":"Feature","properties":{"fid":2727},"geometry":{"type":"Point","coordinates":[88.3356866,22.5119544]}},
{"type":"Feature","properties":{"fid":2728},"geometry":{"type":"Point","coordinates":[88.3363629,22.5135356]}},
{"type":"Feature","properties":{"fid":2729},"geometry":{"type":"Point","coordinates":[88.3365601,22.512194]}},
{"type":"Feature","properties":{"fid":2730},"geometry":{"type":"Point","coordinates":[88.3364537,22.5118781]}},
{"type":"Feature","properties":{"fid":2731},"geometry":{"type":"Point","coordinates":[88.3359003,22.5135822]}},
{"type":"Feature","properties":{"fid":2732},"geometry":{"type":"Point","coordinates":[88.3354046,22.5136652]}},
{"type":"Feature","properties":{"fid":2733},"geometry":{"type":"Point","coordinates":[88.3378924,22.5130668]}},
{"type":"Feature","properties":{"fid":2734},"geometry":{"type":"Point","coordinates":[88.3372248,22.5131356]}},
{"type":"Feature","properties":{"fid":2735},"geometry":{"type":"Point","coordinates":[88.3363485,22.5126978]}},
{"type":"Feature","properties":{"fid":2736},"geometry":{"type":"Point","coordinates":[88.337019,22.5127571]}},
{"type":"Feature","properties":{"fid":2737},"geometry":{"type":"Point","coordinates":[88.3357488,22.5127513]}},
{"type":"Feature","properties":{"fid":2738},"geometry":{"type":"Point","coordinates":[88.3359368,22.5127597]}},
{"type":"Feature","properties":{"fid":2739},"geometry":{"type":"Point","coordinates":[88.3361177,22.5120126]}},
{"type":"Feature","properties":{"fid":2740},"geometry":{"type":"Point","coordinates":[88.3366629,22.5117817]}},
{"type":"Feature","properties":{"fid":2741},"geometry":{"type":"Point","coordinates":[88.3377986,22.5125426]}},
{"type":"Feature","properties":{"fid":2742},"geometry":{"type":"Point","coordinates":[88.3398794,22.5130317]}},
{"type":"Feature","properties":{"fid":2743},"geometry":{"type":"Point","coordinates":[88.3363436,22.5127413]}},
{"type":"Feature","properties":{"fid":2744},"geometry":{"type":"Point","coordinates":[88.3305773,22.5475668]}},
{"type":"Feature","properties":{"fid":2745},"geometry":{"type":"Point","coordinates":[88.3301253,22.5475741]}},
{"type":"Feature","properties":{"fid":2746},"geometry":{"type":"Point","coordinates":[88.3309887,22.5427283]}},
{"type":"Feature","properties":{"fid":2747},"geometry":{"type":"Point","coordinates":[88.330863,22.5429051]}},
{"type":"Feature","properties":{"fid":2748},"geometry":{"type":"Point","coordinates":[88.3301718,22.5441148]}},
{"type":"Feature","properties":{"fid":2749},"geometry":{"type":"Point","coordinates":[88.3337028,22.5413107]}},
{"type":"Feature","properties":{"fid":2750},"geometry":{"type":"Point","coordinates":[88.3346494,22.5408022]}},
{"type":"Feature","properties":{"fid":2751},"geometry":{"type":"Point","coordinates":[88.3338643,22.5390177]}},
{"type":"Feature","properties":{"fid":2752},"geometry":{"type":"Point","coordinates":[88.3334829,22.5352306]}},
{"type":"Feature","properties":{"fid":2753},"geometry":{"type":"Point","coordinates":[88.3347632,22.5407461]}},
{"type":"Feature","properties":{"fid":2754},"geometry":{"type":"Point","coordinates":[88.3273961,22.5144428]}},
{"type":"Feature","properties":{"fid":2755},"geometry":{"type":"Point","coordinates":[88.3249798,22.5152137]}},
{"type":"Feature","properties":{"fid":2756},"geometry":{"type":"Point","coordinates":[88.3240356,22.5130248]}},
{"type":"Feature","properties":{"fid":2757},"geometry":{"type":"Point","coordinates":[88.322245,22.5125774]}},
{"type":"Feature","properties":{"fid":2758},"geometry":{"type":"Point","coordinates":[88.3248293,22.5153162]}},
{"type":"Feature","properties":{"fid":2759},"geometry":{"type":"Point","coordinates":[88.3251875,22.5167111]}},
{"type":"Feature","properties":{"fid":2760},"geometry":{"type":"Point","coordinates":[88.3269609,22.5138656]}},
{"type":"Feature","properties":{"fid":2761},"geometry":{"type":"Point","coordinates":[88.324567,22.514718]}},
{"type":"Feature","properties":{"fid":2762},"geometry":{"type":"Point","coordinates":[88.3266018,22.5134198]}},
{"type":"Feature","properties":{"fid":2763},"geometry":{"type":"Point","coordinates":[88.3325457,22.5109317]}},
{"type":"Feature","properties":{"fid":2764},"geometry":{"type":"Point","coordinates":[88.3278093,22.5149793]}},
{"type":"Feature","properties":{"fid":2765},"geometry":{"type":"Point","coordinates":[88.3234202,22.515437]}},
{"type":"Feature","properties":{"fid":2766},"geometry":{"type":"Point","coordinates":[88.3234642,22.517017]}},
{"type":"Feature","properties":{"fid":2767},"geometry":{"type":"Point","coordinates":[88.325095,22.5159443]}},
{"type":"Feature","properties":{"fid":2768},"geometry":{"type":"Point","coordinates":[88.3261339,22.5127485]}},
{"type":"Feature","properties":{"fid":2769},"geometry":{"type":"Point","coordinates":[88.3314796,22.511821]}},
{"type":"Feature","properties":{"fid":2770},"geometry":{"type":"Point","coordinates":[88.3258784,22.5127704]}},
{"type":"Feature","properties":{"fid":2771},"geometry":{"type":"Point","coordinates":[88.3247754,22.506745]}},
{"type":"Feature","properties":{"fid":2772},"geometry":{"type":"Point","coordinates":[88.3257716,22.5121172]}},
{"type":"Feature","properties":{"fid":2773},"geometry":{"type":"Point","coordinates":[88.3295041,22.5114818]}},
{"type":"Feature","properties":{"fid":2774},"geometry":{"type":"Point","coordinates":[88.3142989,22.5200622]}},
{"type":"Feature","properties":{"fid":2775},"geometry":{"type":"Point","coordinates":[88.3222595,22.5132384]}},
{"type":"Feature","properties":{"fid":2776},"geometry":{"type":"Point","coordinates":[88.3252394,22.5158427]}},
{"type":"Feature","properties":{"fid":2777},"geometry":{"type":"Point","coordinates":[88.325532,22.516501]}},
{"type":"Feature","properties":{"fid":2778},"geometry":{"type":"Point","coordinates":[88.3049641,22.5221258]}},
{"type":"Feature","properties":{"fid":2779},"geometry":{"type":"Point","coordinates":[88.3284414,22.5429658]}},
{"type":"Feature","properties":{"fid":2780},"geometry":{"type":"Point","coordinates":[88.3276314,22.5424639]}},
{"type":"Feature","properties":{"fid":2781},"geometry":{"type":"Point","coordinates":[88.3281525,22.5427646]}},
{"type":"Feature","properties":{"fid":2782},"geometry":{"type":"Point","coordinates":[88.3413422,22.5429688]}},
{"type":"Feature","properties":{"fid":2783},"geometry":{"type":"Point","coordinates":[88.3420769,22.54286]}},
{"type":"Feature","properties":{"fid":2784},"geometry":{"type":"Point","coordinates":[88.3412436,22.5416744]}},
{"type":"Feature","properties":{"fid":2785},"geometry":{"type":"Point","coordinates":[88.3412005,22.5413004]}},
{"type":"Feature","properties":{"fid":2786},"geometry":{"type":"Point","coordinates":[88.3411338,22.5418113]}},
{"type":"Feature","properties":{"fid":2787},"geometry":{"type":"Point","coordinates":[88.3409681,22.5417922]}},
{"type":"Feature","properties":{"fid":2788},"geometry":{"type":"Point","coordinates":[88.3412897,22.5419221]}},
{"type":"Feature","properties":{"fid":2789},"geometry":{"type":"Point","coordinates":[88.3413393,22.5421133]}},
{"type":"Feature","properties":{"fid":2790},"geometry":{"type":"Point","coordinates":[88.3411696,22.544939]}},
{"type":"Feature","properties":{"fid":2791},"geometry":{"type":"Point","coordinates":[88.3410928,22.5445053]}},
{"type":"Feature","properties":{"fid":2792},"geometry":{"type":"Point","coordinates":[88.3408343,22.5445471]}},
{"type":"Feature","properties":{"fid":2793},"geometry":{"type":"Point","coordinates":[88.3432302,22.5441594]}},
{"type":"Feature","properties":{"fid":2794},"geometry":{"type":"Point","coordinates":[88.3412341,22.5453314]}},
{"type":"Feature","properties":{"fid":2795},"geometry":{"type":"Point","coordinates":[88.3422172,22.5469108]}},
{"type":"Feature","properties":{"fid":2796},"geometry":{"type":"Point","coordinates":[88.3415096,22.5422686]}},
{"type":"Feature","properties":{"fid":2797},"geometry":{"type":"Point","coordinates":[88.3415978,22.5417398]}},
{"type":"Feature","properties":{"fid":2798},"geometry":{"type":"Point","coordinates":[88.3412214,22.540999]}},
{"type":"Feature","properties":{"fid":2799},"geometry":{"type":"Point","coordinates":[88.3416948,22.5411181]}},
{"type":"Feature","properties":{"fid":2800},"geometry":{"type":"Point","coordinates":[88.3346898,22.5406311]}},
{"type":"Feature","properties":{"fid":2801},"geometry":{"type":"Point","coordinates":[88.3345809,22.5406898]}},
{"type":"Feature","properties":{"fid":2802},"geometry":{"type":"Point","coordinates":[88.341623,22.5097624]}},
{"type":"Feature","properties":{"fid":2803},"geometry":{"type":"Point","coordinates":[88.3327886,22.5096671]}},
{"type":"Feature","properties":{"fid":2804},"geometry":{"type":"Point","coordinates":[88.332928,22.5138315]}},
{"type":"Feature","properties":{"fid":2805},"geometry":{"type":"Point","coordinates":[88.3427853,22.5147908]}},
{"type":"Feature","properties":{"fid":2806},"geometry":{"type":"Point","coordinates":[88.3414708,22.5153716]}},
{"type":"Feature","properties":{"fid":2807},"geometry":{"type":"Point","coordinates":[88.3270911,22.5252869]}},
{"type":"Feature","properties":{"fid":2808},"geometry":{"type":"Point","coordinates":[88.3265608,22.5248997]}},
{"type":"Feature","properties":{"fid":2809},"geometry":{"type":"Point","coordinates":[88.335236,22.5300914]}},
{"type":"Feature","properties":{"fid":2810},"geometry":{"type":"Point","coordinates":[88.336368,22.5286425]}},
{"type":"Feature","properties":{"fid":2811},"geometry":{"type":"Point","coordinates":[88.3375096,22.5239558]}},
{"type":"Feature","properties":{"fid":2812},"geometry":{"type":"Point","coordinates":[88.3439264,22.541553]}},
{"type":"Feature","properties":{"fid":2813},"geometry":{"type":"Point","coordinates":[88.3337325,22.5391127]}},
{"type":"Feature","properties":{"fid":2814},"geometry":{"type":"Point","coordinates":[88.3339191,22.539492]}},
{"type":"Feature","properties":{"fid":2815},"geometry":{"type":"Point","coordinates":[88.3340244,22.5394562]}},
{"type":"Feature","properties":{"fid":2816},"geometry":{"type":"Point","coordinates":[88.3370443,22.5332424]}},
{"type":"Feature","properties":{"fid":2817},"geometry":{"type":"Point","coordinates":[88.3366808,22.5330293]}},
{"type":"Feature","properties":{"fid":2818},"geometry":{"type":"Point","coordinates":[88.3412106,22.5236597]}},
{"type":"Feature","properties":{"fid":2819},"geometry":{"type":"Point","coordinates":[88.3402733,22.5237897]}},
{"type":"Feature","properties":{"fid":2820},"geometry":{"type":"Point","coordinates":[88.3402866,22.5238586]}},
{"type":"Feature","properties":{"fid":2821},"geometry":{"type":"Point","coordinates":[88.3397432,22.523816]}},
{"type":"Feature","properties":{"fid":2822},"geometry":{"type":"Point","coordinates":[88.3123516,22.5113627]}},
{"type":"Feature","properties":{"fid":2823},"geometry":{"type":"Point","coordinates":[88.3133033,22.5143141]}},
{"type":"Feature","properties":{"fid":2824},"geometry":{"type":"Point","coordinates":[88.3125981,22.5136889]}},
{"type":"Feature","properties":{"fid":2825},"geometry":{"type":"Point","coordinates":[88.312131,22.5142796]}},
{"type":"Feature","properties":{"fid":2826},"geometry":{"type":"Point","coordinates":[88.3064525,22.5158575]}},
{"type":"Feature","properties":{"fid":2827},"geometry":{"type":"Point","coordinates":[88.3219873,22.5124605]}},
{"type":"Feature","properties":{"fid":2828},"geometry":{"type":"Point","coordinates":[88.321967,22.5123831]}},
{"type":"Feature","properties":{"fid":2829},"geometry":{"type":"Point","coordinates":[88.3133939,22.5142935]}},
{"type":"Feature","properties":{"fid":2830},"geometry":{"type":"Point","coordinates":[88.3134162,22.514372]}},
{"type":"Feature","properties":{"fid":2831},"geometry":{"type":"Point","coordinates":[88.3229374,22.5151781]}},
{"type":"Feature","properties":{"fid":2832},"geometry":{"type":"Point","coordinates":[88.3229575,22.5149634]}},
{"type":"Feature","properties":{"fid":2833},"geometry":{"type":"Point","coordinates":[88.3221235,22.5121997]}},
{"type":"Feature","properties":{"fid":2834},"geometry":{"type":"Point","coordinates":[88.3215307,22.5104991]}},
{"type":"Feature","properties":{"fid":2835},"geometry":{"type":"Point","coordinates":[88.3221995,22.5124234]}},
{"type":"Feature","properties":{"fid":2836},"geometry":{"type":"Point","coordinates":[88.3221753,22.5123448]}},
{"type":"Feature","properties":{"fid":2837},"geometry":{"type":"Point","coordinates":[88.3123433,22.5121672]}},
{"type":"Feature","properties":{"fid":2838},"geometry":{"type":"Point","coordinates":[88.3126141,22.5133767]}},
{"type":"Feature","properties":{"fid":2839},"geometry":{"type":"Point","coordinates":[88.3125569,22.512722]}},
{"type":"Feature","properties":{"fid":2840},"geometry":{"type":"Point","coordinates":[88.3144674,22.5107763]}},
{"type":"Feature","properties":{"fid":2841},"geometry":{"type":"Point","coordinates":[88.3212219,22.5101057]}},
{"type":"Feature","properties":{"fid":2842},"geometry":{"type":"Point","coordinates":[88.3219415,22.5123176]}},
{"type":"Feature","properties":{"fid":2843},"geometry":{"type":"Point","coordinates":[88.3224361,22.5081744]}},
{"type":"Feature","properties":{"fid":2844},"geometry":{"type":"Point","coordinates":[88.3236907,22.5122375]}},
{"type":"Feature","properties":{"fid":2845},"geometry":{"type":"Point","coordinates":[88.3232396,22.5110485]}},
{"type":"Feature","properties":{"fid":2846},"geometry":{"type":"Point","coordinates":[88.3439344,22.5414725]}},
{"type":"Feature","properties":{"fid":2847},"geometry":{"type":"Point","coordinates":[88.3417203,22.541039]}},
{"type":"Feature","properties":{"fid":2848},"geometry":{"type":"Point","coordinates":[88.3393758,22.5405811]}},
{"type":"Feature","properties":{"fid":2849},"geometry":{"type":"Point","coordinates":[88.3308493,22.5251822]}},
{"type":"Feature","properties":{"fid":2850},"geometry":{"type":"Point","coordinates":[88.3303906,22.5223364]}},
{"type":"Feature","properties":{"fid":2851},"geometry":{"type":"Point","coordinates":[88.3343652,22.5243327]}},
{"type":"Feature","properties":{"fid":2852},"geometry":{"type":"Point","coordinates":[88.3331261,22.5460586]}},
{"type":"Feature","properties":{"fid":2853},"geometry":{"type":"Point","coordinates":[88.3437683,22.5413957]}},
{"type":"Feature","properties":{"fid":2854},"geometry":{"type":"Point","coordinates":[88.3333447,22.5314564]}},
{"type":"Feature","properties":{"fid":2855},"geometry":{"type":"Point","coordinates":[88.3365905,22.5438581]}},
{"type":"Feature","properties":{"fid":2856},"geometry":{"type":"Point","coordinates":[88.3339526,22.5465539]}},
{"type":"Feature","properties":{"fid":2857},"geometry":{"type":"Point","coordinates":[88.3264512,22.5142124]}},
{"type":"Feature","properties":{"fid":2858},"geometry":{"type":"Point","coordinates":[88.3273309,22.5153359]}},
{"type":"Feature","properties":{"fid":2859},"geometry":{"type":"Point","coordinates":[88.3260876,22.5144599]}},
{"type":"Feature","properties":{"fid":2860},"geometry":{"type":"Point","coordinates":[88.3269516,22.51558]}},
{"type":"Feature","properties":{"fid":2861},"geometry":{"type":"Point","coordinates":[88.3257441,22.5146936]}},
{"type":"Feature","properties":{"fid":2862},"geometry":{"type":"Point","coordinates":[88.3265702,22.515827]}},
{"type":"Feature","properties":{"fid":2863},"geometry":{"type":"Point","coordinates":[88.3253718,22.5149469]}},
{"type":"Feature","properties":{"fid":2864},"geometry":{"type":"Point","coordinates":[88.3261905,22.516072]}},
{"type":"Feature","properties":{"fid":2865},"geometry":{"type":"Point","coordinates":[88.322702,22.5120595]}},
{"type":"Feature","properties":{"fid":2866},"geometry":{"type":"Point","coordinates":[88.3229309,22.5131509]}},
{"type":"Feature","properties":{"fid":2867},"geometry":{"type":"Point","coordinates":[88.3298839,22.5136438]}},
{"type":"Feature","properties":{"fid":2868},"geometry":{"type":"Point","coordinates":[88.3376592,22.5401328]}},
{"type":"Feature","properties":{"fid":2869},"geometry":{"type":"Point","coordinates":[88.3293418,22.5285463]}},
{"type":"Feature","properties":{"fid":2870},"geometry":{"type":"Point","coordinates":[88.3318396,22.512314]}},
{"type":"Feature","properties":{"fid":2871},"geometry":{"type":"Point","coordinates":[88.3219228,22.5122695]}},
{"type":"Feature","properties":{"fid":2872},"geometry":{"type":"Point","coordinates":[88.3158712,22.5137597]}},
{"type":"Feature","properties":{"fid":2873},"geometry":{"type":"Point","coordinates":[88.3151387,22.5106381]}},
{"type":"Feature","properties":{"fid":2874},"geometry":{"type":"Point","coordinates":[88.3268125,22.528843]}},
{"type":"Feature","properties":{"fid":2875},"geometry":{"type":"Point","coordinates":[88.3327621,22.5138332]}},
{"type":"Feature","properties":{"fid":2876},"geometry":{"type":"Point","coordinates":[88.3325211,22.5135472]}},
{"type":"Feature","properties":{"fid":2877},"geometry":{"type":"Point","coordinates":[88.3322532,22.5137385]}},
{"type":"Feature","properties":{"fid":2878},"geometry":{"type":"Point","coordinates":[88.3238244,22.5144612]}},
{"type":"Feature","properties":{"fid":2879},"geometry":{"type":"Point","coordinates":[88.3237233,22.5130655]}},
{"type":"Feature","properties":{"fid":2880},"geometry":{"type":"Point","coordinates":[88.3244903,22.5218438]}},
{"type":"Feature","properties":{"fid":2881},"geometry":{"type":"Point","coordinates":[88.3232183,22.5196375]}},
{"type":"Feature","properties":{"fid":2882},"geometry":{"type":"Point","coordinates":[88.3230123,22.5197312]}},
{"type":"Feature","properties":{"fid":2883},"geometry":{"type":"Point","coordinates":[88.2956311,22.5347615]}},
{"type":"Feature","properties":{"fid":2884},"geometry":{"type":"Point","coordinates":[88.3115719,22.5225248]}},
{"type":"Feature","properties":{"fid":2885},"geometry":{"type":"Point","coordinates":[88.3151222,22.5339337]}},
{"type":"Feature","properties":{"fid":2886},"geometry":{"type":"Point","coordinates":[88.3174505,22.5191825]}},
{"type":"Feature","properties":{"fid":2887},"geometry":{"type":"Point","coordinates":[88.321795,22.5269969]}},
{"type":"Feature","properties":{"fid":2888},"geometry":{"type":"Point","coordinates":[88.321927,22.5456392]}},
{"type":"Feature","properties":{"fid":2889},"geometry":{"type":"Point","coordinates":[88.3175994,22.5354177]}},
{"type":"Feature","properties":{"fid":2890},"geometry":{"type":"Point","coordinates":[88.3190233,22.5350655]}},
{"type":"Feature","properties":{"fid":2891},"geometry":{"type":"Point","coordinates":[88.3255965,22.5103602]}},
{"type":"Feature","properties":{"fid":2892},"geometry":{"type":"Point","coordinates":[88.3296181,22.5120707]}},
{"type":"Feature","properties":{"fid":2893},"geometry":{"type":"Point","coordinates":[88.3185379,22.5252923]}},
{"type":"Feature","properties":{"fid":2894},"geometry":{"type":"Point","coordinates":[88.3177581,22.522375]}},
{"type":"Feature","properties":{"fid":2895},"geometry":{"type":"Point","coordinates":[88.3283185,22.5157081]}},
{"type":"Feature","properties":{"fid":2896},"geometry":{"type":"Point","coordinates":[88.3283709,22.515778]}},
{"type":"Feature","properties":{"fid":2897},"geometry":{"type":"Point","coordinates":[88.3280195,22.5153067]}},
{"type":"Feature","properties":{"fid":2898},"geometry":{"type":"Point","coordinates":[88.3232017,22.5171171]}},
{"type":"Feature","properties":{"fid":2899},"geometry":{"type":"Point","coordinates":[88.3227796,22.5169499]}},
{"type":"Feature","properties":{"fid":2900},"geometry":{"type":"Point","coordinates":[88.3224621,22.5182253]}},
{"type":"Feature","properties":{"fid":2901},"geometry":{"type":"Point","coordinates":[88.3222002,22.5182544]}},
{"type":"Feature","properties":{"fid":2902},"geometry":{"type":"Point","coordinates":[88.3184622,22.5163706]}},
{"type":"Feature","properties":{"fid":2903},"geometry":{"type":"Point","coordinates":[88.3231397,22.5167981]}},
{"type":"Feature","properties":{"fid":2904},"geometry":{"type":"Point","coordinates":[88.3216614,22.5175571]}},
{"type":"Feature","properties":{"fid":2905},"geometry":{"type":"Point","coordinates":[88.3222407,22.5177305]}},
{"type":"Feature","properties":{"fid":2906},"geometry":{"type":"Point","coordinates":[88.3214261,22.5172168]}},
{"type":"Feature","properties":{"fid":2907},"geometry":{"type":"Point","coordinates":[88.3218001,22.5171469]}},
{"type":"Feature","properties":{"fid":2908},"geometry":{"type":"Point","coordinates":[88.3232199,22.5163186]}},
{"type":"Feature","properties":{"fid":2909},"geometry":{"type":"Point","coordinates":[88.323304,22.5162938]}},
{"type":"Feature","properties":{"fid":2910},"geometry":{"type":"Point","coordinates":[88.3294241,22.5451318]}},
{"type":"Feature","properties":{"fid":2911},"geometry":{"type":"Point","coordinates":[88.3171673,22.5256029]}},
{"type":"Feature","properties":{"fid":2912},"geometry":{"type":"Point","coordinates":[88.3181342,22.5275556]}},
{"type":"Feature","properties":{"fid":2913},"geometry":{"type":"Point","coordinates":[88.317394,22.5280176]}},
{"type":"Feature","properties":{"fid":2914},"geometry":{"type":"Point","coordinates":[88.3406259,22.5389555]}},
{"type":"Feature","properties":{"fid":2915},"geometry":{"type":"Point","coordinates":[88.3405331,22.5374875]}},
{"type":"Feature","properties":{"fid":2916},"geometry":{"type":"Point","coordinates":[88.320218,22.5185178]}},
{"type":"Feature","properties":{"fid":2917},"geometry":{"type":"Point","coordinates":[88.3163422,22.5182856]}},
{"type":"Feature","properties":{"fid":2918},"geometry":{"type":"Point","coordinates":[88.3264963,22.5132574]}},
{"type":"Feature","properties":{"fid":2919},"geometry":{"type":"Point","coordinates":[88.3281751,22.5130354]}},
{"type":"Feature","properties":{"fid":2920},"geometry":{"type":"Point","coordinates":[88.3187878,22.5131906]}},
{"type":"Feature","properties":{"fid":2921},"geometry":{"type":"Point","coordinates":[88.3189256,22.5152442]}},
{"type":"Feature","properties":{"fid":2922},"geometry":{"type":"Point","coordinates":[88.3316716,22.5305113]}},
{"type":"Feature","properties":{"fid":2923},"geometry":{"type":"Point","coordinates":[88.3272768,22.5322274]}},
{"type":"Feature","properties":{"fid":2924},"geometry":{"type":"Point","coordinates":[88.327374,22.5319043]}},
{"type":"Feature","properties":{"fid":2925},"geometry":{"type":"Point","coordinates":[88.3338592,22.537419]}},
{"type":"Feature","properties":{"fid":2926},"geometry":{"type":"Point","coordinates":[88.341156,22.5409022]}},
{"type":"Feature","properties":{"fid":2927},"geometry":{"type":"Point","coordinates":[88.3292213,22.5205147]}},
{"type":"Feature","properties":{"fid":2928},"geometry":{"type":"Point","coordinates":[88.3290714,22.5208792]}},
{"type":"Feature","properties":{"fid":2929},"geometry":{"type":"Point","coordinates":[88.3250004,22.5236979]}},
{"type":"Feature","properties":{"fid":2930},"geometry":{"type":"Point","coordinates":[88.3262089,22.523444]}},
{"type":"Feature","properties":{"fid":2931},"geometry":{"type":"Point","coordinates":[88.3231518,22.5215274]}},
{"type":"Feature","properties":{"fid":2932},"geometry":{"type":"Point","coordinates":[88.321884,22.5224034]}},
{"type":"Feature","properties":{"fid":2933},"geometry":{"type":"Point","coordinates":[88.3114228,22.5148249]}},
{"type":"Feature","properties":{"fid":2934},"geometry":{"type":"Point","coordinates":[88.3120411,22.5173226]}},
{"type":"Feature","properties":{"fid":2935},"geometry":{"type":"Point","coordinates":[88.3158135,22.5186966]}},
{"type":"Feature","properties":{"fid":2936},"geometry":{"type":"Point","coordinates":[88.3065855,22.5181465]}},
{"type":"Feature","properties":{"fid":2937},"geometry":{"type":"Point","coordinates":[88.3178355,22.5129687]}},
{"type":"Feature","properties":{"fid":2938},"geometry":{"type":"Point","coordinates":[88.3179172,22.5133067]}},
{"type":"Feature","properties":{"fid":2939},"geometry":{"type":"Point","coordinates":[88.3182678,22.5128686]}},
{"type":"Feature","properties":{"fid":2940},"geometry":{"type":"Point","coordinates":[88.3175168,22.5130531]}},
{"type":"Feature","properties":{"fid":2941},"geometry":{"type":"Point","coordinates":[88.318347,22.5132065]}},
{"type":"Feature","properties":{"fid":2942},"geometry":{"type":"Point","coordinates":[88.3174894,22.5109687]}},
{"type":"Feature","properties":{"fid":2943},"geometry":{"type":"Point","coordinates":[88.3373415,22.5298349]}},
{"type":"Feature","properties":{"fid":2944},"geometry":{"type":"Point","coordinates":[88.3190029,22.5141486]}},
{"type":"Feature","properties":{"fid":2945},"geometry":{"type":"Point","coordinates":[88.3208139,22.5143118]}},
{"type":"Feature","properties":{"fid":2946},"geometry":{"type":"Point","coordinates":[88.3325753,22.509441]}},
{"type":"Feature","properties":{"fid":2947},"geometry":{"type":"Point","coordinates":[88.3245467,22.5218317]}},
{"type":"Feature","properties":{"fid":2948},"geometry":{"type":"Point","coordinates":[88.3390872,22.5331125]}},
{"type":"Feature","properties":{"fid":2949},"geometry":{"type":"Point","coordinates":[88.3413975,22.5126264]}},
{"type":"Feature","properties":{"fid":2950},"geometry":{"type":"Point","coordinates":[88.3420837,22.5125916]}},
{"type":"Feature","properties":{"fid":2951},"geometry":{"type":"Point","coordinates":[88.3413131,22.5409366]}},
{"type":"Feature","properties":{"fid":2952},"geometry":{"type":"Point","coordinates":[88.3414711,22.5156487]}},
{"type":"Feature","properties":{"fid":2953},"geometry":{"type":"Point","coordinates":[88.3410132,22.5156284]}},
{"type":"Feature","properties":{"fid":2954},"geometry":{"type":"Point","coordinates":[88.3414104,22.5159747]}},
{"type":"Feature","properties":{"fid":2955},"geometry":{"type":"Point","coordinates":[88.3412196,22.5159623]}},
{"type":"Feature","properties":{"fid":2956},"geometry":{"type":"Point","coordinates":[88.3331436,22.5136702]}},
{"type":"Feature","properties":{"fid":2957},"geometry":{"type":"Point","coordinates":[88.3346882,22.5172993]}},
{"type":"Feature","properties":{"fid":2958},"geometry":{"type":"Point","coordinates":[88.3348517,22.517264]}},
{"type":"Feature","properties":{"fid":2959},"geometry":{"type":"Point","coordinates":[88.332427,22.5204113]}},
{"type":"Feature","properties":{"fid":2960},"geometry":{"type":"Point","coordinates":[88.3323606,22.5196477]}},
{"type":"Feature","properties":{"fid":2961},"geometry":{"type":"Point","coordinates":[88.3314729,22.5197149]}},
{"type":"Feature","properties":{"fid":2962},"geometry":{"type":"Point","coordinates":[88.3314423,22.5190823]}},
{"type":"Feature","properties":{"fid":2963},"geometry":{"type":"Point","coordinates":[88.3324244,22.5209068]}},
{"type":"Feature","properties":{"fid":2964},"geometry":{"type":"Point","coordinates":[88.3328346,22.5208319]}},
{"type":"Feature","properties":{"fid":2965},"geometry":{"type":"Point","coordinates":[88.3344022,22.5212596]}},
{"type":"Feature","properties":{"fid":2966},"geometry":{"type":"Point","coordinates":[88.3353003,22.5265757]}},
{"type":"Feature","properties":{"fid":2967},"geometry":{"type":"Point","coordinates":[88.3352601,22.5258473]}},
{"type":"Feature","properties":{"fid":2968},"geometry":{"type":"Point","coordinates":[88.3285492,22.5234391]}},
{"type":"Feature","properties":{"fid":2969},"geometry":{"type":"Point","coordinates":[88.3275516,22.5234986]}},
{"type":"Feature","properties":{"fid":2970},"geometry":{"type":"Point","coordinates":[88.329335,22.5233747]}},
{"type":"Feature","properties":{"fid":2971},"geometry":{"type":"Point","coordinates":[88.3292003,22.5237478]}},
{"type":"Feature","properties":{"fid":2972},"geometry":{"type":"Point","coordinates":[88.328693,22.5246969]}},
{"type":"Feature","properties":{"fid":2973},"geometry":{"type":"Point","coordinates":[88.3278214,22.5260455]}},
{"type":"Feature","properties":{"fid":2974},"geometry":{"type":"Point","coordinates":[88.3284044,22.5259959]}},
{"type":"Feature","properties":{"fid":2975},"geometry":{"type":"Point","coordinates":[88.3329374,22.5300066]}},
{"type":"Feature","properties":{"fid":2976},"geometry":{"type":"Point","coordinates":[88.3332325,22.5297123]}},
{"type":"Feature","properties":{"fid":2977},"geometry":{"type":"Point","coordinates":[88.3327389,22.5306682]}},
{"type":"Feature","properties":{"fid":2978},"geometry":{"type":"Point","coordinates":[88.3326798,22.5310651]}},
{"type":"Feature","properties":{"fid":2979},"geometry":{"type":"Point","coordinates":[88.3372075,22.5303663]}},
{"type":"Feature","properties":{"fid":2980},"geometry":{"type":"Point","coordinates":[88.3352252,22.5301707]}},
{"type":"Feature","properties":{"fid":2981},"geometry":{"type":"Point","coordinates":[88.33726,22.5288498]}},
{"type":"Feature","properties":{"fid":2982},"geometry":{"type":"Point","coordinates":[88.3361293,22.537853]}},
{"type":"Feature","properties":{"fid":2983},"geometry":{"type":"Point","coordinates":[88.3402231,22.5351077]}},
{"type":"Feature","properties":{"fid":2984},"geometry":{"type":"Point","coordinates":[88.3402275,22.5344913]}},
{"type":"Feature","properties":{"fid":2985},"geometry":{"type":"Point","coordinates":[88.341356,22.5135878]}},
{"type":"Feature","properties":{"fid":2986},"geometry":{"type":"Point","coordinates":[88.3424891,22.5139938]}},
{"type":"Feature","properties":{"fid":2987},"geometry":{"type":"Point","coordinates":[88.340823,22.5359381]}},
{"type":"Feature","properties":{"fid":2988},"geometry":{"type":"Point","coordinates":[88.3402463,22.5359555]}},
{"type":"Feature","properties":{"fid":2989},"geometry":{"type":"Point","coordinates":[88.3385271,22.5250743]}},
{"type":"Feature","properties":{"fid":2990},"geometry":{"type":"Point","coordinates":[88.3374527,22.5250086]}},
{"type":"Feature","properties":{"fid":2991},"geometry":{"type":"Point","coordinates":[88.3396649,22.5229393]}},
{"type":"Feature","properties":{"fid":2992},"geometry":{"type":"Point","coordinates":[88.3397366,22.5233053]}},
{"type":"Feature","properties":{"fid":2993},"geometry":{"type":"Point","coordinates":[88.3284302,22.5441959]}},
{"type":"Feature","properties":{"fid":2994},"geometry":{"type":"Point","coordinates":[88.3290579,22.5438924]}},
{"type":"Feature","properties":{"fid":2995},"geometry":{"type":"Point","coordinates":[88.3409488,22.515566]}},
{"type":"Feature","properties":{"fid":2996},"geometry":{"type":"Point","coordinates":[88.322874,22.5151932]}},
{"type":"Feature","properties":{"fid":2997},"geometry":{"type":"Point","coordinates":[88.3124925,22.5179148]}},
{"type":"Feature","properties":{"fid":2998},"geometry":{"type":"Point","coordinates":[88.3127395,22.5187835]}},
{"type":"Feature","properties":{"fid":2999},"geometry":{"type":"Point","coordinates":[88.3119849,22.5171012]}},
{"type":"Feature","properties":{"fid":3000},"geometry":{"type":"Point","coordinates":[88.3127426,22.5169457]}},
{"type":"Feature","properties":{"fid":3001},"geometry":{"type":"Point","coordinates":[88.3117047,22.5159958]}},
{"type":"Feature","properties":{"fid":3002},"geometry":{"type":"Point","coordinates":[88.3123386,22.5158542]}},
{"type":"Feature","properties":{"fid":3003},"geometry":{"type":"Point","coordinates":[88.3141934,22.5141953]}},
{"type":"Feature","properties":{"fid":3004},"geometry":{"type":"Point","coordinates":[88.3139131,22.5151228]}},
{"type":"Feature","properties":{"fid":3005},"geometry":{"type":"Point","coordinates":[88.3165488,22.5180781]}},
{"type":"Feature","properties":{"fid":3006},"geometry":{"type":"Point","coordinates":[88.3150864,22.5173214]}},
{"type":"Feature","properties":{"fid":3007},"geometry":{"type":"Point","coordinates":[88.3163799,22.5182515]}},
{"type":"Feature","properties":{"fid":3008},"geometry":{"type":"Point","coordinates":[88.3141444,22.5172082]}},
{"type":"Feature","properties":{"fid":3009},"geometry":{"type":"Point","coordinates":[88.3192513,22.5156798]}},
{"type":"Feature","properties":{"fid":3010},"geometry":{"type":"Point","coordinates":[88.3164257,22.5161722]}},
{"type":"Feature","properties":{"fid":3011},"geometry":{"type":"Point","coordinates":[88.318907,22.5149543]}},
{"type":"Feature","properties":{"fid":3012},"geometry":{"type":"Point","coordinates":[88.3160739,22.5149068]}},
{"type":"Feature","properties":{"fid":3013},"geometry":{"type":"Point","coordinates":[88.3204351,22.5169464]}},
{"type":"Feature","properties":{"fid":3014},"geometry":{"type":"Point","coordinates":[88.3198808,22.5151287]}},
{"type":"Feature","properties":{"fid":3015},"geometry":{"type":"Point","coordinates":[88.313595,22.5125222]}},
{"type":"Feature","properties":{"fid":3016},"geometry":{"type":"Point","coordinates":[88.3132365,22.5109749]}},
{"type":"Feature","properties":{"fid":3017},"geometry":{"type":"Point","coordinates":[88.3122782,22.5122543]}},
{"type":"Feature","properties":{"fid":3018},"geometry":{"type":"Point","coordinates":[88.3115027,22.5123419]}},
{"type":"Feature","properties":{"fid":3019},"geometry":{"type":"Point","coordinates":[88.3110921,22.5122568]}},
{"type":"Feature","properties":{"fid":3020},"geometry":{"type":"Point","coordinates":[88.3121922,22.5119951]}},
{"type":"Feature","properties":{"fid":3021},"geometry":{"type":"Point","coordinates":[88.314075,22.5141498]}},
{"type":"Feature","properties":{"fid":3022},"geometry":{"type":"Point","coordinates":[88.3147014,22.5125813]}},
{"type":"Feature","properties":{"fid":3023},"geometry":{"type":"Point","coordinates":[88.3139965,22.5138938]}},
{"type":"Feature","properties":{"fid":3024},"geometry":{"type":"Point","coordinates":[88.3143599,22.513072]}},
{"type":"Feature","properties":{"fid":3025},"geometry":{"type":"Point","coordinates":[88.3170402,22.5135021]}},
{"type":"Feature","properties":{"fid":3026},"geometry":{"type":"Point","coordinates":[88.3157719,22.5122042]}},
{"type":"Feature","properties":{"fid":3027},"geometry":{"type":"Point","coordinates":[88.3240816,22.519593]}},
{"type":"Feature","properties":{"fid":3028},"geometry":{"type":"Point","coordinates":[88.3253922,22.5182527]}},
{"type":"Feature","properties":{"fid":3029},"geometry":{"type":"Point","coordinates":[88.3244881,22.5140267]}},
{"type":"Feature","properties":{"fid":3030},"geometry":{"type":"Point","coordinates":[88.3262296,22.5129238]}},
{"type":"Feature","properties":{"fid":3031},"geometry":{"type":"Point","coordinates":[88.3257193,22.5117133]}},
{"type":"Feature","properties":{"fid":3032},"geometry":{"type":"Point","coordinates":[88.3236542,22.5121909]}},
{"type":"Feature","properties":{"fid":3033},"geometry":{"type":"Point","coordinates":[88.3156162,22.5138904]}},
{"type":"Feature","properties":{"fid":3034},"geometry":{"type":"Point","coordinates":[88.3148526,22.514642]}},
{"type":"Feature","properties":{"fid":3035},"geometry":{"type":"Point","coordinates":[88.3237865,22.5124253]}},
{"type":"Feature","properties":{"fid":3036},"geometry":{"type":"Point","coordinates":[88.3243192,22.5141447]}},
{"type":"Feature","properties":{"fid":3037},"geometry":{"type":"Point","coordinates":[88.3073478,22.5427594]}},
{"type":"Feature","properties":{"fid":3038},"geometry":{"type":"Point","coordinates":[88.3372843,22.515706]}},
{"type":"Feature","properties":{"fid":3039},"geometry":{"type":"Point","coordinates":[88.3378547,22.5156276]}},
{"type":"Feature","properties":{"fid":3040},"geometry":{"type":"Point","coordinates":[88.3378191,22.5150048]}},
{"type":"Feature","properties":{"fid":3041},"geometry":{"type":"Point","coordinates":[88.3342696,22.5180115]}},
{"type":"Feature","properties":{"fid":3042},"geometry":{"type":"Point","coordinates":[88.3342182,22.5176339]}},
{"type":"Feature","properties":{"fid":3043},"geometry":{"type":"Point","coordinates":[88.3341765,22.5184131]}},
{"type":"Feature","properties":{"fid":3044},"geometry":{"type":"Point","coordinates":[88.3342327,22.5188821]}},
{"type":"Feature","properties":{"fid":3045},"geometry":{"type":"Point","coordinates":[88.3414191,22.5123348]}},
{"type":"Feature","properties":{"fid":3046},"geometry":{"type":"Point","coordinates":[88.3408134,22.5122805]}},
{"type":"Feature","properties":{"fid":3047},"geometry":{"type":"Point","coordinates":[88.3414232,22.5121945]}},
{"type":"Feature","properties":{"fid":3048},"geometry":{"type":"Point","coordinates":[88.3421151,22.5122032]}},
{"type":"Feature","properties":{"fid":3049},"geometry":{"type":"Point","coordinates":[88.3414602,22.5151103]}},
{"type":"Feature","properties":{"fid":3050},"geometry":{"type":"Point","coordinates":[88.3407638,22.5151453]}},
{"type":"Feature","properties":{"fid":3051},"geometry":{"type":"Point","coordinates":[88.3414281,22.5148216]}},
{"type":"Feature","properties":{"fid":3052},"geometry":{"type":"Point","coordinates":[88.3427919,22.5145757]}},
{"type":"Feature","properties":{"fid":3053},"geometry":{"type":"Point","coordinates":[88.3380038,22.514345]}},
{"type":"Feature","properties":{"fid":3054},"geometry":{"type":"Point","coordinates":[88.3380299,22.5145192]}},
{"type":"Feature","properties":{"fid":3055},"geometry":{"type":"Point","coordinates":[88.3366729,22.513681]}},
{"type":"Feature","properties":{"fid":3056},"geometry":{"type":"Point","coordinates":[88.3366611,22.5138867]}},
{"type":"Feature","properties":{"fid":3057},"geometry":{"type":"Point","coordinates":[88.3368951,22.5139148]}},
{"type":"Feature","properties":{"fid":3058},"geometry":{"type":"Point","coordinates":[88.3365436,22.5136222]}},
{"type":"Feature","properties":{"fid":3059},"geometry":{"type":"Point","coordinates":[88.3365139,22.5138635]}},
{"type":"Feature","properties":{"fid":3060},"geometry":{"type":"Point","coordinates":[88.3365205,22.5140594]}},
{"type":"Feature","properties":{"fid":3061},"geometry":{"type":"Point","coordinates":[88.3339951,22.5131272]}},
{"type":"Feature","properties":{"fid":3062},"geometry":{"type":"Point","coordinates":[88.3315983,22.5160253]}},
{"type":"Feature","properties":{"fid":3063},"geometry":{"type":"Point","coordinates":[88.3304778,22.5167048]}},
{"type":"Feature","properties":{"fid":3064},"geometry":{"type":"Point","coordinates":[88.3321744,22.5149908]}},
{"type":"Feature","properties":{"fid":3065},"geometry":{"type":"Point","coordinates":[88.3322026,22.5152261]}},
{"type":"Feature","properties":{"fid":3066},"geometry":{"type":"Point","coordinates":[88.3359243,22.5130904]}},
{"type":"Feature","properties":{"fid":3067},"geometry":{"type":"Point","coordinates":[88.3358394,22.513474]}},
{"type":"Feature","properties":{"fid":3068},"geometry":{"type":"Point","coordinates":[88.2957304,22.5347479]}},
{"type":"Feature","properties":{"fid":3069},"geometry":{"type":"Point","coordinates":[88.3230576,22.5197904]}},
{"type":"Feature","properties":{"fid":3070},"geometry":{"type":"Point","coordinates":[88.3392577,22.5130148]}},
{"type":"Feature","properties":{"fid":3071},"geometry":{"type":"Point","coordinates":[88.3392431,22.5133251]}},
{"type":"Feature","properties":{"fid":3072},"geometry":{"type":"Point","coordinates":[88.3388897,22.512128]}},
{"type":"Feature","properties":{"fid":3073},"geometry":{"type":"Point","coordinates":[88.3382114,22.5114226]}},
{"type":"Feature","properties":{"fid":3074},"geometry":{"type":"Point","coordinates":[88.3385723,22.5114601]}},
{"type":"Feature","properties":{"fid":3075},"geometry":{"type":"Point","coordinates":[88.3386308,22.512155]}},
{"type":"Feature","properties":{"fid":3076},"geometry":{"type":"Point","coordinates":[88.3389363,22.5164333]}},
{"type":"Feature","properties":{"fid":3077},"geometry":{"type":"Point","coordinates":[88.3380925,22.5158588]}},
{"type":"Feature","properties":{"fid":3078},"geometry":{"type":"Point","coordinates":[88.3381006,22.5162415]}},
{"type":"Feature","properties":{"fid":3079},"geometry":{"type":"Point","coordinates":[88.3391672,22.514943]}},
{"type":"Feature","properties":{"fid":3080},"geometry":{"type":"Point","coordinates":[88.33919,22.5154216]}},
{"type":"Feature","properties":{"fid":3081},"geometry":{"type":"Point","coordinates":[88.3375374,22.5114582]}},
{"type":"Feature","properties":{"fid":3082},"geometry":{"type":"Point","coordinates":[88.3375941,22.5120315]}},
{"type":"Feature","properties":{"fid":3083},"geometry":{"type":"Point","coordinates":[88.3356257,22.5140963]}},
{"type":"Feature","properties":{"fid":3084},"geometry":{"type":"Point","coordinates":[88.3356352,22.5144255]}},
{"type":"Feature","properties":{"fid":3085},"geometry":{"type":"Point","coordinates":[88.3346254,22.5167211]}},
{"type":"Feature","properties":{"fid":3086},"geometry":{"type":"Point","coordinates":[88.3340108,22.5162284]}},
{"type":"Feature","properties":{"fid":3087},"geometry":{"type":"Point","coordinates":[88.3350143,22.5162853]}},
{"type":"Feature","properties":{"fid":3088},"geometry":{"type":"Point","coordinates":[88.3343518,22.5156146]}},
{"type":"Feature","properties":{"fid":3089},"geometry":{"type":"Point","coordinates":[88.3343725,22.5158541]}},
{"type":"Feature","properties":{"fid":3090},"geometry":{"type":"Point","coordinates":[88.3340359,22.5156913]}},
{"type":"Feature","properties":{"fid":3091},"geometry":{"type":"Point","coordinates":[88.335729,22.5161363]}},
{"type":"Feature","properties":{"fid":3092},"geometry":{"type":"Point","coordinates":[88.3301826,22.5155997]}},
{"type":"Feature","properties":{"fid":3093},"geometry":{"type":"Point","coordinates":[88.3314097,22.5153098]}},
{"type":"Feature","properties":{"fid":3094},"geometry":{"type":"Point","coordinates":[88.3312478,22.5151822]}},
{"type":"Feature","properties":{"fid":3095},"geometry":{"type":"Point","coordinates":[88.3318014,22.5153841]}},
{"type":"Feature","properties":{"fid":3096},"geometry":{"type":"Point","coordinates":[88.331076,22.5147172]}},
{"type":"Feature","properties":{"fid":3097},"geometry":{"type":"Point","coordinates":[88.3310501,22.51525]}},
{"type":"Feature","properties":{"fid":3098},"geometry":{"type":"Point","coordinates":[88.3353836,22.5182418]}},
{"type":"Feature","properties":{"fid":3099},"geometry":{"type":"Point","coordinates":[88.3348256,22.5182705]}},
{"type":"Feature","properties":{"fid":3100},"geometry":{"type":"Point","coordinates":[88.3230804,22.5159559]}},
{"type":"Feature","properties":{"fid":3101},"geometry":{"type":"Point","coordinates":[88.3195271,22.5176061]}},
{"type":"Feature","properties":{"fid":3102},"geometry":{"type":"Point","coordinates":[88.3237973,22.5281799]}},
{"type":"Feature","properties":{"fid":3103},"geometry":{"type":"Point","coordinates":[88.3238577,22.5298792]}},
{"type":"Feature","properties":{"fid":3104},"geometry":{"type":"Point","coordinates":[88.3372417,22.5215452]}},
{"type":"Feature","properties":{"fid":3105},"geometry":{"type":"Point","coordinates":[88.3273698,22.5251908]}},
{"type":"Feature","properties":{"fid":3106},"geometry":{"type":"Point","coordinates":[88.3265811,22.5251195]}},
{"type":"Feature","properties":{"fid":3107},"geometry":{"type":"Point","coordinates":[88.3303356,22.5275901]}},
{"type":"Feature","properties":{"fid":3108},"geometry":{"type":"Point","coordinates":[88.3123492,22.5439599]}},
{"type":"Feature","properties":{"fid":3109},"geometry":{"type":"Point","coordinates":[88.311675,22.5425176]}},
{"type":"Feature","properties":{"fid":3110},"geometry":{"type":"Point","coordinates":[88.3238216,22.539931]}},
{"type":"Feature","properties":{"fid":3111},"geometry":{"type":"Point","coordinates":[88.3232659,22.5402546]}},
{"type":"Feature","properties":{"fid":3112},"geometry":{"type":"Point","coordinates":[88.3227296,22.5155317]}},
{"type":"Feature","properties":{"fid":3113},"geometry":{"type":"Point","coordinates":[88.3221197,22.5156674]}},
{"type":"Feature","properties":{"fid":3114},"geometry":{"type":"Point","coordinates":[88.3228154,22.5155154]}},
{"type":"Feature","properties":{"fid":3115},"geometry":{"type":"Point","coordinates":[88.3229536,22.5154872]}},
{"type":"Feature","properties":{"fid":3116},"geometry":{"type":"Point","coordinates":[88.3331496,22.5168405]}},
{"type":"Feature","properties":{"fid":3117},"geometry":{"type":"Point","coordinates":[88.3336368,22.5168521]}},
{"type":"Feature","properties":{"fid":3118},"geometry":{"type":"Point","coordinates":[88.3396063,22.5374182]}},
{"type":"Feature","properties":{"fid":3119},"geometry":{"type":"Point","coordinates":[88.3454894,22.5169168]}},
{"type":"Feature","properties":{"fid":3120},"geometry":{"type":"Point","coordinates":[88.3412448,22.5168]}},
{"type":"Feature","properties":{"fid":3121},"geometry":{"type":"Point","coordinates":[88.338734,22.5171208]}},
{"type":"Feature","properties":{"fid":3122},"geometry":{"type":"Point","coordinates":[88.3388362,22.5171277]}},
{"type":"Feature","properties":{"fid":3123},"geometry":{"type":"Point","coordinates":[88.3284471,22.5117429]}},
{"type":"Feature","properties":{"fid":3124},"geometry":{"type":"Point","coordinates":[88.3284713,22.5123835]}},
{"type":"Feature","properties":{"fid":3125},"geometry":{"type":"Point","coordinates":[88.3438027,22.5234231]}},
{"type":"Feature","properties":{"fid":3126},"geometry":{"type":"Point","coordinates":[88.3387165,22.5348534]}},
{"type":"Feature","properties":{"fid":3127},"geometry":{"type":"Point","coordinates":[88.3394398,22.5347913]}},
{"type":"Feature","properties":{"fid":3128},"geometry":{"type":"Point","coordinates":[88.3352548,22.5300419]}},
{"type":"Feature","properties":{"fid":3129},"geometry":{"type":"Point","coordinates":[88.3437922,22.5206964]}},
{"type":"Feature","properties":{"fid":3130},"geometry":{"type":"Point","coordinates":[88.3178498,22.5386554]}},
{"type":"Feature","properties":{"fid":3131},"geometry":{"type":"Point","coordinates":[88.3228362,22.539216]}},
{"type":"Feature","properties":{"fid":3132},"geometry":{"type":"Point","coordinates":[88.3238045,22.5398579]}},
{"type":"Feature","properties":{"fid":3133},"geometry":{"type":"Point","coordinates":[88.3384847,22.5133782]}},
{"type":"Feature","properties":{"fid":3134},"geometry":{"type":"Point","coordinates":[88.3384728,22.5131343]}},
{"type":"Feature","properties":{"fid":3135},"geometry":{"type":"Point","coordinates":[88.3345439,22.514797]}},
{"type":"Feature","properties":{"fid":3136},"geometry":{"type":"Point","coordinates":[88.3341793,22.5148107]}},
{"type":"Feature","properties":{"fid":3137},"geometry":{"type":"Point","coordinates":[88.3398694,22.5200019]}},
{"type":"Feature","properties":{"fid":3138},"geometry":{"type":"Point","coordinates":[88.3380255,22.5265534]}},
{"type":"Feature","properties":{"fid":3139},"geometry":{"type":"Point","coordinates":[88.3380925,22.5263552]}},
{"type":"Feature","properties":{"fid":3140},"geometry":{"type":"Point","coordinates":[88.338902,22.5267756]}},
{"type":"Feature","properties":{"fid":3141},"geometry":{"type":"Point","coordinates":[88.3375185,22.5270649]}},
{"type":"Feature","properties":{"fid":3142},"geometry":{"type":"Point","coordinates":[88.3331357,22.514512]}},
{"type":"Feature","properties":{"fid":3143},"geometry":{"type":"Point","coordinates":[88.3335403,22.5140222]}},
{"type":"Feature","properties":{"fid":3144},"geometry":{"type":"Point","coordinates":[88.3338009,22.5143237]}},
{"type":"Feature","properties":{"fid":3145},"geometry":{"type":"Point","coordinates":[88.3331714,22.5148671]}},
{"type":"Feature","properties":{"fid":3146},"geometry":{"type":"Point","coordinates":[88.3390186,22.5169984]}},
{"type":"Feature","properties":{"fid":3147},"geometry":{"type":"Point","coordinates":[88.3397953,22.5166976]}},
{"type":"Feature","properties":{"fid":3148},"geometry":{"type":"Point","coordinates":[88.3282346,22.515601]}},
{"type":"Feature","properties":{"fid":3149},"geometry":{"type":"Point","coordinates":[88.3303219,22.5253777]}},
{"type":"Feature","properties":{"fid":3150},"geometry":{"type":"Point","coordinates":[88.3308874,22.5253419]}},
{"type":"Feature","properties":{"fid":3151},"geometry":{"type":"Point","coordinates":[88.3294111,22.543496]}},
{"type":"Feature","properties":{"fid":3152},"geometry":{"type":"Point","coordinates":[88.3413878,22.5164299]}},
{"type":"Feature","properties":{"fid":3153},"geometry":{"type":"Point","coordinates":[88.3421615,22.51625]}},
{"type":"Feature","properties":{"fid":3154},"geometry":{"type":"Point","coordinates":[88.3323864,22.5246968]}},
{"type":"Feature","properties":{"fid":3155},"geometry":{"type":"Point","coordinates":[88.3327786,22.5237804]}},
{"type":"Feature","properties":{"fid":3156},"geometry":{"type":"Point","coordinates":[88.3393427,22.5174686]}},
{"type":"Feature","properties":{"fid":3157},"geometry":{"type":"Point","coordinates":[88.3398287,22.5175499]}},
{"type":"Feature","properties":{"fid":3158},"geometry":{"type":"Point","coordinates":[88.3374462,22.5337135]}},
{"type":"Feature","properties":{"fid":3159},"geometry":{"type":"Point","coordinates":[88.3414272,22.5147908]}},
{"type":"Feature","properties":{"fid":3160},"geometry":{"type":"Point","coordinates":[88.3407237,22.514827]}},
{"type":"Feature","properties":{"fid":3161},"geometry":{"type":"Point","coordinates":[88.3123352,22.5470069]}},
{"type":"Feature","properties":{"fid":3162},"geometry":{"type":"Point","coordinates":[88.3334448,22.5351149]}},
{"type":"Feature","properties":{"fid":3163},"geometry":{"type":"Point","coordinates":[88.333336,22.5351881]}},
{"type":"Feature","properties":{"fid":3164},"geometry":{"type":"Point","coordinates":[88.3371256,22.521208]}},
{"type":"Feature","properties":{"fid":3165},"geometry":{"type":"Point","coordinates":[88.3371131,22.5209184]}},
{"type":"Feature","properties":{"fid":3166},"geometry":{"type":"Point","coordinates":[88.3390314,22.5403432]}},
{"type":"Feature","properties":{"fid":3167},"geometry":{"type":"Point","coordinates":[88.3387899,22.5400152]}},
{"type":"Feature","properties":{"fid":3168},"geometry":{"type":"Point","coordinates":[88.3363441,22.5287047]}},
{"type":"Feature","properties":{"fid":3169},"geometry":{"type":"Point","coordinates":[88.3354914,22.5285756]}},
{"type":"Feature","properties":{"fid":3170},"geometry":{"type":"Point","coordinates":[88.3372441,22.5125907]}},
{"type":"Feature","properties":{"fid":3171},"geometry":{"type":"Point","coordinates":[88.3331318,22.5158548]}},
{"type":"Feature","properties":{"fid":3172},"geometry":{"type":"Point","coordinates":[88.3328673,22.5097019]}},
{"type":"Feature","properties":{"fid":3173},"geometry":{"type":"Point","coordinates":[88.3331067,22.515857]}},
{"type":"Feature","properties":{"fid":3174},"geometry":{"type":"Point","coordinates":[88.3407264,22.5307772]}},
{"type":"Feature","properties":{"fid":3175},"geometry":{"type":"Point","coordinates":[88.3411315,22.5332254]}},
{"type":"Feature","properties":{"fid":3176},"geometry":{"type":"Point","coordinates":[88.3260372,22.5386564]}},
{"type":"Feature","properties":{"fid":3177},"geometry":{"type":"Point","coordinates":[88.3246104,22.5220691]}},
{"type":"Feature","properties":{"fid":3178},"geometry":{"type":"Point","coordinates":[88.3259214,22.5412545]}},
{"type":"Feature","properties":{"fid":3179},"geometry":{"type":"Point","coordinates":[88.3145386,22.5253124]}},
{"type":"Feature","properties":{"fid":3180},"geometry":{"type":"Point","coordinates":[88.3146258,22.5253299]}},
{"type":"Feature","properties":{"fid":3181},"geometry":{"type":"Point","coordinates":[88.3282917,22.5156739]}},
{"type":"Feature","properties":{"fid":3182},"geometry":{"type":"Point","coordinates":[88.3232662,22.5169807]}},
{"type":"Feature","properties":{"fid":3183},"geometry":{"type":"Point","coordinates":[88.3243382,22.521229]}},
{"type":"Feature","properties":{"fid":3184},"geometry":{"type":"Point","coordinates":[88.3179295,22.5275083]}},
{"type":"Feature","properties":{"fid":3185},"geometry":{"type":"Point","coordinates":[88.3178299,22.5280103]}},
{"type":"Feature","properties":{"fid":3186},"geometry":{"type":"Point","coordinates":[88.3382637,22.5188295]}},
{"type":"Feature","properties":{"fid":3187},"geometry":{"type":"Point","coordinates":[88.3322705,22.5160734]}},
{"type":"Feature","properties":{"fid":3188},"geometry":{"type":"Point","coordinates":[88.311316,22.5380347]}},
{"type":"Feature","properties":{"fid":3189},"geometry":{"type":"Point","coordinates":[88.3331684,22.5346917]}},
{"type":"Feature","properties":{"fid":3190},"geometry":{"type":"Point","coordinates":[88.322149,22.512268]}},
{"type":"Feature","properties":{"fid":3191},"geometry":{"type":"Point","coordinates":[88.3297438,22.5438136]}},
{"type":"Feature","properties":{"fid":3192},"geometry":{"type":"Point","coordinates":[88.3258975,22.5271705]}},
{"type":"Feature","properties":{"fid":3193},"geometry":{"type":"Point","coordinates":[88.3439862,22.5416274]}},
{"type":"Feature","properties":{"fid":3194},"geometry":{"type":"Point","coordinates":[88.3380278,22.5202889]}},
{"type":"Feature","properties":{"fid":3195},"geometry":{"type":"Point","coordinates":[88.3300351,22.5273835]}},
{"type":"Feature","properties":{"fid":3196},"geometry":{"type":"Point","coordinates":[88.3303538,22.5274043]}},
{"type":"Feature","properties":{"fid":3197},"geometry":{"type":"Point","coordinates":[88.3395436,22.5395669]}},
{"type":"Feature","properties":{"fid":3198},"geometry":{"type":"Point","coordinates":[88.3404274,22.5394743]}},
{"type":"Feature","properties":{"fid":3199},"geometry":{"type":"Point","coordinates":[88.3402123,22.5394098]}},
{"type":"Feature","properties":{"fid":3200},"geometry":{"type":"Point","coordinates":[88.3397503,22.5393859]}},
{"type":"Feature","properties":{"fid":3201},"geometry":{"type":"Point","coordinates":[88.3403354,22.5394467]}},
{"type":"Feature","properties":{"fid":3202},"geometry":{"type":"Point","coordinates":[88.3403427,22.5389475]}},
{"type":"Feature","properties":{"fid":3203},"geometry":{"type":"Point","coordinates":[88.3424895,22.5392463]}},
{"type":"Feature","properties":{"fid":3204},"geometry":{"type":"Point","coordinates":[88.3333914,22.5353195]}},
{"type":"Feature","properties":{"fid":3205},"geometry":{"type":"Point","coordinates":[88.3318331,22.5320848]}},
{"type":"Feature","properties":{"fid":3206},"geometry":{"type":"Point","coordinates":[88.331847,22.5322684]}},
{"type":"Feature","properties":{"fid":3207},"geometry":{"type":"Point","coordinates":[88.3417778,22.5311642]}},
{"type":"Feature","properties":{"fid":3208},"geometry":{"type":"Point","coordinates":[88.3420129,22.5311436]}},
{"type":"Feature","properties":{"fid":3209},"geometry":{"type":"Point","coordinates":[88.3334711,22.5145234]}},
{"type":"Feature","properties":{"fid":3210},"geometry":{"type":"Point","coordinates":[88.3341965,22.5147126]}},
{"type":"Feature","properties":{"fid":3211},"geometry":{"type":"Point","coordinates":[88.336545,22.529719]}},
{"type":"Feature","properties":{"fid":3212},"geometry":{"type":"Point","coordinates":[88.3356829,22.5295731]}},
{"type":"Feature","properties":{"fid":3213},"geometry":{"type":"Point","coordinates":[88.329628,22.5272481]}},
{"type":"Feature","properties":{"fid":3214},"geometry":{"type":"Point","coordinates":[88.32985,22.5270636]}},
{"type":"Feature","properties":{"fid":3215},"geometry":{"type":"Point","coordinates":[88.3171687,22.5213331]}},
{"type":"Feature","properties":{"fid":3216},"geometry":{"type":"Point","coordinates":[88.333637,22.5411927]}},
{"type":"Feature","properties":{"fid":3217},"geometry":{"type":"Point","coordinates":[88.3244946,22.5218614]}},
{"type":"Feature","properties":{"fid":3218},"geometry":{"type":"Point","coordinates":[88.3384812,22.5238859]}},
{"type":"Feature","properties":{"fid":3219},"geometry":{"type":"Point","coordinates":[88.3358311,22.5241459]}},
{"type":"Feature","properties":{"fid":3220},"geometry":{"type":"Point","coordinates":[88.3196516,22.5378787]}},
{"type":"Feature","properties":{"fid":3221},"geometry":{"type":"Point","coordinates":[88.3210658,22.5376245]}},
{"type":"Feature","properties":{"fid":3222},"geometry":{"type":"Point","coordinates":[88.3246467,22.5305106]}},
{"type":"Feature","properties":{"fid":3223},"geometry":{"type":"Point","coordinates":[88.3246707,22.5308676]}},
{"type":"Feature","properties":{"fid":3224},"geometry":{"type":"Point","coordinates":[88.3407459,22.5342883]}},
{"type":"Feature","properties":{"fid":3225},"geometry":{"type":"Point","coordinates":[88.3407897,22.5338253]}},
{"type":"Feature","properties":{"fid":3226},"geometry":{"type":"Point","coordinates":[88.3414663,22.5236872]}},
{"type":"Feature","properties":{"fid":3227},"geometry":{"type":"Point","coordinates":[88.3409491,22.5248761]}},
{"type":"Feature","properties":{"fid":3228},"geometry":{"type":"Point","coordinates":[88.3410295,22.5319297]}},
{"type":"Feature","properties":{"fid":3229},"geometry":{"type":"Point","coordinates":[88.3413187,22.5312142]}},
{"type":"Feature","properties":{"fid":3230},"geometry":{"type":"Point","coordinates":[88.3417934,22.5312935]}},
{"type":"Feature","properties":{"fid":3231},"geometry":{"type":"Point","coordinates":[88.341176,22.5314215]}},
{"type":"Feature","properties":{"fid":3232},"geometry":{"type":"Point","coordinates":[88.3408004,22.532529]}},
{"type":"Feature","properties":{"fid":3233},"geometry":{"type":"Point","coordinates":[88.3413677,22.533039]}},
{"type":"Feature","properties":{"fid":3234},"geometry":{"type":"Point","coordinates":[88.337182,22.5331999]}},
{"type":"Feature","properties":{"fid":3235},"geometry":{"type":"Point","coordinates":[88.3375956,22.5334382]}},
{"type":"Feature","properties":{"fid":3236},"geometry":{"type":"Point","coordinates":[88.3398281,22.5168816]}},
{"type":"Feature","properties":{"fid":3237},"geometry":{"type":"Point","coordinates":[88.3390641,22.5169906]}},
{"type":"Feature","properties":{"fid":3238},"geometry":{"type":"Point","coordinates":[88.3399485,22.5168719]}},
{"type":"Feature","properties":{"fid":3239},"geometry":{"type":"Point","coordinates":[88.3404235,22.5168551]}},
{"type":"Feature","properties":{"fid":3240},"geometry":{"type":"Point","coordinates":[88.3403705,22.5163846]}},
{"type":"Feature","properties":{"fid":3241},"geometry":{"type":"Point","coordinates":[88.3187539,22.5292217]}},
{"type":"Feature","properties":{"fid":3242},"geometry":{"type":"Point","coordinates":[88.3188921,22.5298485]}},
{"type":"Feature","properties":{"fid":3243},"geometry":{"type":"Point","coordinates":[88.3274351,22.5369688]}},
{"type":"Feature","properties":{"fid":3244},"geometry":{"type":"Point","coordinates":[88.3202371,22.5398636]}},
{"type":"Feature","properties":{"fid":3245},"geometry":{"type":"Point","coordinates":[88.3213198,22.5395943]}},
{"type":"Feature","properties":{"fid":3246},"geometry":{"type":"Point","coordinates":[88.3224419,22.5432325]}},
{"type":"Feature","properties":{"fid":3247},"geometry":{"type":"Point","coordinates":[88.3227787,22.5432533]}},
{"type":"Feature","properties":{"fid":3248},"geometry":{"type":"Point","coordinates":[88.3233091,22.538133]}},
{"type":"Feature","properties":{"fid":3249},"geometry":{"type":"Point","coordinates":[88.3227711,22.5382799]}},
{"type":"Feature","properties":{"fid":3250},"geometry":{"type":"Point","coordinates":[88.3149561,22.5443438]}},
{"type":"Feature","properties":{"fid":3251},"geometry":{"type":"Point","coordinates":[88.3151705,22.5442397]}},
{"type":"Feature","properties":{"fid":3252},"geometry":{"type":"Point","coordinates":[88.3159695,22.5339775]}},
{"type":"Feature","properties":{"fid":3253},"geometry":{"type":"Point","coordinates":[88.31726,22.5334273]}},
{"type":"Feature","properties":{"fid":3254},"geometry":{"type":"Point","coordinates":[88.3326811,22.5312576]}},
{"type":"Feature","properties":{"fid":3255},"geometry":{"type":"Point","coordinates":[88.3318848,22.531101]}},
{"type":"Feature","properties":{"fid":3256},"geometry":{"type":"Point","coordinates":[88.3334964,22.5414277]}},
{"type":"Feature","properties":{"fid":3257},"geometry":{"type":"Point","coordinates":[88.3332762,22.5413883]}},
{"type":"Feature","properties":{"fid":3258},"geometry":{"type":"Point","coordinates":[88.3324309,22.5420077]}},
{"type":"Feature","properties":{"fid":3259},"geometry":{"type":"Point","coordinates":[88.3333334,22.541516]}},
{"type":"Feature","properties":{"fid":3260},"geometry":{"type":"Point","coordinates":[88.3331363,22.5408328]}},
{"type":"Feature","properties":{"fid":3261},"geometry":{"type":"Point","coordinates":[88.3287559,22.5319854]}},
{"type":"Feature","properties":{"fid":3262},"geometry":{"type":"Point","coordinates":[88.329083,22.5324151]}},
{"type":"Feature","properties":{"fid":3263},"geometry":{"type":"Point","coordinates":[88.327479,22.5297124]}},
{"type":"Feature","properties":{"fid":3264},"geometry":{"type":"Point","coordinates":[88.3273992,22.5293564]}},
{"type":"Feature","properties":{"fid":3265},"geometry":{"type":"Point","coordinates":[88.3273112,22.5304905]}},
{"type":"Feature","properties":{"fid":3266},"geometry":{"type":"Point","coordinates":[88.3269318,22.5305583]}},
{"type":"Feature","properties":{"fid":3267},"geometry":{"type":"Point","coordinates":[88.3294422,22.5222285]}},
{"type":"Feature","properties":{"fid":3268},"geometry":{"type":"Point","coordinates":[88.3302486,22.5213717]}},
{"type":"Feature","properties":{"fid":3269},"geometry":{"type":"Point","coordinates":[88.3251169,22.5242181]}},
{"type":"Feature","properties":{"fid":3270},"geometry":{"type":"Point","coordinates":[88.3259201,22.5240895]}},
{"type":"Feature","properties":{"fid":3271},"geometry":{"type":"Point","coordinates":[88.3263346,22.5254452]}},
{"type":"Feature","properties":{"fid":3272},"geometry":{"type":"Point","coordinates":[88.340503,22.518709]}},
{"type":"Feature","properties":{"fid":3273},"geometry":{"type":"Point","coordinates":[88.3413969,22.5187272]}},
{"type":"Feature","properties":{"fid":3274},"geometry":{"type":"Point","coordinates":[88.3219997,22.5274757]}},
{"type":"Feature","properties":{"fid":3275},"geometry":{"type":"Point","coordinates":[88.320347,22.5274357]}},
{"type":"Feature","properties":{"fid":3276},"geometry":{"type":"Point","coordinates":[88.3226088,22.5284018]}},
{"type":"Feature","properties":{"fid":3277},"geometry":{"type":"Point","coordinates":[88.3398765,22.5129107]}},
{"type":"Feature","properties":{"fid":3278},"geometry":{"type":"Point","coordinates":[88.3403859,22.5128758]}},
{"type":"Feature","properties":{"fid":3279},"geometry":{"type":"Point","coordinates":[88.3267938,22.5205439]}},
{"type":"Feature","properties":{"fid":3280},"geometry":{"type":"Point","coordinates":[88.3271534,22.5204956]}},
{"type":"Feature","properties":{"fid":3281},"geometry":{"type":"Point","coordinates":[88.3229648,22.5258246]}},
{"type":"Feature","properties":{"fid":3282},"geometry":{"type":"Point","coordinates":[88.3226475,22.5270234]}},
{"type":"Feature","properties":{"fid":3283},"geometry":{"type":"Point","coordinates":[88.3228732,22.5279253]}},
{"type":"Feature","properties":{"fid":3284},"geometry":{"type":"Point","coordinates":[88.3391038,22.5164109]}},
{"type":"Feature","properties":{"fid":3285},"geometry":{"type":"Point","coordinates":[88.3391062,22.5164364]}},
{"type":"Feature","properties":{"fid":3286},"geometry":{"type":"Point","coordinates":[88.3273271,22.5347706]}},
{"type":"Feature","properties":{"fid":3287},"geometry":{"type":"Point","coordinates":[88.3271185,22.5347982]}},
{"type":"Feature","properties":{"fid":3288},"geometry":{"type":"Point","coordinates":[88.3264967,22.5383363]}},
{"type":"Feature","properties":{"fid":3289},"geometry":{"type":"Point","coordinates":[88.3266571,22.5385998]}},
{"type":"Feature","properties":{"fid":3290},"geometry":{"type":"Point","coordinates":[88.327397,22.5358382]}},
{"type":"Feature","properties":{"fid":3291},"geometry":{"type":"Point","coordinates":[88.3270044,22.5358851]}},
{"type":"Feature","properties":{"fid":3292},"geometry":{"type":"Point","coordinates":[88.3227445,22.5357488]}},
{"type":"Feature","properties":{"fid":3293},"geometry":{"type":"Point","coordinates":[88.3223478,22.535822]}},
{"type":"Feature","properties":{"fid":3294},"geometry":{"type":"Point","coordinates":[88.3228032,22.5360038]}},
{"type":"Feature","properties":{"fid":3295},"geometry":{"type":"Point","coordinates":[88.3231495,22.5359312]}},
{"type":"Feature","properties":{"fid":3296},"geometry":{"type":"Point","coordinates":[88.3240357,22.5340319]}},
{"type":"Feature","properties":{"fid":3297},"geometry":{"type":"Point","coordinates":[88.3241764,22.5343032]}},
{"type":"Feature","properties":{"fid":3298},"geometry":{"type":"Point","coordinates":[88.323492,22.5309879]}},
{"type":"Feature","properties":{"fid":3299},"geometry":{"type":"Point","coordinates":[88.3234475,22.5306113]}},
{"type":"Feature","properties":{"fid":3300},"geometry":{"type":"Point","coordinates":[88.341602,22.5264257]}},
{"type":"Feature","properties":{"fid":3301},"geometry":{"type":"Point","coordinates":[88.3422656,22.5263276]}},
{"type":"Feature","properties":{"fid":3302},"geometry":{"type":"Point","coordinates":[88.3414299,22.5219312]}},
{"type":"Feature","properties":{"fid":3303},"geometry":{"type":"Point","coordinates":[88.3418925,22.5219948]}},
{"type":"Feature","properties":{"fid":3304},"geometry":{"type":"Point","coordinates":[88.3380566,22.5341833]}},
{"type":"Feature","properties":{"fid":3305},"geometry":{"type":"Point","coordinates":[88.337665,22.5339853]}},
{"type":"Feature","properties":{"fid":3306},"geometry":{"type":"Point","coordinates":[88.3155578,22.5179291]}},
{"type":"Feature","properties":{"fid":3307},"geometry":{"type":"Point","coordinates":[88.3146348,22.5172674]}},
{"type":"Feature","properties":{"fid":3308},"geometry":{"type":"Point","coordinates":[88.3300642,22.5186816]}},
{"type":"Feature","properties":{"fid":3309},"geometry":{"type":"Point","coordinates":[88.329343,22.5186535]}},
{"type":"Feature","properties":{"fid":3310},"geometry":{"type":"Point","coordinates":[88.3379915,22.518013]}},
{"type":"Feature","properties":{"fid":3311},"geometry":{"type":"Point","coordinates":[88.3152448,22.5198598]}},
{"type":"Feature","properties":{"fid":3312},"geometry":{"type":"Point","coordinates":[88.3155176,22.5209995]}},
{"type":"Feature","properties":{"fid":3313},"geometry":{"type":"Point","coordinates":[88.330179,22.542736]}},
{"type":"Feature","properties":{"fid":3314},"geometry":{"type":"Point","coordinates":[88.3230667,22.5419936]}},
{"type":"Feature","properties":{"fid":3315},"geometry":{"type":"Point","coordinates":[88.3239585,22.5419601]}},
{"type":"Feature","properties":{"fid":3316},"geometry":{"type":"Point","coordinates":[88.3230407,22.5398555]}},
{"type":"Feature","properties":{"fid":3317},"geometry":{"type":"Point","coordinates":[88.3231794,22.5397773]}},
{"type":"Feature","properties":{"fid":3318},"geometry":{"type":"Point","coordinates":[88.3212348,22.5184233]}},
{"type":"Feature","properties":{"fid":3319},"geometry":{"type":"Point","coordinates":[88.3223286,22.518446]}},
{"type":"Feature","properties":{"fid":3320},"geometry":{"type":"Point","coordinates":[88.3242306,22.5149397]}},
{"type":"Feature","properties":{"fid":3321},"geometry":{"type":"Point","coordinates":[88.3244863,22.5152409]}},
{"type":"Feature","properties":{"fid":3322},"geometry":{"type":"Point","coordinates":[88.340219,22.538944]}},
{"type":"Feature","properties":{"fid":3323},"geometry":{"type":"Point","coordinates":[88.3318189,22.5305232]}},
{"type":"Feature","properties":{"fid":3324},"geometry":{"type":"Point","coordinates":[88.3313021,22.5220682]}},
{"type":"Feature","properties":{"fid":3325},"geometry":{"type":"Point","coordinates":[88.3317667,22.5226313]}},
{"type":"Feature","properties":{"fid":3326},"geometry":{"type":"Point","coordinates":[88.3231792,22.5161355]}},
{"type":"Feature","properties":{"fid":3327},"geometry":{"type":"Point","coordinates":[88.3231136,22.5161439]}},
{"type":"Feature","properties":{"fid":3328},"geometry":{"type":"Point","coordinates":[88.3231468,22.5163319]}},
{"type":"Feature","properties":{"fid":3329},"geometry":{"type":"Point","coordinates":[88.3231783,22.516503]}},
{"type":"Feature","properties":{"fid":3330},"geometry":{"type":"Point","coordinates":[88.3292843,22.5180628]}},
{"type":"Feature","properties":{"fid":3331},"geometry":{"type":"Point","coordinates":[88.3292765,22.5183484]}},
{"type":"Feature","properties":{"fid":3332},"geometry":{"type":"Point","coordinates":[88.319019,22.5183407]}},
{"type":"Feature","properties":{"fid":3333},"geometry":{"type":"Point","coordinates":[88.3188346,22.5191876]}},
{"type":"Feature","properties":{"fid":3334},"geometry":{"type":"Point","coordinates":[88.3119928,22.514351]}},
{"type":"Feature","properties":{"fid":3335},"geometry":{"type":"Point","coordinates":[88.3121784,22.5145702]}},
{"type":"Feature","properties":{"fid":3336},"geometry":{"type":"Point","coordinates":[88.3290106,22.54365]}},
{"type":"Feature","properties":{"fid":3337},"geometry":{"type":"Point","coordinates":[88.3215845,22.5399857]}},
{"type":"Feature","properties":{"fid":3338},"geometry":{"type":"Point","coordinates":[88.3222016,22.5406516]}},
{"type":"Feature","properties":{"fid":3339},"geometry":{"type":"Point","coordinates":[88.3221011,22.5394163]}},
{"type":"Feature","properties":{"fid":3340},"geometry":{"type":"Point","coordinates":[88.3223292,22.5392901]}},
{"type":"Feature","properties":{"fid":3341},"geometry":{"type":"Point","coordinates":[88.313361,22.5382386]}},
{"type":"Feature","properties":{"fid":3342},"geometry":{"type":"Point","coordinates":[88.3139964,22.5382917]}},
{"type":"Feature","properties":{"fid":3343},"geometry":{"type":"Point","coordinates":[88.3198654,22.5139766]}},
{"type":"Feature","properties":{"fid":3344},"geometry":{"type":"Point","coordinates":[88.3198096,22.5147993]}},
{"type":"Feature","properties":{"fid":3345},"geometry":{"type":"Point","coordinates":[88.318269,22.5144024]}},
{"type":"Feature","properties":{"fid":3346},"geometry":{"type":"Point","coordinates":[88.3166334,22.5137962]}},
{"type":"Feature","properties":{"fid":3347},"geometry":{"type":"Point","coordinates":[88.3212358,22.5139424]}},
{"type":"Feature","properties":{"fid":3348},"geometry":{"type":"Point","coordinates":[88.3209053,22.5133815]}},
{"type":"Feature","properties":{"fid":3349},"geometry":{"type":"Point","coordinates":[88.3137993,22.5144973]}},
{"type":"Feature","properties":{"fid":3350},"geometry":{"type":"Point","coordinates":[88.3137418,22.5143016]}},
{"type":"Feature","properties":{"fid":3351},"geometry":{"type":"Point","coordinates":[88.3233441,22.5281937]}},
{"type":"Feature","properties":{"fid":3352},"geometry":{"type":"Point","coordinates":[88.3212311,22.5255308]}},
{"type":"Feature","properties":{"fid":3353},"geometry":{"type":"Point","coordinates":[88.3302313,22.5429878]}},
{"type":"Feature","properties":{"fid":3354},"geometry":{"type":"Point","coordinates":[88.3396375,22.5380644]}},
{"type":"Feature","properties":{"fid":3355},"geometry":{"type":"Point","coordinates":[88.3263736,22.5184176]}},
{"type":"Feature","properties":{"fid":3356},"geometry":{"type":"Point","coordinates":[88.3260878,22.5184829]}},
{"type":"Feature","properties":{"fid":3357},"geometry":{"type":"Point","coordinates":[88.3282152,22.5180342]}},
{"type":"Feature","properties":{"fid":3358},"geometry":{"type":"Point","coordinates":[88.3286173,22.5180468]}},
{"type":"Feature","properties":{"fid":3359},"geometry":{"type":"Point","coordinates":[88.3282288,22.5178649]}},
{"type":"Feature","properties":{"fid":3360},"geometry":{"type":"Point","coordinates":[88.3286232,22.5178654]}},
{"type":"Feature","properties":{"fid":3361},"geometry":{"type":"Point","coordinates":[88.3306146,22.5240349]}},
{"type":"Feature","properties":{"fid":3362},"geometry":{"type":"Point","coordinates":[88.3306827,22.5243675]}},
{"type":"Feature","properties":{"fid":3363},"geometry":{"type":"Point","coordinates":[88.3312824,22.522073]}},
{"type":"Feature","properties":{"fid":3364},"geometry":{"type":"Point","coordinates":[88.3313485,22.522434]}},
{"type":"Feature","properties":{"fid":3365},"geometry":{"type":"Point","coordinates":[88.3211127,22.5325483]}},
{"type":"Feature","properties":{"fid":3366},"geometry":{"type":"Point","coordinates":[88.3230972,22.5318443]}},
{"type":"Feature","properties":{"fid":3367},"geometry":{"type":"Point","coordinates":[88.3226598,22.5319182]}},
{"type":"Feature","properties":{"fid":3368},"geometry":{"type":"Point","coordinates":[88.3215026,22.5285547]}},
{"type":"Feature","properties":{"fid":3369},"geometry":{"type":"Point","coordinates":[88.3219472,22.5276624]}},
{"type":"Feature","properties":{"fid":3370},"geometry":{"type":"Point","coordinates":[88.3264638,22.5312533]}},
{"type":"Feature","properties":{"fid":3371},"geometry":{"type":"Point","coordinates":[88.3267437,22.5312081]}},
{"type":"Feature","properties":{"fid":3372},"geometry":{"type":"Point","coordinates":[88.3251053,22.5303522]}},
{"type":"Feature","properties":{"fid":3373},"geometry":{"type":"Point","coordinates":[88.3273138,22.5319081]}},
{"type":"Feature","properties":{"fid":3374},"geometry":{"type":"Point","coordinates":[88.3312797,22.5320795]}},
{"type":"Feature","properties":{"fid":3375},"geometry":{"type":"Point","coordinates":[88.3312684,22.5317843]}},
{"type":"Feature","properties":{"fid":3376},"geometry":{"type":"Point","coordinates":[88.3310875,22.5317977]}},
{"type":"Feature","properties":{"fid":3377},"geometry":{"type":"Point","coordinates":[88.3310772,22.5316214]}},
{"type":"Feature","properties":{"fid":3378},"geometry":{"type":"Point","coordinates":[88.3304511,22.5318535]}},
{"type":"Feature","properties":{"fid":3379},"geometry":{"type":"Point","coordinates":[88.3304416,22.5316644]}},
{"type":"Feature","properties":{"fid":3380},"geometry":{"type":"Point","coordinates":[88.32348,22.5269419]}},
{"type":"Feature","properties":{"fid":3381},"geometry":{"type":"Point","coordinates":[88.3236193,22.5276104]}},
{"type":"Feature","properties":{"fid":3382},"geometry":{"type":"Point","coordinates":[88.325454,22.5320288]}},
{"type":"Feature","properties":{"fid":3383},"geometry":{"type":"Point","coordinates":[88.326811,22.5315454]}},
{"type":"Feature","properties":{"fid":3384},"geometry":{"type":"Point","coordinates":[88.317861,22.5386868]}},
{"type":"Feature","properties":{"fid":3385},"geometry":{"type":"Point","coordinates":[88.321149,22.5389176]}},
{"type":"Feature","properties":{"fid":3386},"geometry":{"type":"Point","coordinates":[88.321149,22.5389126]}},
{"type":"Feature","properties":{"fid":3387},"geometry":{"type":"Point","coordinates":[88.3268979,22.5389859]}},
{"type":"Feature","properties":{"fid":3388},"geometry":{"type":"Point","coordinates":[88.3273481,22.5389533]}},
{"type":"Feature","properties":{"fid":3389},"geometry":{"type":"Point","coordinates":[88.3249875,22.5354669]}},
{"type":"Feature","properties":{"fid":3390},"geometry":{"type":"Point","coordinates":[88.3245725,22.533943]}},
{"type":"Feature","properties":{"fid":3391},"geometry":{"type":"Point","coordinates":[88.3246225,22.5338498]}},
{"type":"Feature","properties":{"fid":3392},"geometry":{"type":"Point","coordinates":[88.3240078,22.5340439]}},
{"type":"Feature","properties":{"fid":3393},"geometry":{"type":"Point","coordinates":[88.3238746,22.5335358]}},
{"type":"Feature","properties":{"fid":3394},"geometry":{"type":"Point","coordinates":[88.3232867,22.528751]}},
{"type":"Feature","properties":{"fid":3395},"geometry":{"type":"Point","coordinates":[88.3238117,22.5286705]}},
{"type":"Feature","properties":{"fid":3396},"geometry":{"type":"Point","coordinates":[88.3285291,22.5314821]}},
{"type":"Feature","properties":{"fid":3397},"geometry":{"type":"Point","coordinates":[88.3191292,22.5253692]}},
{"type":"Feature","properties":{"fid":3398},"geometry":{"type":"Point","coordinates":[88.325174,22.5244727]}},
{"type":"Feature","properties":{"fid":3399},"geometry":{"type":"Point","coordinates":[88.3220582,22.5429888]}},
{"type":"Feature","properties":{"fid":3400},"geometry":{"type":"Point","coordinates":[88.3271876,22.5374983]}},
{"type":"Feature","properties":{"fid":3401},"geometry":{"type":"Point","coordinates":[88.3274125,22.5375058]}},
{"type":"Feature","properties":{"fid":3402},"geometry":{"type":"Point","coordinates":[88.3258326,22.541274]}},
{"type":"Feature","properties":{"fid":3403},"geometry":{"type":"Point","coordinates":[88.3260655,22.5349791]}},
{"type":"Feature","properties":{"fid":3404},"geometry":{"type":"Point","coordinates":[88.3267768,22.5348572]}},
{"type":"Feature","properties":{"fid":3405},"geometry":{"type":"Point","coordinates":[88.3342443,22.5223733]}},
{"type":"Feature","properties":{"fid":3406},"geometry":{"type":"Point","coordinates":[88.335067,22.5219261]}},
{"type":"Feature","properties":{"fid":3407},"geometry":{"type":"Point","coordinates":[88.3350284,22.5223302]}},
{"type":"Feature","properties":{"fid":3408},"geometry":{"type":"Point","coordinates":[88.3350275,22.522568]}},
{"type":"Feature","properties":{"fid":3409},"geometry":{"type":"Point","coordinates":[88.3342324,22.5224292]}},
{"type":"Feature","properties":{"fid":3410},"geometry":{"type":"Point","coordinates":[88.3341271,22.522442]}},
{"type":"Feature","properties":{"fid":3411},"geometry":{"type":"Point","coordinates":[88.3157579,22.5132769]}},
{"type":"Feature","properties":{"fid":3412},"geometry":{"type":"Point","coordinates":[88.3150972,22.5126896]}},
{"type":"Feature","properties":{"fid":3413},"geometry":{"type":"Point","coordinates":[88.3121518,22.5185346]}},
{"type":"Feature","properties":{"fid":3414},"geometry":{"type":"Point","coordinates":[88.3130452,22.5183401]}},
{"type":"Feature","properties":{"fid":3415},"geometry":{"type":"Point","coordinates":[88.3146172,22.5199941]}},
{"type":"Feature","properties":{"fid":3416},"geometry":{"type":"Point","coordinates":[88.314522,22.5204173]}},
{"type":"Feature","properties":{"fid":3417},"geometry":{"type":"Point","coordinates":[88.335855,22.5330878]}},
{"type":"Feature","properties":{"fid":3418},"geometry":{"type":"Point","coordinates":[88.3365314,22.5338719]}},
{"type":"Feature","properties":{"fid":3419},"geometry":{"type":"Point","coordinates":[88.3383099,22.5335153]}},
{"type":"Feature","properties":{"fid":3420},"geometry":{"type":"Point","coordinates":[88.338204,22.5332589]}},
{"type":"Feature","properties":{"fid":3421},"geometry":{"type":"Point","coordinates":[88.3171676,22.5175259]}},
{"type":"Feature","properties":{"fid":3422},"geometry":{"type":"Point","coordinates":[88.3169222,22.5177449]}},
{"type":"Feature","properties":{"fid":3423},"geometry":{"type":"Point","coordinates":[88.3158579,22.5172866]}},
{"type":"Feature","properties":{"fid":3424},"geometry":{"type":"Point","coordinates":[88.3168323,22.5174068]}},
{"type":"Feature","properties":{"fid":3425},"geometry":{"type":"Point","coordinates":[88.3167635,22.5176853]}},
{"type":"Feature","properties":{"fid":3426},"geometry":{"type":"Point","coordinates":[88.3170061,22.5173933]}},
{"type":"Feature","properties":{"fid":3427},"geometry":{"type":"Point","coordinates":[88.3311831,22.5330363]}},
{"type":"Feature","properties":{"fid":3428},"geometry":{"type":"Point","coordinates":[88.3313896,22.532816]}},
{"type":"Feature","properties":{"fid":3429},"geometry":{"type":"Point","coordinates":[88.3364516,22.5283786]}},
{"type":"Feature","properties":{"fid":3430},"geometry":{"type":"Point","coordinates":[88.336346,22.5283617]}},
{"type":"Feature","properties":{"fid":3431},"geometry":{"type":"Point","coordinates":[88.3364043,22.5285314]}},
{"type":"Feature","properties":{"fid":3432},"geometry":{"type":"Point","coordinates":[88.3388825,22.5115051]}},
{"type":"Feature","properties":{"fid":3433},"geometry":{"type":"Point","coordinates":[88.3236413,22.5130743]}},
{"type":"Feature","properties":{"fid":3434},"geometry":{"type":"Point","coordinates":[88.3235575,22.5125494]}},
{"type":"Feature","properties":{"fid":3435},"geometry":{"type":"Point","coordinates":[88.3242604,22.5135225]}},
{"type":"Feature","properties":{"fid":3436},"geometry":{"type":"Point","coordinates":[88.3250219,22.5136886]}},
{"type":"Feature","properties":{"fid":3437},"geometry":{"type":"Point","coordinates":[88.3225006,22.5301706]}},
{"type":"Feature","properties":{"fid":3438},"geometry":{"type":"Point","coordinates":[88.322586,22.5294444]}},
{"type":"Feature","properties":{"fid":3439},"geometry":{"type":"Point","coordinates":[88.3382945,22.534061]}},
{"type":"Feature","properties":{"fid":3440},"geometry":{"type":"Point","coordinates":[88.3349963,22.5333846]}},
{"type":"Feature","properties":{"fid":3441},"geometry":{"type":"Point","coordinates":[88.335154,22.5335004]}},
{"type":"Feature","properties":{"fid":3442},"geometry":{"type":"Point","coordinates":[88.3299199,22.5439375]}},
{"type":"Feature","properties":{"fid":3443},"geometry":{"type":"Point","coordinates":[88.3295662,22.5441696]}},
{"type":"Feature","properties":{"fid":3444},"geometry":{"type":"Point","coordinates":[88.3293739,22.5440612]}},
{"type":"Feature","properties":{"fid":3445},"geometry":{"type":"Point","coordinates":[88.3404544,22.5169342]}},
{"type":"Feature","properties":{"fid":3446},"geometry":{"type":"Point","coordinates":[88.3395277,22.5374373]}},
{"type":"Feature","properties":{"fid":3447},"geometry":{"type":"Point","coordinates":[88.3387092,22.5404045]}},
{"type":"Feature","properties":{"fid":3448},"geometry":{"type":"Point","coordinates":[88.3274619,22.5381159]}},
{"type":"Feature","properties":{"fid":3449},"geometry":{"type":"Point","coordinates":[88.3260326,22.5183839]}},
{"type":"Feature","properties":{"fid":3450},"geometry":{"type":"Point","coordinates":[88.3263415,22.5183181]}},
{"type":"Feature","properties":{"fid":3451},"geometry":{"type":"Point","coordinates":[88.3324163,22.5205482]}},
{"type":"Feature","properties":{"fid":3452},"geometry":{"type":"Point","coordinates":[88.3267543,22.5312614]}},
{"type":"Feature","properties":{"fid":3453},"geometry":{"type":"Point","coordinates":[88.3267979,22.5314798]}},
{"type":"Feature","properties":{"fid":3454},"geometry":{"type":"Point","coordinates":[88.3179957,22.5390639]}},
{"type":"Feature","properties":{"fid":3455},"geometry":{"type":"Point","coordinates":[88.3170513,22.5382707]}},
{"type":"Feature","properties":{"fid":3456},"geometry":{"type":"Point","coordinates":[88.3169722,22.5379401]}},
{"type":"Feature","properties":{"fid":3457},"geometry":{"type":"Point","coordinates":[88.3408345,22.5125295]}},
{"type":"Feature","properties":{"fid":3458},"geometry":{"type":"Point","coordinates":[88.3414017,22.5125729]}},
{"type":"Feature","properties":{"fid":3459},"geometry":{"type":"Point","coordinates":[88.3419961,22.5214616]}},
{"type":"Feature","properties":{"fid":3460},"geometry":{"type":"Point","coordinates":[88.3419092,22.5209953]}},
{"type":"Feature","properties":{"fid":3461},"geometry":{"type":"Point","coordinates":[88.3316014,22.5171489]}},
{"type":"Feature","properties":{"fid":3462},"geometry":{"type":"Point","coordinates":[88.3318774,22.5171301]}},
{"type":"Feature","properties":{"fid":3463},"geometry":{"type":"Point","coordinates":[88.3314241,22.516884]}},
{"type":"Feature","properties":{"fid":3464},"geometry":{"type":"Point","coordinates":[88.3318674,22.5168731]}},
{"type":"Feature","properties":{"fid":3465},"geometry":{"type":"Point","coordinates":[88.3297079,22.5288403]}},
{"type":"Feature","properties":{"fid":3466},"geometry":{"type":"Point","coordinates":[88.3355645,22.5266072]}},
{"type":"Feature","properties":{"fid":3467},"geometry":{"type":"Point","coordinates":[88.335567,22.5265701]}},
{"type":"Feature","properties":{"fid":3468},"geometry":{"type":"Point","coordinates":[88.3416743,22.5372405]}},
{"type":"Feature","properties":{"fid":3469},"geometry":{"type":"Point","coordinates":[88.3419145,22.5372185]}},
{"type":"Feature","properties":{"fid":3470},"geometry":{"type":"Point","coordinates":[88.3301707,22.5238751]}},
{"type":"Feature","properties":{"fid":3471},"geometry":{"type":"Point","coordinates":[88.3305716,22.5238243]}},
{"type":"Feature","properties":{"fid":3472},"geometry":{"type":"Point","coordinates":[88.3135229,22.5120369]}},
{"type":"Feature","properties":{"fid":3473},"geometry":{"type":"Point","coordinates":[88.3147367,22.5119937]}},
{"type":"Feature","properties":{"fid":3474},"geometry":{"type":"Point","coordinates":[88.3336643,22.5355031]}},
{"type":"Feature","properties":{"fid":3475},"geometry":{"type":"Point","coordinates":[88.3336729,22.5356427]}},
{"type":"Feature","properties":{"fid":3476},"geometry":{"type":"Point","coordinates":[88.3333355,22.5356569]}},
{"type":"Feature","properties":{"fid":3477},"geometry":{"type":"Point","coordinates":[88.3333271,22.5355209]}},
{"type":"Feature","properties":{"fid":3478},"geometry":{"type":"Point","coordinates":[88.3398731,22.5295768]}},
{"type":"Feature","properties":{"fid":3479},"geometry":{"type":"Point","coordinates":[88.3402348,22.5294582]}},
{"type":"Feature","properties":{"fid":3480},"geometry":{"type":"Point","coordinates":[88.339777,22.5264159]}},
{"type":"Feature","properties":{"fid":3481},"geometry":{"type":"Point","coordinates":[88.3398731,22.5255808]}},
{"type":"Feature","properties":{"fid":3482},"geometry":{"type":"Point","coordinates":[88.3398552,22.5254783]}},
{"type":"Feature","properties":{"fid":3483},"geometry":{"type":"Point","coordinates":[88.3400211,22.5264295]}},
{"type":"Feature","properties":{"fid":3484},"geometry":{"type":"Point","coordinates":[88.339816,22.5251577]}},
{"type":"Feature","properties":{"fid":3485},"geometry":{"type":"Point","coordinates":[88.3399585,22.5254136]}},
{"type":"Feature","properties":{"fid":3486},"geometry":{"type":"Point","coordinates":[88.3388697,22.5242271]}},
{"type":"Feature","properties":{"fid":3487},"geometry":{"type":"Point","coordinates":[88.3396706,22.5252268]}},
{"type":"Feature","properties":{"fid":3488},"geometry":{"type":"Point","coordinates":[88.338738,22.5240846]}},
{"type":"Feature","properties":{"fid":3489},"geometry":{"type":"Point","coordinates":[88.3385887,22.5240833]}},
{"type":"Feature","properties":{"fid":3490},"geometry":{"type":"Point","coordinates":[88.3272537,22.5396121]}},
{"type":"Feature","properties":{"fid":3491},"geometry":{"type":"Point","coordinates":[88.3338593,22.5376214]}},
{"type":"Feature","properties":{"fid":3492},"geometry":{"type":"Point","coordinates":[88.333657,22.5375294]}},
{"type":"Feature","properties":{"fid":3493},"geometry":{"type":"Point","coordinates":[88.317356,22.5255804]}},
{"type":"Feature","properties":{"fid":3494},"geometry":{"type":"Point","coordinates":[88.3171665,22.524126]}},
{"type":"Feature","properties":{"fid":3495},"geometry":{"type":"Point","coordinates":[88.3176665,22.5255434]}},
{"type":"Feature","properties":{"fid":3496},"geometry":{"type":"Point","coordinates":[88.3180294,22.5255002]}},
{"type":"Feature","properties":{"fid":3497},"geometry":{"type":"Point","coordinates":[88.338522,22.5196124]}},
{"type":"Feature","properties":{"fid":3498},"geometry":{"type":"Point","coordinates":[88.3212805,22.5426517]}},
{"type":"Feature","properties":{"fid":3499},"geometry":{"type":"Point","coordinates":[88.3279187,22.5330751]}},
{"type":"Feature","properties":{"fid":3500},"geometry":{"type":"Point","coordinates":[88.3271124,22.53196]}},
{"type":"Feature","properties":{"fid":3501},"geometry":{"type":"Point","coordinates":[88.3269732,22.5319433]}},
{"type":"Feature","properties":{"fid":3502},"geometry":{"type":"Point","coordinates":[88.3269864,22.5320247]}},
{"type":"Feature","properties":{"fid":3503},"geometry":{"type":"Point","coordinates":[88.3283975,22.532397]}},
{"type":"Feature","properties":{"fid":3504},"geometry":{"type":"Point","coordinates":[88.3269055,22.5320354]}},
{"type":"Feature","properties":{"fid":3505},"geometry":{"type":"Point","coordinates":[88.3268905,22.5319529]}},
{"type":"Feature","properties":{"fid":3506},"geometry":{"type":"Point","coordinates":[88.3276309,22.5318859]}},
{"type":"Feature","properties":{"fid":3507},"geometry":{"type":"Point","coordinates":[88.3276201,22.5317219]}},
{"type":"Feature","properties":{"fid":3508},"geometry":{"type":"Point","coordinates":[88.3318955,22.5294312]}},
{"type":"Feature","properties":{"fid":3509},"geometry":{"type":"Point","coordinates":[88.3317929,22.5292728]}},
{"type":"Feature","properties":{"fid":3510},"geometry":{"type":"Point","coordinates":[88.3316848,22.529465]}},
{"type":"Feature","properties":{"fid":3511},"geometry":{"type":"Point","coordinates":[88.331658,22.5292821]}},
{"type":"Feature","properties":{"fid":3512},"geometry":{"type":"Point","coordinates":[88.3379501,22.5241192]}},
{"type":"Feature","properties":{"fid":3513},"geometry":{"type":"Point","coordinates":[88.3385614,22.5244552]}},
{"type":"Feature","properties":{"fid":3514},"geometry":{"type":"Point","coordinates":[88.3384391,22.5244514]}},
{"type":"Feature","properties":{"fid":3515},"geometry":{"type":"Point","coordinates":[88.3379525,22.5241615]}},
{"type":"Feature","properties":{"fid":3516},"geometry":{"type":"Point","coordinates":[88.3379626,22.5243448]}},
{"type":"Feature","properties":{"fid":3517},"geometry":{"type":"Point","coordinates":[88.3384381,22.524325]}},
{"type":"Feature","properties":{"fid":3518},"geometry":{"type":"Point","coordinates":[88.3379575,22.5242521]}},
{"type":"Feature","properties":{"fid":3519},"geometry":{"type":"Point","coordinates":[88.3384372,22.5242251]}},
{"type":"Feature","properties":{"fid":3520},"geometry":{"type":"Point","coordinates":[88.3317819,22.5423628]}},
{"type":"Feature","properties":{"fid":3521},"geometry":{"type":"Point","coordinates":[88.3344316,22.5342187]}},
{"type":"Feature","properties":{"fid":3522},"geometry":{"type":"Point","coordinates":[88.3226615,22.5119694]}},
{"type":"Feature","properties":{"fid":3523},"geometry":{"type":"Point","coordinates":[88.340638,22.5470595]}}
]
}
